"participant_id","participant.code","participant.label","participant._is_bot","participant._index_in_pages","participant._max_page_index","participant._current_app_name","participant._current_page_name","participant.time_started_utc","final_payoff","treatment_assigned","selected_round","participant.stopped_at","session_code","questionnaire.1.player.id_in_group","questionnaire.1.player.payoff","questionnaire.1.player.q1_support","questionnaire.1.player.q1_pressure","questionnaire.1.player.q1_convincing","questionnaire.1.player.q1_too_extreme","questionnaire.1.player.q1_no_earnings_effect","questionnaire.1.player.q1_reciprocate","questionnaire.1.player.q1_autonomy","questionnaire.1.player.q1_motivation_other","questionnaire.1.player.q2_activism_choice","questionnaire.1.player.q3_personal_cost","questionnaire.1.player.q4_cost_to_others","questionnaire.1.player.q5_extremity","questionnaire.1.player.q6_legitimacy","questionnaire.1.player.q7_social_id","questionnaire.1.player.q8_compassion","questionnaire.1.player.q8_sympathy","questionnaire.1.player.q8_annoyance","questionnaire.1.group.id_in_subsession","questionnaire.1.subsession.round_number","pct_complete","session_num","seat_num","Age_Years","Nationality","Gender","Field_of_Study","Year_of_Study_Semester","Degree_Programme","Work_Experience","Highest_Education_Level","Employment","Monthly_Disposable_Income_EUR","Political_Orientation_0_10","General_Trust_0_10","Risk_Willingness_0_10","Charitable_Donations","app_round","id_in_group","effort_score","wage","contribution","actual_effort_time","player.chose_activism","round_payoff","player.seat_number","group_raw_id","num_activists","num_roadblockers","round_treatment","period","app_round_2","group_id","participant_seat","is_treatment_round","condition","activism_rate","chose_activism","relative_contribution","norm_wage","norm_payoff","added_wage","group_mean_contribution","group_total_contribution","group_size","others_contribution","total_wage","welfare","norm_welfare","welfare_fullcoop","n_activists","n_freeriders","efficiency","NegDev","PosDev","others_contribution_lag","NegDev_lag","PosDev_lag","NegDev_lag_full","PosDev_lag_full"
3,"0m90edei",27,0,142,143,"questionnaire","FinalPayoff","2026-06-09 13:35:27.016465",0,"roadblock",NA,NA,"tdmddbpq",3,0,0,0,0,0,0,0,1,NA,"Petition (0 cost to you)",2,3,2,3,2,3,3,3,1,1,77.9411764705882,2,27,22,"German","Man","WISO Business Information Systems","5-6","BSc","1-2 years","Secondary school","In education studying","500",6,7,4,"No",1,2,11,110,1,45,NA,125.4,27,3,NA,NA,"roadblock",1,1,"tdmddbpq_3","27_2",0,"control",NA,NA,0.909090909090909,2.44444444444444,2.78666666666667,15.4,10.25,41,4,13.3333333333333,440,464.6,10.3244444444444,704,0,1,65.9943181818182,9.25,0,NA,NA,NA,NA,NA
3,"0m90edei",27,0,142,143,"questionnaire","FinalPayoff","2026-06-09 13:35:27.016465",0,"roadblock",NA,NA,"tdmddbpq",3,0,0,0,0,0,0,0,1,NA,"Petition (0 cost to you)",2,3,2,3,2,3,3,3,1,1,77.9411764705882,2,27,22,"German","Man","WISO Business Information Systems","5-6","BSc","1-2 years","Secondary school","In education studying","500",6,7,4,"No",2,2,12,120,1,45,NA,136.2,NA,3,NA,NA,"roadblock",2,2,"tdmddbpq_3","27_2",0,"control",NA,NA,0.833333333333333,2.66666666666667,3.02666666666667,16.2,10.75,43,4,14,460,485.8,10.7955555555556,736,0,1,66.0054347826087,9.75,0,13.3333333333333,NA,NA,9.25,0
3,"0m90edei",27,0,142,143,"questionnaire","FinalPayoff","2026-06-09 13:35:27.016465",0,"roadblock",NA,NA,"tdmddbpq",3,0,0,0,0,0,0,0,1,NA,"Petition (0 cost to you)",2,3,2,3,2,3,3,3,1,1,77.9411764705882,2,27,22,"German","Man","WISO Business Information Systems","5-6","BSc","1-2 years","Secondary school","In education studying","500",6,7,4,"No",3,2,13,130,1,45,NA,147.8,NA,3,NA,NA,"roadblock",3,3,"tdmddbpq_3","27_2",0,"control",NA,NA,0.769230769230769,2.88888888888889,3.28444444444444,17.8,11.75,47,4,15.3333333333333,520,548.2,12.1822222222222,832,0,1,65.8894230769231,10.75,0,14,NA,NA,9.75,0
3,"0m90edei",27,0,142,143,"questionnaire","FinalPayoff","2026-06-09 13:35:27.016465",0,"roadblock",NA,NA,"tdmddbpq",3,0,0,0,0,0,0,0,1,NA,"Petition (0 cost to you)",2,3,2,3,2,3,3,3,1,1,77.9411764705882,2,27,22,"German","Man","WISO Business Information Systems","5-6","BSc","1-2 years","Secondary school","In education studying","500",6,7,4,"No",4,2,10,100,1,45,NA,112.6,NA,3,NA,NA,"roadblock",4,4,"tdmddbpq_3","27_2",0,"control",NA,NA,1,2.22222222222222,2.50222222222222,12.6,8.5,34,4,11,400,420.4,9.34222222222222,640,0,1,65.6875,7.5,0,15.3333333333333,NA,NA,10.75,0
3,"0m90edei",27,0,142,143,"questionnaire","FinalPayoff","2026-06-09 13:35:27.016465",0,"roadblock",NA,NA,"tdmddbpq",3,0,0,0,0,0,0,0,1,NA,"Petition (0 cost to you)",2,3,2,3,2,3,3,3,1,1,77.9411764705882,2,27,22,"German","Man","WISO Business Information Systems","5-6","BSc","1-2 years","Secondary school","In education studying","500",6,7,4,"No",5,2,12,120,1,45,NA,131.4,NA,3,NA,NA,"roadblock",5,5,"tdmddbpq_3","27_2",0,"control",NA,NA,0.833333333333333,2.66666666666667,2.92,11.4,7.75,31,4,10,430,448.6,9.96888888888889,688,0,2,65.203488372093,6.75,0,11,NA,NA,7.5,0
3,"0m90edei",27,0,142,143,"questionnaire","FinalPayoff","2026-06-09 13:35:27.016465",0,"roadblock",NA,NA,"tdmddbpq",3,0,0,0,0,0,0,0,1,NA,"Petition (0 cost to you)",2,3,2,3,2,3,3,3,1,1,77.9411764705882,2,27,22,"German","Man","WISO Business Information Systems","5-6","BSc","1-2 years","Secondary school","In education studying","500",6,7,4,"No",6,2,11,110,1,45,NA,122.2,NA,3,NA,NA,"roadblock",6,6,"tdmddbpq_3","27_2",0,"control",NA,NA,0.909090909090909,2.44444444444444,2.71555555555556,12.2,8.25,33,4,10.6666666666667,460,479.8,10.6622222222222,736,0,1,65.1902173913043,7.25,0,10,NA,NA,6.75,0
3,"0m90edei",27,0,142,143,"questionnaire","FinalPayoff","2026-06-09 13:35:27.016465",0,"roadblock",NA,NA,"tdmddbpq",3,0,0,0,0,0,0,0,1,NA,"Petition (0 cost to you)",2,3,2,3,2,3,3,3,1,1,77.9411764705882,2,27,22,"German","Man","WISO Business Information Systems","5-6","BSc","1-2 years","Secondary school","In education studying","500",6,7,4,"No",7,2,9,90,0,45,NA,106,NA,3,NA,NA,"roadblock",7,7,"tdmddbpq_3","27_2",0,"control",NA,NA,0,2,2.35555555555556,16,10,40,4,13.3333333333333,420,444,9.86666666666667,672,0,2,66.0714285714286,10,0,10.6666666666667,NA,NA,7.25,0
3,"0m90edei",27,0,142,143,"questionnaire","FinalPayoff","2026-06-09 13:35:27.016465",0,"roadblock",NA,NA,"tdmddbpq",3,0,0,0,0,0,0,0,1,NA,"Petition (0 cost to you)",2,3,2,3,2,3,3,3,1,1,77.9411764705882,2,27,22,"German","Man","WISO Business Information Systems","5-6","BSc","1-2 years","Secondary school","In education studying","500",6,7,4,"No",8,2,12,120,1,40,0,131.4,NA,3,2,2,"roadblock",8,1,"tdmddbpq_3","27_2",1,"roadblock",50,1,0.833333333333333,3,3.285,11.4,7.75,31,4,10,410,428.6,10.715,656,8,1,65.3353658536585,6.75,0,13.3333333333333,10,0,10,0
3,"0m90edei",27,0,142,143,"questionnaire","FinalPayoff","2026-06-09 13:35:27.016465",0,"roadblock",NA,NA,"tdmddbpq",3,0,0,0,0,0,0,0,1,NA,"Petition (0 cost to you)",2,3,2,3,2,3,3,3,1,1,77.9411764705882,2,27,22,"German","Man","WISO Business Information Systems","5-6","BSc","1-2 years","Secondary school","In education studying","500",6,7,4,"No",9,2,12,120,1,40,0,131,NA,3,2,2,"roadblock",9,2,"tdmddbpq_3","27_2",1,"roadblock",50,1,0.833333333333333,3,3.275,11,7.5,30,4,9.66666666666667,420,438,10.95,672,8,1,65.1785714285714,6.5,0,10,6.75,0,6.75,0
3,"0m90edei",27,0,142,143,"questionnaire","FinalPayoff","2026-06-09 13:35:27.016465",0,"roadblock",NA,NA,"tdmddbpq",3,0,0,0,0,0,0,0,1,NA,"Petition (0 cost to you)",2,3,2,3,2,3,3,3,1,1,77.9411764705882,2,27,22,"German","Man","WISO Business Information Systems","5-6","BSc","1-2 years","Secondary school","In education studying","500",6,7,4,"No",10,2,11,110,1,40,0,119.4,NA,3,1,1,"roadblock",10,3,"tdmddbpq_3","27_2",1,"roadblock",25,1,0.909090909090909,2.75,2.985,9.40000000000001,6.5,26,4,8.33333333333333,390,405.6,10.14,624,4,1,65,5.5,0,9.66666666666667,6.5,0,6.5,0
3,"0m90edei",27,0,142,143,"questionnaire","FinalPayoff","2026-06-09 13:35:27.016465",0,"roadblock",NA,NA,"tdmddbpq",3,0,0,0,0,0,0,0,1,NA,"Petition (0 cost to you)",2,3,2,3,2,3,3,3,1,1,77.9411764705882,2,27,22,"German","Man","WISO Business Information Systems","5-6","BSc","1-2 years","Secondary school","In education studying","500",6,7,4,"No",11,2,11,110,1,40,0,117.4,NA,3,1,1,"roadblock",11,4,"tdmddbpq_3","27_2",1,"roadblock",25,1,0.909090909090909,2.75,2.935,7.40000000000001,5.25,21,4,6.66666666666667,430,442.6,11.065,688,4,1,64.3313953488372,4.25,0,8.33333333333333,5.5,0,5.5,0
3,"0m90edei",27,0,142,143,"questionnaire","FinalPayoff","2026-06-09 13:35:27.016465",0,"roadblock",NA,NA,"tdmddbpq",3,0,0,0,0,0,0,0,1,NA,"Petition (0 cost to you)",2,3,2,3,2,3,3,3,1,1,77.9411764705882,2,27,22,"German","Man","WISO Business Information Systems","5-6","BSc","1-2 years","Secondary school","In education studying","500",6,7,4,"No",12,2,11,110,1,40,0,115.4,NA,3,1,1,"roadblock",12,5,"tdmddbpq_3","27_2",1,"roadblock",25,1,0.909090909090909,2.75,2.885,5.40000000000001,4,16,4,5,400,409.6,10.24,640,4,1,64,3,0,6.66666666666667,4.25,0,4.25,0
3,"0m90edei",27,0,142,143,"questionnaire","FinalPayoff","2026-06-09 13:35:27.016465",0,"roadblock",NA,NA,"tdmddbpq",3,0,0,0,0,0,0,0,1,NA,"Petition (0 cost to you)",2,3,2,3,2,3,3,3,1,1,77.9411764705882,2,27,22,"German","Man","WISO Business Information Systems","5-6","BSc","1-2 years","Secondary school","In education studying","500",6,7,4,"No",13,2,12,120,1,40,0,124.6,NA,3,2,2,"roadblock",13,6,"tdmddbpq_3","27_2",1,"roadblock",50,1,0.833333333333333,3,3.115,4.59999999999999,3.5,14,4,4.33333333333333,400,408.4,10.21,640,8,1,63.8125,2.5,0,5,3,0,3,0
3,"0m90edei",27,0,142,143,"questionnaire","FinalPayoff","2026-06-09 13:35:27.016465",0,"roadblock",NA,NA,"tdmddbpq",3,0,0,0,0,0,0,0,1,NA,"Petition (0 cost to you)",2,3,2,3,2,3,3,3,1,1,77.9411764705882,2,27,22,"German","Man","WISO Business Information Systems","5-6","BSc","1-2 years","Secondary school","In education studying","500",6,7,4,"No",14,2,11,110,1,40,0,115.4,NA,3,2,2,"roadblock",14,7,"tdmddbpq_3","27_2",1,"roadblock",50,1,0.909090909090909,2.75,2.885,5.40000000000001,4,16,4,5,430,439.6,10.99,688,8,1,63.8953488372093,3,0,4.33333333333333,2.5,0,2.5,0
16,"1os08k1l",16,0,78,143,"activism","WaitForResults","2026-06-09 08:45:00.970057",0,"petition",NA,NA,"ahosr93r",16,0,NA,NA,NA,NA,NA,NA,NA,NA,NA,NA,NA,NA,NA,NA,NA,NA,NA,1,1,48.8970588235294,1,16,25,"Bulgaria","Man","Logistic Management","1-2","MSc.","1-2","BSc.","In education","775",6,7,7,"Regularly",1,2,6,60,60,45,NA,56,16,1,NA,NA,"petition",1,1,"ahosr93r_1","16_1",0,"control",NA,NA,100,1.33333333333333,1.24444444444444,-4,35,140,4,26.6666666666667,250,334,7.42222222222222,400,0,0,83.5,0,25,NA,NA,NA,NA,NA
16,"1os08k1l",16,0,78,143,"activism","WaitForResults","2026-06-09 08:45:00.970057",0,"petition",NA,NA,"ahosr93r",16,0,NA,NA,NA,NA,NA,NA,NA,NA,NA,NA,NA,NA,NA,NA,NA,NA,NA,1,1,48.8970588235294,1,16,25,"Bulgaria","Man","Logistic Management","1-2","MSc.","1-2","BSc.","In education","775",6,7,7,"Regularly",2,2,11,110,110,45,NA,88,NA,1,NA,NA,"petition",2,2,"ahosr93r_1","16_1",0,"control",NA,NA,100,2.44444444444444,1.95555555555556,-22,55,220,4,36.6666666666667,400,532,11.8222222222222,640,0,0,83.125,0,55,26.6666666666667,NA,NA,0,25
16,"1os08k1l",16,0,78,143,"activism","WaitForResults","2026-06-09 08:45:00.970057",0,"petition",NA,NA,"ahosr93r",16,0,NA,NA,NA,NA,NA,NA,NA,NA,NA,NA,NA,NA,NA,NA,NA,NA,NA,1,1,48.8970588235294,1,16,25,"Bulgaria","Man","Logistic Management","1-2","MSc.","1-2","BSc.","In education","775",6,7,7,"Regularly",3,2,8,80,80,45,NA,76,NA,1,NA,NA,"petition",3,3,"ahosr93r_1","16_1",0,"control",NA,NA,100,1.77777777777778,1.68888888888889,-4,47.5,190,4,36.6666666666667,330,444,9.86666666666667,528,0,0,84.0909090909091,0,32.5,36.6666666666667,NA,NA,0,55
16,"1os08k1l",16,0,78,143,"activism","WaitForResults","2026-06-09 08:45:00.970057",0,"petition",NA,NA,"ahosr93r",16,0,NA,NA,NA,NA,NA,NA,NA,NA,NA,NA,NA,NA,NA,NA,NA,NA,NA,1,1,48.8970588235294,1,16,25,"Bulgaria","Man","Logistic Management","1-2","MSc.","1-2","BSc.","In education","775",6,7,7,"Regularly",4,2,11,110,110,45,NA,88,NA,1,NA,NA,"petition",4,4,"ahosr93r_1","16_1",0,"control",NA,NA,100,2.44444444444444,1.95555555555556,-22,55,220,4,36.6666666666667,420,552,12.2666666666667,672,0,0,82.1428571428571,0,55,36.6666666666667,NA,NA,0,32.5
16,"1os08k1l",16,0,78,143,"activism","WaitForResults","2026-06-09 08:45:00.970057",0,"petition",NA,NA,"ahosr93r",16,0,NA,NA,NA,NA,NA,NA,NA,NA,NA,NA,NA,NA,NA,NA,NA,NA,NA,1,1,48.8970588235294,1,16,25,"Bulgaria","Man","Logistic Management","1-2","MSc.","1-2","BSc.","In education","775",6,7,7,"Regularly",5,2,12,120,120,45,NA,96,NA,1,NA,NA,"petition",5,5,"ahosr93r_1","16_1",0,"control",NA,NA,100,2.66666666666667,2.13333333333333,-24,60,240,4,40,420,564,12.5333333333333,672,0,0,83.9285714285714,0,60,36.6666666666667,NA,NA,0,55
16,"1os08k1l",16,0,78,143,"activism","WaitForResults","2026-06-09 08:45:00.970057",0,"petition",NA,NA,"ahosr93r",16,0,NA,NA,NA,NA,NA,NA,NA,NA,NA,NA,NA,NA,NA,NA,NA,NA,NA,1,1,48.8970588235294,1,16,25,"Bulgaria","Man","Logistic Management","1-2","MSc.","1-2","BSc.","In education","775",6,7,7,"Regularly",6,2,12,120,120,45,NA,112,NA,1,NA,NA,"petition",6,6,"ahosr93r_1","16_1",0,"control",NA,NA,100,2.66666666666667,2.48888888888889,-8,70,280,4,53.3333333333333,450,618,13.7333333333333,720,0,0,85.8333333333333,0,50,40,NA,NA,0,60
16,"1os08k1l",16,0,78,143,"activism","WaitForResults","2026-06-09 08:45:00.970057",0,"petition",NA,NA,"ahosr93r",16,0,NA,NA,NA,NA,NA,NA,NA,NA,NA,NA,NA,NA,NA,NA,NA,NA,NA,1,1,48.8970588235294,1,16,25,"Bulgaria","Man","Logistic Management","1-2","MSc.","1-2","BSc.","In education","775",6,7,7,"Regularly",7,2,9,90,90,45,NA,98,NA,1,NA,NA,"petition",7,7,"ahosr93r_1","16_1",0,"control",NA,NA,100,2,2.17777777777778,8,61.25,245,4,51.6666666666667,430,577,12.8222222222222,688,0,0,83.8662790697674,0,28.75,53.3333333333333,NA,NA,0,50
15,"1pjntanf",21,0,143,143,"questionnaire","ThankYou","2026-06-09 13:35:28.410784",18.15,"petition",14,1781013452.30665,"tdmddbpq",15,0,1,0,1,0,1,1,0,"evidently cooperation would bring us the biggest profit and in the first rounds i wanted to establlish trust by my contributions","Petition (0 cost to you)",1,2,1,5,3,4,4,2,1,1,79.0441176470588,2,21,26,"Kazakhstan","Woman","Digital Economy","3-4","MSc","3-5 years","Bachelor's degree","In education studying","600",1,7,7,"Regularly",1,2,7,70,40,45,NA,86,21,4,NA,NA,"petition",1,1,"tdmddbpq_4","21_2",0,"control",NA,NA,57.1428571428571,1.55555555555556,1.91111111111111,16,35,140,4,33.3333333333333,300,384,8.53333333333333,480,0,0,80,0,5,NA,NA,NA,NA,NA
15,"1pjntanf",21,0,143,143,"questionnaire","ThankYou","2026-06-09 13:35:28.410784",18.15,"petition",14,1781013452.30665,"tdmddbpq",15,0,1,0,1,0,1,1,0,"evidently cooperation would bring us the biggest profit and in the first rounds i wanted to establlish trust by my contributions","Petition (0 cost to you)",1,2,1,5,3,4,4,2,1,1,79.0441176470588,2,21,26,"Kazakhstan","Woman","Digital Economy","3-4","MSc","3-5 years","Bachelor's degree","In education studying","600",1,7,7,"Regularly",2,2,8,80,50,45,NA,106,NA,4,NA,NA,"petition",2,2,"tdmddbpq_4","21_2",0,"control",NA,NA,62.5,1.77777777777778,2.35555555555556,26,47.5,190,4,46.6666666666667,360,474,10.5333333333333,576,0,0,82.2916666666667,0,2.5,33.3333333333333,NA,NA,0,5
15,"1pjntanf",21,0,143,143,"questionnaire","ThankYou","2026-06-09 13:35:28.410784",18.15,"petition",14,1781013452.30665,"tdmddbpq",15,0,1,0,1,0,1,1,0,"evidently cooperation would bring us the biggest profit and in the first rounds i wanted to establlish trust by my contributions","Petition (0 cost to you)",1,2,1,5,3,4,4,2,1,1,79.0441176470588,2,21,26,"Kazakhstan","Woman","Digital Economy","3-4","MSc","3-5 years","Bachelor's degree","In education studying","600",1,7,7,"Regularly",3,2,6,60,30,45,NA,78,NA,4,NA,NA,"petition",3,3,"tdmddbpq_4","21_2",0,"control",NA,NA,50,1.33333333333333,1.73333333333333,18,30,120,4,30,290,362,8.04444444444444,464,0,0,78.0172413793103,0,0,46.6666666666667,NA,NA,0,2.5
15,"1pjntanf",21,0,143,143,"questionnaire","ThankYou","2026-06-09 13:35:28.410784",18.15,"petition",14,1781013452.30665,"tdmddbpq",15,0,1,0,1,0,1,1,0,"evidently cooperation would bring us the biggest profit and in the first rounds i wanted to establlish trust by my contributions","Petition (0 cost to you)",1,2,1,5,3,4,4,2,1,1,79.0441176470588,2,21,26,"Kazakhstan","Woman","Digital Economy","3-4","MSc","3-5 years","Bachelor's degree","In education studying","600",1,7,7,"Regularly",4,2,9,90,50,45,NA,96,NA,4,NA,NA,"petition",4,4,"tdmddbpq_4","21_2",0,"control",NA,NA,55.5555555555556,2,2.13333333333333,6,35,140,4,30,350,434,9.64444444444444,560,0,0,77.5,0,15,30,NA,NA,0,0
15,"1pjntanf",21,0,143,143,"questionnaire","ThankYou","2026-06-09 13:35:28.410784",18.15,"petition",14,1781013452.30665,"tdmddbpq",15,0,1,0,1,0,1,1,0,"evidently cooperation would bring us the biggest profit and in the first rounds i wanted to establlish trust by my contributions","Petition (0 cost to you)",1,2,1,5,3,4,4,2,1,1,79.0441176470588,2,21,26,"Kazakhstan","Woman","Digital Economy","3-4","MSc","3-5 years","Bachelor's degree","In education studying","600",1,7,7,"Regularly",5,2,9,90,40,45,NA,104,NA,4,NA,NA,"petition",5,5,"tdmddbpq_4","21_2",0,"control",NA,NA,44.4444444444444,2,2.31111111111111,14,33.75,135,4,31.6666666666667,350,431,9.57777777777778,560,0,0,76.9642857142857,0,6.25,30,NA,NA,0,15
15,"1pjntanf",21,0,143,143,"questionnaire","ThankYou","2026-06-09 13:35:28.410784",18.15,"petition",14,1781013452.30665,"tdmddbpq",15,0,1,0,1,0,1,1,0,"evidently cooperation would bring us the biggest profit and in the first rounds i wanted to establlish trust by my contributions","Petition (0 cost to you)",1,2,1,5,3,4,4,2,1,1,79.0441176470588,2,21,26,"Kazakhstan","Woman","Digital Economy","3-4","MSc","3-5 years","Bachelor's degree","In education studying","600",1,7,7,"Regularly",6,2,8,80,20,45,NA,92,NA,4,NA,NA,"petition",6,6,"tdmddbpq_4","21_2",0,"control",NA,NA,25,1.77777777777778,2.04444444444444,12,20,80,4,20,310,358,7.95555555555556,496,0,1,72.1774193548387,0,0,31.6666666666667,NA,NA,0,6.25
15,"1pjntanf",21,0,143,143,"questionnaire","ThankYou","2026-06-09 13:35:28.410784",18.15,"petition",14,1781013452.30665,"tdmddbpq",15,0,1,0,1,0,1,1,0,"evidently cooperation would bring us the biggest profit and in the first rounds i wanted to establlish trust by my contributions","Petition (0 cost to you)",1,2,1,5,3,4,4,2,1,1,79.0441176470588,2,21,26,"Kazakhstan","Woman","Digital Economy","3-4","MSc","3-5 years","Bachelor's degree","In education studying","600",1,7,7,"Regularly",7,2,9,90,25,45,NA,99,NA,4,NA,NA,"petition",7,7,"tdmddbpq_4","21_2",0,"control",NA,NA,27.7777777777778,2,2.2,9,21.25,85,4,20,340,391,8.68888888888889,544,0,0,71.875,0,3.75,20,NA,NA,0,0
15,"1pjntanf",21,0,143,143,"questionnaire","ThankYou","2026-06-09 13:35:28.410784",18.15,"petition",14,1781013452.30665,"tdmddbpq",15,0,1,0,1,0,1,1,0,"evidently cooperation would bring us the biggest profit and in the first rounds i wanted to establlish trust by my contributions","Petition (0 cost to you)",1,2,1,5,3,4,4,2,1,1,79.0441176470588,2,21,26,"Kazakhstan","Woman","Digital Economy","3-4","MSc","3-5 years","Bachelor's degree","In education studying","600",1,7,7,"Regularly",8,2,10,100,25,45,1,129,NA,4,4,0,"petition",8,1,"tdmddbpq_4","21_2",1,"petition",100,1,25,2.22222222222222,2.86666666666667,29,33.75,135,4,36.6666666666667,370,451,10.0222222222222,592,16,0,76.1824324324324,8.75,0,20,0,3.75,0,3.75
15,"1pjntanf",21,0,143,143,"questionnaire","ThankYou","2026-06-09 13:35:28.410784",18.15,"petition",14,1781013452.30665,"tdmddbpq",15,0,1,0,1,0,1,1,0,"evidently cooperation would bring us the biggest profit and in the first rounds i wanted to establlish trust by my contributions","Petition (0 cost to you)",1,2,1,5,3,4,4,2,1,1,79.0441176470588,2,21,26,"Kazakhstan","Woman","Digital Economy","3-4","MSc","3-5 years","Bachelor's degree","In education studying","600",1,7,7,"Regularly",9,2,10,100,35,45,1,107,NA,4,4,0,"petition",9,2,"tdmddbpq_4","21_2",1,"petition",100,1,35,2.22222222222222,2.37777777777778,7,26.25,105,4,23.3333333333333,340,403,8.95555555555556,544,16,0,74.0808823529412,0,8.75,36.6666666666667,8.75,0,8.75,0
15,"1pjntanf",21,0,143,143,"questionnaire","ThankYou","2026-06-09 13:35:28.410784",18.15,"petition",14,1781013452.30665,"tdmddbpq",15,0,1,0,1,0,1,1,0,"evidently cooperation would bring us the biggest profit and in the first rounds i wanted to establlish trust by my contributions","Petition (0 cost to you)",1,2,1,5,3,4,4,2,1,1,79.0441176470588,2,21,26,"Kazakhstan","Woman","Digital Economy","3-4","MSc","3-5 years","Bachelor's degree","In education studying","600",1,7,7,"Regularly",10,2,9,90,25,45,1,97,NA,4,4,0,"petition",10,3,"tdmddbpq_4","21_2",1,"petition",100,1,27.7777777777778,2,2.15555555555556,7,20,80,4,18.3333333333333,350,398,8.84444444444444,560,16,0,71.0714285714286,0,5,23.3333333333333,0,8.75,0,8.75
15,"1pjntanf",21,0,143,143,"questionnaire","ThankYou","2026-06-09 13:35:28.410784",18.15,"petition",14,1781013452.30665,"tdmddbpq",15,0,1,0,1,0,1,1,0,"evidently cooperation would bring us the biggest profit and in the first rounds i wanted to establlish trust by my contributions","Petition (0 cost to you)",1,2,1,5,3,4,4,2,1,1,79.0441176470588,2,21,26,"Kazakhstan","Woman","Digital Economy","3-4","MSc","3-5 years","Bachelor's degree","In education studying","600",1,7,7,"Regularly",11,2,7,70,0,45,0,98,NA,4,3,0,"petition",11,4,"tdmddbpq_4","21_2",1,"petition",75,1,0,1.55555555555556,2.17777777777778,28,17.5,70,4,23.3333333333333,360,402,8.93333333333333,576,12,1,69.7916666666667,17.5,0,18.3333333333333,0,5,0,5
15,"1pjntanf",21,0,143,143,"questionnaire","ThankYou","2026-06-09 13:35:28.410784",18.15,"petition",14,1781013452.30665,"tdmddbpq",15,0,1,0,1,0,1,1,0,"evidently cooperation would bring us the biggest profit and in the first rounds i wanted to establlish trust by my contributions","Petition (0 cost to you)",1,2,1,5,3,4,4,2,1,1,79.0441176470588,2,21,26,"Kazakhstan","Woman","Digital Economy","3-4","MSc","3-5 years","Bachelor's degree","In education studying","600",1,7,7,"Regularly",12,2,6,60,20,45,1,66,NA,4,3,0,"petition",12,5,"tdmddbpq_4","21_2",1,"petition",75,1,33.3333333333333,1.33333333333333,1.46666666666667,6,16.25,65,4,15,350,389,8.64444444444444,560,12,0,69.4642857142857,0,3.75,23.3333333333333,17.5,0,17.5,0
15,"1pjntanf",21,0,143,143,"questionnaire","ThankYou","2026-06-09 13:35:28.410784",18.15,"petition",14,1781013452.30665,"tdmddbpq",15,0,1,0,1,0,1,1,0,"evidently cooperation would bring us the biggest profit and in the first rounds i wanted to establlish trust by my contributions","Petition (0 cost to you)",1,2,1,5,3,4,4,2,1,1,79.0441176470588,2,21,26,"Kazakhstan","Woman","Digital Economy","3-4","MSc","3-5 years","Bachelor's degree","In education studying","600",1,7,7,"Regularly",13,2,10,100,40,45,1,100,NA,4,4,0,"petition",13,6,"tdmddbpq_4","21_2",1,"petition",100,1,40,2.22222222222222,2.22222222222222,0,25,100,4,20,350,410,9.11111111111111,560,16,0,73.2142857142857,0,15,15,0,3.75,0,3.75
15,"1pjntanf",21,0,143,143,"questionnaire","ThankYou","2026-06-09 13:35:28.410784",18.15,"petition",14,1781013452.30665,"tdmddbpq",15,0,1,0,1,0,1,1,0,"evidently cooperation would bring us the biggest profit and in the first rounds i wanted to establlish trust by my contributions","Petition (0 cost to you)",1,2,1,5,3,4,4,2,1,1,79.0441176470588,2,21,26,"Kazakhstan","Woman","Digital Economy","3-4","MSc","3-5 years","Bachelor's degree","In education studying","600",1,7,7,"Regularly",14,2,11,110,35,45,1,121,NA,4,4,0,"petition",14,7,"tdmddbpq_4","21_2",1,"petition",100,1,31.8181818181818,2.44444444444444,2.68888888888889,11,28.75,115,4,26.6666666666667,390,459,10.2,624,16,0,73.5576923076923,0,6.25,20,0,15,0,15
25,"1yv42yer",28,0,143,143,"questionnaire","ThankYou","2026-06-09 08:45:03.554282",23.4,"petition",6,1780995815.60885,"ahosr93r",25,0,1,1,0,0,1,1,0,NA,"Petition (0 cost to you)",1,1,1,5,4,1,3,2,1,1,73.1617647058823,1,28,24,"Bulgarian","Woman","International Business Administration","3-4","BSc","3-5 years","Secondary School","Part-time","350-450",2,3,2,"Regularly",1,2,13,130,20,45,NA,142,28,4,NA,NA,"petition",1,1,"ahosr93r_4","28_1",0,"control",NA,NA,15.3846153846154,2.88888888888889,3.15555555555556,12,20,80,4,20,300,348,7.73333333333333,480,0,0,72.5,0,0,NA,NA,NA,NA,NA
25,"1yv42yer",28,0,143,143,"questionnaire","ThankYou","2026-06-09 08:45:03.554282",23.4,"petition",6,1780995815.60885,"ahosr93r",25,0,1,1,0,0,1,1,0,NA,"Petition (0 cost to you)",1,1,1,5,4,1,3,2,1,1,73.1617647058823,1,28,24,"Bulgarian","Woman","International Business Administration","3-4","BSc","3-5 years","Secondary School","Part-time","350-450",2,3,2,"Regularly",2,2,13,130,30,45,NA,152,NA,4,NA,NA,"petition",2,2,"ahosr93r_4","28_1",0,"control",NA,NA,23.0769230769231,2.88888888888889,3.37777777777778,22,32.5,130,4,33.3333333333333,380,458,10.1777777777778,608,0,0,75.328947368421,2.5,0,20,NA,NA,0,0
25,"1yv42yer",28,0,143,143,"questionnaire","ThankYou","2026-06-09 08:45:03.554282",23.4,"petition",6,1780995815.60885,"ahosr93r",25,0,1,1,0,0,1,1,0,NA,"Petition (0 cost to you)",1,1,1,5,4,1,3,2,1,1,73.1617647058823,1,28,24,"Bulgarian","Woman","International Business Administration","3-4","BSc","3-5 years","Secondary School","Part-time","350-450",2,3,2,"Regularly",3,2,12,120,40,45,NA,128,NA,4,NA,NA,"petition",3,3,"ahosr93r_4","28_1",0,"control",NA,NA,33.3333333333333,2.66666666666667,2.84444444444444,8,30,120,4,26.6666666666667,360,432,9.6,576,0,1,75,0,10,33.3333333333333,NA,NA,2.5,0
25,"1yv42yer",28,0,143,143,"questionnaire","ThankYou","2026-06-09 08:45:03.554282",23.4,"petition",6,1780995815.60885,"ahosr93r",25,0,1,1,0,0,1,1,0,NA,"Petition (0 cost to you)",1,1,1,5,4,1,3,2,1,1,73.1617647058823,1,28,24,"Bulgarian","Woman","International Business Administration","3-4","BSc","3-5 years","Secondary School","Part-time","350-450",2,3,2,"Regularly",4,2,12,120,30,45,NA,152,NA,4,NA,NA,"petition",4,4,"ahosr93r_4","28_1",0,"control",NA,NA,25,2.66666666666667,3.37777777777778,32,38.75,155,4,41.6666666666667,370,463,10.2888888888889,592,0,0,78.2094594594595,8.75,0,26.6666666666667,NA,NA,0,10
25,"1yv42yer",28,0,143,143,"questionnaire","ThankYou","2026-06-09 08:45:03.554282",23.4,"petition",6,1780995815.60885,"ahosr93r",25,0,1,1,0,0,1,1,0,NA,"Petition (0 cost to you)",1,1,1,5,4,1,3,2,1,1,73.1617647058823,1,28,24,"Bulgarian","Woman","International Business Administration","3-4","BSc","3-5 years","Secondary School","Part-time","350-450",2,3,2,"Regularly",5,2,14,140,30,45,NA,156,NA,4,NA,NA,"petition",5,5,"ahosr93r_4","28_1",0,"control",NA,NA,21.4285714285714,3.11111111111111,3.46666666666667,16,28.75,115,4,28.3333333333333,390,459,10.2,624,0,0,73.5576923076923,0,1.25,41.6666666666667,NA,NA,8.75,0
25,"1yv42yer",28,0,143,143,"questionnaire","ThankYou","2026-06-09 08:45:03.554282",23.4,"petition",6,1780995815.60885,"ahosr93r",25,0,1,1,0,0,1,1,0,NA,"Petition (0 cost to you)",1,1,1,5,4,1,3,2,1,1,73.1617647058823,1,28,24,"Bulgarian","Woman","International Business Administration","3-4","BSc","3-5 years","Secondary School","Part-time","350-450",2,3,2,"Regularly",6,2,14,140,30,45,NA,156,NA,4,NA,NA,"petition",6,6,"ahosr93r_4","28_1",0,"control",NA,NA,21.4285714285714,3.11111111111111,3.46666666666667,16,28.75,115,4,28.3333333333333,440,509,11.3111111111111,704,0,1,72.3011363636364,0,1.25,28.3333333333333,NA,NA,0,1.25
25,"1yv42yer",28,0,143,143,"questionnaire","ThankYou","2026-06-09 08:45:03.554282",23.4,"petition",6,1780995815.60885,"ahosr93r",25,0,1,1,0,0,1,1,0,NA,"Petition (0 cost to you)",1,1,1,5,4,1,3,2,1,1,73.1617647058823,1,28,24,"Bulgarian","Woman","International Business Administration","3-4","BSc","3-5 years","Secondary School","Part-time","350-450",2,3,2,"Regularly",7,2,13,130,30,45,NA,128.8,NA,4,NA,NA,"petition",7,7,"ahosr93r_4","28_1",0,"control",NA,NA,23.0769230769231,2.88888888888889,2.86222222222222,-1.19999999999999,18,72,4,14,390,433.2,9.62666666666667,624,0,1,69.4230769230769,0,12,28.3333333333333,NA,NA,0,1.25
25,"1yv42yer",28,0,143,143,"questionnaire","ThankYou","2026-06-09 08:45:03.554282",23.4,"petition",6,1780995815.60885,"ahosr93r",25,0,1,1,0,0,1,1,0,NA,"Petition (0 cost to you)",1,1,1,5,4,1,3,2,1,1,73.1617647058823,1,28,24,"Bulgarian","Woman","International Business Administration","3-4","BSc","3-5 years","Secondary School","Part-time","350-450",2,3,2,"Regularly",8,2,12,120,40,45,1,160,NA,4,4,NA,"petition",8,1,"ahosr93r_4","28_1",1,"petition",100,1,33.3333333333333,2.66666666666667,3.55555555555556,40,50,200,4,53.3333333333333,350,470,10.4444444444444,560,16,0,83.9285714285714,10,0,14,0,12,0,12
25,"1yv42yer",28,0,143,143,"questionnaire","ThankYou","2026-06-09 08:45:03.554282",23.4,"petition",6,1780995815.60885,"ahosr93r",25,0,1,1,0,0,1,1,0,NA,"Petition (0 cost to you)",1,1,1,5,4,1,3,2,1,1,73.1617647058823,1,28,24,"Bulgarian","Woman","International Business Administration","3-4","BSc","3-5 years","Secondary School","Part-time","350-450",2,3,2,"Regularly",9,2,12,120,50,45,1,138,NA,4,4,0,"petition",9,2,"ahosr93r_4","28_1",1,"petition",100,1,41.6666666666667,2.66666666666667,3.06666666666667,18,42.5,170,4,40,360,462,10.2666666666667,576,16,0,80.2083333333333,0,7.5,53.3333333333333,10,0,10,0
25,"1yv42yer",28,0,143,143,"questionnaire","ThankYou","2026-06-09 08:45:03.554282",23.4,"petition",6,1780995815.60885,"ahosr93r",25,0,1,1,0,0,1,1,0,NA,"Petition (0 cost to you)",1,1,1,5,4,1,3,2,1,1,73.1617647058823,1,28,24,"Bulgarian","Woman","International Business Administration","3-4","BSc","3-5 years","Secondary School","Part-time","350-450",2,3,2,"Regularly",10,2,15,150,40,45,1,166,NA,4,3,0,"petition",10,3,"ahosr93r_4","28_1",1,"petition",75,1,26.6666666666667,3.33333333333333,3.68888888888889,16,35,140,4,33.3333333333333,440,524,11.6444444444444,704,12,0,74.4318181818182,0,5,40,0,7.5,0,7.5
25,"1yv42yer",28,0,143,143,"questionnaire","ThankYou","2026-06-09 08:45:03.554282",23.4,"petition",6,1780995815.60885,"ahosr93r",25,0,1,1,0,0,1,1,0,NA,"Petition (0 cost to you)",1,1,1,5,4,1,3,2,1,1,73.1617647058823,1,28,24,"Bulgarian","Woman","International Business Administration","3-4","BSc","3-5 years","Secondary School","Part-time","350-450",2,3,2,"Regularly",11,2,15,150,50,45,1,140,NA,4,2,0,"petition",11,4,"ahosr93r_4","28_1",1,"petition",50,1,33.3333333333333,3.33333333333333,3.11111111111111,-10,25,100,4,16.6666666666667,430,490,10.8888888888889,688,8,1,71.2209302325581,0,25,33.3333333333333,0,5,0,5
25,"1yv42yer",28,0,143,143,"questionnaire","ThankYou","2026-06-09 08:45:03.554282",23.4,"petition",6,1780995815.60885,"ahosr93r",25,0,1,1,0,0,1,1,0,NA,"Petition (0 cost to you)",1,1,1,5,4,1,3,2,1,1,73.1617647058823,1,28,24,"Bulgarian","Woman","International Business Administration","3-4","BSc","3-5 years","Secondary School","Part-time","350-450",2,3,2,"Regularly",12,2,12,120,30,45,1,138,NA,4,4,0,"petition",12,5,"ahosr93r_4","28_1",1,"petition",100,1,25,2.66666666666667,3.06666666666667,18,30,120,4,30,380,452,10.0444444444444,608,16,0,74.3421052631579,0,0,16.6666666666667,0,25,0,25
25,"1yv42yer",28,0,143,143,"questionnaire","ThankYou","2026-06-09 08:45:03.554282",23.4,"petition",6,1780995815.60885,"ahosr93r",25,0,1,1,0,0,1,1,0,NA,"Petition (0 cost to you)",1,1,1,5,4,1,3,2,1,1,73.1617647058823,1,28,24,"Bulgarian","Woman","International Business Administration","3-4","BSc","3-5 years","Secondary School","Part-time","350-450",2,3,2,"Regularly",13,2,13,130,30,45,1,120,NA,4,1,0,"petition",13,6,"ahosr93r_4","28_1",1,"petition",25,1,23.0769230769231,2.88888888888889,2.66666666666667,-10,12.5,50,4,6.66666666666667,440,470,10.4444444444444,704,4,2,66.7613636363636,0,17.5,30,0,0,0,0
25,"1yv42yer",28,0,143,143,"questionnaire","ThankYou","2026-06-09 08:45:03.554282",23.4,"petition",6,1780995815.60885,"ahosr93r",25,0,1,1,0,0,1,1,0,NA,"Petition (0 cost to you)",1,1,1,5,4,1,3,2,1,1,73.1617647058823,1,28,24,"Bulgarian","Woman","International Business Administration","3-4","BSc","3-5 years","Secondary School","Part-time","350-450",2,3,2,"Regularly",14,2,14,140,30,45,1,146,NA,4,4,0,"petition",14,7,"ahosr93r_4","28_1",1,"petition",100,1,21.4285714285714,3.11111111111111,3.24444444444444,6,22.5,90,4,20,450,504,11.2,720,16,1,70,0,7.5,6.66666666666667,0,17.5,0,17.5
7,"2a57mkrx",9,0,143,143,"questionnaire","ThankYou","2026-06-09 08:44:59.959539",14.1,"demonstration",2,1780995875.40039,"ahosr93r",7,0,0,0,0,1,0,0,0,"Not being an activist and still sharing would have been the most effecient option for everybody involved","Petition (0 cost to you)",4,2,2,2,2,3,3,3,1,1,73.8970588235294,1,9,19,"Austria","Man",NA,"1-2","BSc.","1-2","Secondary School","In education","600",NA,NA,NA,NA,1,3,6,60,60,45,NA,28.8,9,5,NA,NA,"demonstration",1,1,"ahosr93r_5","9_1",0,"control",NA,NA,100,1.33333333333333,0.64,-31.2,18,72,4,4,260,303.2,6.73777777777778,416,0,1,72.8846153846154,0,42,NA,NA,NA,NA,NA
7,"2a57mkrx",9,0,143,143,"questionnaire","ThankYou","2026-06-09 08:44:59.959539",14.1,"demonstration",2,1780995875.40039,"ahosr93r",7,0,0,0,0,1,0,0,0,"Not being an activist and still sharing would have been the most effecient option for everybody involved","Petition (0 cost to you)",4,2,2,2,2,3,3,3,1,1,73.8970588235294,1,9,19,"Austria","Man",NA,"1-2","BSc.","1-2","Secondary School","In education","600",NA,NA,NA,NA,2,3,10,100,60,45,NA,94,NA,5,NA,NA,"demonstration",2,2,"ahosr93r_5","9_1",0,"control",NA,NA,60,2.22222222222222,2.08888888888889,-6,33.75,135,4,25,420,501,11.1333333333333,672,0,1,74.5535714285714,0,26.25,4,NA,NA,0,42
7,"2a57mkrx",9,0,143,143,"questionnaire","ThankYou","2026-06-09 08:44:59.959539",14.1,"demonstration",2,1780995875.40039,"ahosr93r",7,0,0,0,0,1,0,0,0,"Not being an activist and still sharing would have been the most effecient option for everybody involved","Petition (0 cost to you)",4,2,2,2,2,3,3,3,1,1,73.8970588235294,1,9,19,"Austria","Man",NA,"1-2","BSc.","1-2","Secondary School","In education","600",NA,NA,NA,NA,3,3,7,70,70,45,NA,88,NA,5,NA,NA,"demonstration",3,3,"ahosr93r_5","9_1",0,"control",NA,NA,100,1.55555555555556,1.95555555555556,18,55,220,4,50,410,542,12.0444444444444,656,0,0,82.6219512195122,0,15,25,NA,NA,0,26.25
7,"2a57mkrx",9,0,143,143,"questionnaire","ThankYou","2026-06-09 08:44:59.959539",14.1,"demonstration",2,1780995875.40039,"ahosr93r",7,0,0,0,0,1,0,0,0,"Not being an activist and still sharing would have been the most effecient option for everybody involved","Petition (0 cost to you)",4,2,2,2,2,3,3,3,1,1,73.8970588235294,1,9,19,"Austria","Man",NA,"1-2","BSc.","1-2","Secondary School","In education","600",NA,NA,NA,NA,4,3,9,90,90,45,NA,85.6,NA,5,NA,NA,"demonstration",4,4,"ahosr93r_5","9_1",0,"control",NA,NA,100,2,1.90222222222222,-4.40000000000001,53.5,214,4,41.3333333333333,420,548.4,12.1866666666667,672,0,0,81.6071428571429,0,36.5,50,NA,NA,0,15
7,"2a57mkrx",9,0,143,143,"questionnaire","ThankYou","2026-06-09 08:44:59.959539",14.1,"demonstration",2,1780995875.40039,"ahosr93r",7,0,0,0,0,1,0,0,0,"Not being an activist and still sharing would have been the most effecient option for everybody involved","Petition (0 cost to you)",4,2,2,2,2,3,3,3,1,1,73.8970588235294,1,9,19,"Austria","Man",NA,"1-2","BSc.","1-2","Secondary School","In education","600",NA,NA,NA,NA,5,3,10,100,60,45,NA,100,NA,5,NA,NA,"demonstration",5,5,"ahosr93r_5","9_1",0,"control",NA,NA,60,2.22222222222222,2.22222222222222,0,37.5,150,4,30,430,520,11.5555555555556,688,0,0,75.5813953488372,0,22.5,41.3333333333333,NA,NA,0,36.5
7,"2a57mkrx",9,0,143,143,"questionnaire","ThankYou","2026-06-09 08:44:59.959539",14.1,"demonstration",2,1780995875.40039,"ahosr93r",7,0,0,0,0,1,0,0,0,"Not being an activist and still sharing would have been the most effecient option for everybody involved","Petition (0 cost to you)",4,2,2,2,2,3,3,3,1,1,73.8970588235294,1,9,19,"Austria","Man",NA,"1-2","BSc.","1-2","Secondary School","In education","600",NA,NA,NA,NA,6,3,10,100,60,45,NA,136,NA,5,NA,NA,"demonstration",6,6,"ahosr93r_5","9_1",0,"control",NA,NA,60,2.22222222222222,3.02222222222222,36,60,240,4,60,520,664,14.7555555555556,832,0,0,79.8076923076923,0,0,30,NA,NA,0,22.5
7,"2a57mkrx",9,0,143,143,"questionnaire","ThankYou","2026-06-09 08:44:59.959539",14.1,"demonstration",2,1780995875.40039,"ahosr93r",7,0,0,0,0,1,0,0,0,"Not being an activist and still sharing would have been the most effecient option for everybody involved","Petition (0 cost to you)",4,2,2,2,2,3,3,3,1,1,73.8970588235294,1,9,19,"Austria","Man",NA,"1-2","BSc.","1-2","Secondary School","In education","600",NA,NA,NA,NA,7,3,11,110,70,45,NA,104,NA,5,NA,NA,"demonstration",7,7,"ahosr93r_5","9_1",0,"control",NA,NA,63.6363636363636,2.44444444444444,2.31111111111111,-6,40,160,4,30,460,556,12.3555555555556,736,0,1,75.5434782608696,0,30,60,NA,NA,0,0
7,"2a57mkrx",9,0,143,143,"questionnaire","ThankYou","2026-06-09 08:44:59.959539",14.1,"demonstration",2,1780995875.40039,"ahosr93r",7,0,0,0,0,1,0,0,0,"Not being an activist and still sharing would have been the most effecient option for everybody involved","Petition (0 cost to you)",4,2,2,2,2,3,3,3,1,1,73.8970588235294,1,9,19,"Austria","Man",NA,"1-2","BSc.","1-2","Secondary School","In education","600",NA,NA,NA,NA,8,3,9,90,0,35,1,124,NA,5,1,0,"demonstration",8,1,"ahosr93r_5","9_1",1,"demonstration",25,1,0,2.57142857142857,3.54285714285714,34,21.25,85,4,28.3333333333333,430,481,13.7428571428571,688,4,1,69.9127906976744,21.25,0,30,0,30,0,30
7,"2a57mkrx",9,0,143,143,"questionnaire","ThankYou","2026-06-09 08:44:59.959539",14.1,"demonstration",2,1780995875.40039,"ahosr93r",7,0,0,0,0,1,0,0,0,"Not being an activist and still sharing would have been the most effecient option for everybody involved","Petition (0 cost to you)",4,2,2,2,2,3,3,3,1,1,73.8970588235294,1,9,19,"Austria","Man",NA,"1-2","BSc.","1-2","Secondary School","In education","600",NA,NA,NA,NA,9,3,11,110,70,45,0,104,NA,5,1,0,"demonstration",9,2,"ahosr93r_5","9_1",1,"demonstration",25,1,63.6363636363636,2.44444444444444,2.31111111111111,-6,40,160,4,30,390,486,10.8,624,4,0,77.8846153846154,0,30,28.3333333333333,21.25,0,21.25,0
7,"2a57mkrx",9,0,143,143,"questionnaire","ThankYou","2026-06-09 08:44:59.959539",14.1,"demonstration",2,1780995875.40039,"ahosr93r",7,0,0,0,0,1,0,0,0,"Not being an activist and still sharing would have been the most effecient option for everybody involved","Petition (0 cost to you)",4,2,2,2,2,3,3,3,1,1,73.8970588235294,1,9,19,"Austria","Man",NA,"1-2","BSc.","1-2","Secondary School","In education","600",NA,NA,NA,NA,10,3,12,120,60,45,0,94,NA,5,0,0,"demonstration",10,3,"ahosr93r_5","9_1",1,"demonstration",0,0,50,2.66666666666667,2.08888888888889,-26,21.25,85,4,8.33333333333333,520,571,12.6888888888889,832,0,2,68.6298076923077,0,38.75,30,0,30,0,30
7,"2a57mkrx",9,0,143,143,"questionnaire","ThankYou","2026-06-09 08:44:59.959539",14.1,"demonstration",2,1780995875.40039,"ahosr93r",7,0,0,0,0,1,0,0,0,"Not being an activist and still sharing would have been the most effecient option for everybody involved","Petition (0 cost to you)",4,2,2,2,2,3,3,3,1,1,73.8970588235294,1,9,19,"Austria","Man",NA,"1-2","BSc.","1-2","Secondary School","In education","600",NA,NA,NA,NA,11,3,12,120,0,45,0,131.2,NA,5,0,0,"demonstration",11,4,"ahosr93r_5","9_1",1,"demonstration",0,0,0,2.66666666666667,2.91555555555556,11.2,7,28,4,9.33333333333333,470,486.8,10.8177777777778,752,0,3,64.7340425531915,7,0,8.33333333333333,0,38.75,0,38.75
7,"2a57mkrx",9,0,143,143,"questionnaire","ThankYou","2026-06-09 08:44:59.959539",14.1,"demonstration",2,1780995875.40039,"ahosr93r",7,0,0,0,0,1,0,0,0,"Not being an activist and still sharing would have been the most effecient option for everybody involved","Petition (0 cost to you)",4,2,2,2,2,3,3,3,1,1,73.8970588235294,1,9,19,"Austria","Man",NA,"1-2","BSc.","1-2","Secondary School","In education","600",NA,NA,NA,NA,12,3,9,90,0,45,0,98,NA,5,0,0,"demonstration",12,5,"ahosr93r_5","9_1",1,"demonstration",0,0,0,2,2.17777777777778,8,5,20,4,6.66666666666667,420,432,9.6,672,0,3,64.2857142857143,5,0,9.33333333333333,7,0,7,0
7,"2a57mkrx",9,0,143,143,"questionnaire","ThankYou","2026-06-09 08:44:59.959539",14.1,"demonstration",2,1780995875.40039,"ahosr93r",7,0,0,0,0,1,0,0,0,"Not being an activist and still sharing would have been the most effecient option for everybody involved","Petition (0 cost to you)",4,2,2,2,2,3,3,3,1,1,73.8970588235294,1,9,19,"Austria","Man",NA,"1-2","BSc.","1-2","Secondary School","In education","600",NA,NA,NA,NA,13,3,12,120,0,45,0,124,NA,5,0,0,"demonstration",13,6,"ahosr93r_5","9_1",1,"demonstration",0,0,0,2.66666666666667,2.75555555555556,4,2.5,10,4,3.33333333333333,510,516,11.4666666666667,816,0,3,63.2352941176471,2.5,0,6.66666666666667,5,0,5,0
7,"2a57mkrx",9,0,143,143,"questionnaire","ThankYou","2026-06-09 08:44:59.959539",14.1,"demonstration",2,1780995875.40039,"ahosr93r",7,0,0,0,0,1,0,0,0,"Not being an activist and still sharing would have been the most effecient option for everybody involved","Petition (0 cost to you)",4,2,2,2,2,3,3,3,1,1,73.8970588235294,1,9,19,"Austria","Man",NA,"1-2","BSc.","1-2","Secondary School","In education","600",NA,NA,NA,NA,14,3,12,120,0,45,0,122,NA,5,0,0,"demonstration",14,7,"ahosr93r_5","9_1",1,"demonstration",0,0,0,2.66666666666667,2.71111111111111,2,1.25,5,4,1.66666666666667,490,493,10.9555555555556,784,0,3,62.8826530612245,1.25,0,3.33333333333333,2.5,0,2.5,0
24,"5axkw4ic",12,0,78,143,"activism","WaitForResults","2026-06-09 13:35:30.935436",0,"roadblock",NA,NA,"tdmddbpq",24,0,NA,NA,NA,NA,NA,NA,NA,NA,NA,NA,NA,NA,NA,NA,NA,NA,NA,1,1,51.4705882352941,2,12,19,"German","Woman","WISO","1-2","BSc","<1 year","Secondary school","Part-time; in education/studying","500",6,4,3,"Once",1,4,13,130,20,45,NA,176,12,6,NA,NA,"roadblock",1,1,"tdmddbpq_6","12_2",0,"control",NA,NA,15.3846153846154,2.88888888888889,3.91111111111111,46,41.25,165,4,48.3333333333333,370,469,10.4222222222222,592,0,0,79.222972972973,21.25,0,NA,NA,NA,NA,NA
24,"5axkw4ic",12,0,78,143,"activism","WaitForResults","2026-06-09 13:35:30.935436",0,"roadblock",NA,NA,"tdmddbpq",24,0,NA,NA,NA,NA,NA,NA,NA,NA,NA,NA,NA,NA,NA,NA,NA,NA,NA,1,1,51.4705882352941,2,12,19,"German","Woman","WISO","1-2","BSc","<1 year","Secondary school","Part-time; in education/studying","500",6,4,3,"Once",2,4,14,140,20,45,NA,216,NA,6,NA,NA,"roadblock",2,2,"tdmddbpq_6","12_2",0,"control",NA,NA,14.2857142857143,3.11111111111111,4.8,76,60,240,4,73.3333333333333,420,564,12.5333333333333,672,0,1,83.9285714285714,40,0,48.3333333333333,NA,NA,21.25,0
24,"5axkw4ic",12,0,78,143,"activism","WaitForResults","2026-06-09 13:35:30.935436",0,"roadblock",NA,NA,"tdmddbpq",24,0,NA,NA,NA,NA,NA,NA,NA,NA,NA,NA,NA,NA,NA,NA,NA,NA,NA,1,1,51.4705882352941,2,12,19,"German","Woman","WISO","1-2","BSc","<1 year","Secondary school","Part-time; in education/studying","500",6,4,3,"Once",3,4,13,130,10,45,NA,214.4,NA,6,NA,NA,"roadblock",3,3,"tdmddbpq_6","12_2",0,"control",NA,NA,7.69230769230769,2.88888888888889,4.76444444444444,84.4,59,236,4,75.3333333333333,410,551.6,12.2577777777778,656,0,0,84.0853658536585,49,0,73.3333333333333,NA,NA,40,0
24,"5axkw4ic",12,0,78,143,"activism","WaitForResults","2026-06-09 13:35:30.935436",0,"roadblock",NA,NA,"tdmddbpq",24,0,NA,NA,NA,NA,NA,NA,NA,NA,NA,NA,NA,NA,NA,NA,NA,NA,NA,1,1,51.4705882352941,2,12,19,"German","Woman","WISO","1-2","BSc","<1 year","Secondary school","Part-time; in education/studying","500",6,4,3,"Once",4,4,13,130,10,45,NA,214,NA,6,NA,NA,"roadblock",4,4,"tdmddbpq_6","12_2",0,"control",NA,NA,7.69230769230769,2.88888888888889,4.75555555555556,84,58.75,235,4,75,440,581,12.9111111111111,704,0,0,82.5284090909091,48.75,0,75.3333333333333,NA,NA,49,0
24,"5axkw4ic",12,0,78,143,"activism","WaitForResults","2026-06-09 13:35:30.935436",0,"roadblock",NA,NA,"tdmddbpq",24,0,NA,NA,NA,NA,NA,NA,NA,NA,NA,NA,NA,NA,NA,NA,NA,NA,NA,1,1,51.4705882352941,2,12,19,"German","Woman","WISO","1-2","BSc","<1 year","Secondary school","Part-time; in education/studying","500",6,4,3,"Once",5,4,11,110,0,45,NA,175.2,NA,6,NA,NA,"roadblock",5,5,"tdmddbpq_6","12_2",0,"control",NA,NA,0,2.44444444444444,3.89333333333333,65.2,40.75,163,4,54.3333333333333,410,507.8,11.2844444444444,656,0,1,77.4085365853659,40.75,0,75,NA,NA,48.75,0
24,"5axkw4ic",12,0,78,143,"activism","WaitForResults","2026-06-09 13:35:30.935436",0,"roadblock",NA,NA,"tdmddbpq",24,0,NA,NA,NA,NA,NA,NA,NA,NA,NA,NA,NA,NA,NA,NA,NA,NA,NA,1,1,51.4705882352941,2,12,19,"German","Woman","WISO","1-2","BSc","<1 year","Secondary school","Part-time; in education/studying","500",6,4,3,"Once",6,4,13,130,10,45,NA,198,NA,6,NA,NA,"roadblock",6,6,"tdmddbpq_6","12_2",0,"control",NA,NA,7.69230769230769,2.88888888888889,4.4,68,48.75,195,4,61.6666666666667,380,497,11.0444444444444,608,0,0,81.7434210526316,38.75,0,54.3333333333333,NA,NA,40.75,0
24,"5axkw4ic",12,0,78,143,"activism","WaitForResults","2026-06-09 13:35:30.935436",0,"roadblock",NA,NA,"tdmddbpq",24,0,NA,NA,NA,NA,NA,NA,NA,NA,NA,NA,NA,NA,NA,NA,NA,NA,NA,1,1,51.4705882352941,2,12,19,"German","Woman","WISO","1-2","BSc","<1 year","Secondary school","Part-time; in education/studying","500",6,4,3,"Once",7,4,13,130,10,45,NA,152,NA,6,NA,NA,"roadblock",7,7,"tdmddbpq_6","12_2",0,"control",NA,NA,7.69230769230769,2.88888888888889,3.37777777777778,22,20,80,4,23.3333333333333,430,478,10.6222222222222,688,0,2,69.4767441860465,10,0,61.6666666666667,NA,NA,38.75,0
18,"5f0bpqo8",1,0,143,143,"questionnaire","ThankYou","2026-06-09 13:35:28.738355",30,"petition",12,1781013439.61136,"tdmddbpq",18,0,0,0,1,0,0,0,0,NA,"None of the above",2,3,4,4,3,3,3,3,1,1,78.6764705882353,2,1,22,"Japanese","Man","BBA","7-8","BSc","None","Secondary school","Part-time; in education/studying","5000",5,7,6,"Once",1,2,11,110,0,45,NA,158,1,7,NA,NA,"petition",1,1,"tdmddbpq_7","1_2",0,"control",NA,NA,0,2.44444444444444,3.51111111111111,48,30,120,4,40,470,542,12.0444444444444,752,0,1,72.0744680851064,30,0,NA,NA,NA,NA,NA
18,"5f0bpqo8",1,0,143,143,"questionnaire","ThankYou","2026-06-09 13:35:28.738355",30,"petition",12,1781013439.61136,"tdmddbpq",18,0,0,0,1,0,0,0,0,NA,"None of the above",2,3,4,4,3,3,3,3,1,1,78.6764705882353,2,1,22,"Japanese","Man","BBA","7-8","BSc","None","Secondary school","Part-time; in education/studying","5000",5,7,6,"Once",2,2,13,130,0,45,NA,170,NA,7,NA,NA,"petition",2,2,"tdmddbpq_7","1_2",0,"control",NA,NA,0,2.88888888888889,3.77777777777778,40,25,100,4,33.3333333333333,530,590,13.1111111111111,848,0,1,69.5754716981132,25,0,40,NA,NA,30,0
18,"5f0bpqo8",1,0,143,143,"questionnaire","ThankYou","2026-06-09 13:35:28.738355",30,"petition",12,1781013439.61136,"tdmddbpq",18,0,0,0,1,0,0,0,0,NA,"None of the above",2,3,4,4,3,3,3,3,1,1,78.6764705882353,2,1,22,"Japanese","Man","BBA","7-8","BSc","None","Secondary school","Part-time; in education/studying","5000",5,7,6,"Once",3,2,13,130,30,45,NA,140,NA,7,NA,NA,"petition",3,3,"tdmddbpq_7","1_2",0,"control",NA,NA,23.0769230769231,2.88888888888889,3.11111111111111,10,25,100,4,23.3333333333333,520,580,12.8888888888889,832,0,1,69.7115384615385,0,5,33.3333333333333,NA,NA,25,0
18,"5f0bpqo8",1,0,143,143,"questionnaire","ThankYou","2026-06-09 13:35:28.738355",30,"petition",12,1781013439.61136,"tdmddbpq",18,0,0,0,1,0,0,0,0,NA,"None of the above",2,3,4,4,3,3,3,3,1,1,78.6764705882353,2,1,22,"Japanese","Man","BBA","7-8","BSc","None","Secondary school","Part-time; in education/studying","5000",5,7,6,"Once",4,2,11,110,10,45,NA,156,NA,7,NA,NA,"petition",4,4,"tdmddbpq_7","1_2",0,"control",NA,NA,9.09090909090909,2.44444444444444,3.46666666666667,46,35,140,4,43.3333333333333,450,534,11.8666666666667,720,0,1,74.1666666666667,25,0,23.3333333333333,NA,NA,0,5
18,"5f0bpqo8",1,0,143,143,"questionnaire","ThankYou","2026-06-09 13:35:28.738355",30,"petition",12,1781013439.61136,"tdmddbpq",18,0,0,0,1,0,0,0,0,NA,"None of the above",2,3,4,4,3,3,3,3,1,1,78.6764705882353,2,1,22,"Japanese","Man","BBA","7-8","BSc","None","Secondary school","Part-time; in education/studying","5000",5,7,6,"Once",5,2,11,110,40,45,NA,158,NA,7,NA,NA,"petition",5,5,"tdmddbpq_7","1_2",0,"control",NA,NA,36.3636363636364,2.44444444444444,3.51111111111111,48,55,220,4,60,460,592,13.1555555555556,736,0,0,80.4347826086957,15,0,43.3333333333333,NA,NA,25,0
18,"5f0bpqo8",1,0,143,143,"questionnaire","ThankYou","2026-06-09 13:35:28.738355",30,"petition",12,1781013439.61136,"tdmddbpq",18,0,0,0,1,0,0,0,0,NA,"None of the above",2,3,4,4,3,3,3,3,1,1,78.6764705882353,2,1,22,"Japanese","Man","BBA","7-8","BSc","None","Secondary school","Part-time; in education/studying","5000",5,7,6,"Once",6,2,10,100,40,45,NA,140,NA,7,NA,NA,"petition",6,6,"tdmddbpq_7","1_2",0,"control",NA,NA,40,2.22222222222222,3.11111111111111,40,50,200,4,53.3333333333333,450,570,12.6666666666667,720,0,0,79.1666666666667,10,0,60,NA,NA,15,0
18,"5f0bpqo8",1,0,143,143,"questionnaire","ThankYou","2026-06-09 13:35:28.738355",30,"petition",12,1781013439.61136,"tdmddbpq",18,0,0,0,1,0,0,0,0,NA,"None of the above",2,3,4,4,3,3,3,3,1,1,78.6764705882353,2,1,22,"Japanese","Man","BBA","7-8","BSc","None","Secondary school","Part-time; in education/studying","5000",5,7,6,"Once",7,2,11,110,30,45,NA,112,NA,7,NA,NA,"petition",7,7,"tdmddbpq_7","1_2",0,"control",NA,NA,27.2727272727273,2.44444444444444,2.48888888888889,2,20,80,4,16.6666666666667,430,478,10.6222222222222,688,0,2,69.4767441860465,0,10,53.3333333333333,NA,NA,10,0
18,"5f0bpqo8",1,0,143,143,"questionnaire","ThankYou","2026-06-09 13:35:28.738355",30,"petition",12,1781013439.61136,"tdmddbpq",18,0,0,0,1,0,0,0,0,NA,"None of the above",2,3,4,4,3,3,3,3,1,1,78.6764705882353,2,1,22,"Japanese","Man","BBA","7-8","BSc","None","Secondary school","Part-time; in education/studying","5000",5,7,6,"Once",8,2,12,120,20,45,1,228,NA,7,4,0,"petition",8,1,"tdmddbpq_7","1_2",1,"petition",100,1,16.6666666666667,2.66666666666667,5.06666666666667,108,80,320,4,100,520,712,15.8222222222222,832,16,0,85.5769230769231,60,0,16.6666666666667,0,10,0,10
18,"5f0bpqo8",1,0,143,143,"questionnaire","ThankYou","2026-06-09 13:35:28.738355",30,"petition",12,1781013439.61136,"tdmddbpq",18,0,0,0,1,0,0,0,0,NA,"None of the above",2,3,4,4,3,3,3,3,1,1,78.6764705882353,2,1,22,"Japanese","Man","BBA","7-8","BSc","None","Secondary school","Part-time; in education/studying","5000",5,7,6,"Once",9,2,11,110,50,45,1,200,NA,7,4,0,"petition",9,2,"tdmddbpq_7","1_2",1,"petition",100,1,45.4545454545455,2.44444444444444,4.44444444444444,90,87.5,350,4,100,480,690,15.3333333333333,768,16,0,89.84375,37.5,0,100,60,0,60,0
18,"5f0bpqo8",1,0,143,143,"questionnaire","ThankYou","2026-06-09 13:35:28.738355",30,"petition",12,1781013439.61136,"tdmddbpq",18,0,0,0,1,0,0,0,0,NA,"None of the above",2,3,4,4,3,3,3,3,1,1,78.6764705882353,2,1,22,"Japanese","Man","BBA","7-8","BSc","None","Secondary school","Part-time; in education/studying","5000",5,7,6,"Once",10,2,10,100,50,45,1,186,NA,7,4,0,"petition",10,3,"tdmddbpq_7","1_2",1,"petition",100,1,50,2.22222222222222,4.13333333333333,86,85,340,4,96.6666666666667,490,694,15.4222222222222,784,16,0,88.5204081632653,35,0,100,37.5,0,37.5,0
18,"5f0bpqo8",1,0,143,143,"questionnaire","ThankYou","2026-06-09 13:35:28.738355",30,"petition",12,1781013439.61136,"tdmddbpq",18,0,0,0,1,0,0,0,0,NA,"None of the above",2,3,4,4,3,3,3,3,1,1,78.6764705882353,2,1,22,"Japanese","Man","BBA","7-8","BSc","None","Secondary school","Part-time; in education/studying","5000",5,7,6,"Once",11,2,9,90,90,45,1,152,NA,7,4,0,"petition",11,4,"tdmddbpq_7","1_2",1,"petition",100,1,100,2,3.37777777777778,62,95,380,4,96.6666666666667,520,748,16.6222222222222,832,16,0,89.9038461538462,5,0,96.6666666666667,35,0,35,0
18,"5f0bpqo8",1,0,143,143,"questionnaire","ThankYou","2026-06-09 13:35:28.738355",30,"petition",12,1781013439.61136,"tdmddbpq",18,0,0,0,1,0,0,0,0,NA,"None of the above",2,3,4,4,3,3,3,3,1,1,78.6764705882353,2,1,22,"Japanese","Man","BBA","7-8","BSc","None","Secondary school","Part-time; in education/studying","5000",5,7,6,"Once",12,2,12,120,80,45,1,200,NA,7,4,0,"petition",12,5,"tdmddbpq_7","1_2",1,"petition",100,1,66.6666666666667,2.66666666666667,4.44444444444444,80,100,400,4,106.666666666667,530,770,17.1111111111111,848,16,0,90.8018867924528,20,0,96.6666666666667,5,0,5,0
18,"5f0bpqo8",1,0,143,143,"questionnaire","ThankYou","2026-06-09 13:35:28.738355",30,"petition",12,1781013439.61136,"tdmddbpq",18,0,0,0,1,0,0,0,0,NA,"None of the above",2,3,4,4,3,3,3,3,1,1,78.6764705882353,2,1,22,"Japanese","Man","BBA","7-8","BSc","None","Secondary school","Part-time; in education/studying","5000",5,7,6,"Once",13,2,12,120,120,45,1,168,NA,7,4,0,"petition",13,6,"tdmddbpq_7","1_2",1,"petition",100,1,100,2.66666666666667,3.73333333333333,48,105,420,4,100,520,772,17.1555555555556,832,16,0,92.7884615384615,0,15,106.666666666667,20,0,20,0
18,"5f0bpqo8",1,0,143,143,"questionnaire","ThankYou","2026-06-09 13:35:28.738355",30,"petition",12,1781013439.61136,"tdmddbpq",18,0,0,0,1,0,0,0,0,NA,"None of the above",2,3,4,4,3,3,3,3,1,1,78.6764705882353,2,1,22,"Japanese","Man","BBA","7-8","BSc","None","Secondary school","Part-time; in education/studying","5000",5,7,6,"Once",14,2,7,70,0,45,1,126,NA,7,4,0,"petition",14,7,"tdmddbpq_7","1_2",1,"petition",100,1,0,1.55555555555556,2.8,56,35,140,4,46.6666666666667,490,574,12.7555555555556,784,16,2,73.2142857142857,35,0,100,0,15,0,15
11,"5qny78h8",6,0,143,143,"questionnaire","ThankYou","2026-06-09 13:35:27.954087",15.9,"petition",14,1781013396.7806,"tdmddbpq",11,0,1,0,0,0,0,1,0,NA,"Petition (0 cost to you)",1,2,3,4,3,3,3,4,1,1,78.6764705882353,2,6,28,"Ukraine","Woman","Economics",NA,"Other","1-2 years","Master's degree","Not employed","400",3,3,9,"No",1,3,8,80,40,45,NA,96,6,4,NA,NA,"petition",1,1,"tdmddbpq_4","6_2",0,"control",NA,NA,50,1.77777777777778,2.13333333333333,16,35,140,4,33.3333333333333,300,384,8.53333333333333,480,0,0,80,0,5,NA,NA,NA,NA,NA
11,"5qny78h8",6,0,143,143,"questionnaire","ThankYou","2026-06-09 13:35:27.954087",15.9,"petition",14,1781013396.7806,"tdmddbpq",11,0,1,0,0,0,0,1,0,NA,"Petition (0 cost to you)",1,2,3,4,3,3,3,4,1,1,78.6764705882353,2,6,28,"Ukraine","Woman","Economics",NA,"Other","1-2 years","Master's degree","Not employed","400",3,3,9,"No",2,3,10,100,80,45,NA,96,NA,4,NA,NA,"petition",2,2,"tdmddbpq_4","6_2",0,"control",NA,NA,80,2.22222222222222,2.13333333333333,-4,47.5,190,4,36.6666666666667,360,474,10.5333333333333,576,0,0,82.2916666666667,0,32.5,33.3333333333333,NA,NA,0,5
11,"5qny78h8",6,0,143,143,"questionnaire","ThankYou","2026-06-09 13:35:27.954087",15.9,"petition",14,1781013396.7806,"tdmddbpq",11,0,1,0,0,0,0,1,0,NA,"Petition (0 cost to you)",1,2,3,4,3,3,3,4,1,1,78.6764705882353,2,6,28,"Ukraine","Woman","Economics",NA,"Other","1-2 years","Master's degree","Not employed","400",3,3,9,"No",3,3,7,70,35,45,NA,83,NA,4,NA,NA,"petition",3,3,"tdmddbpq_4","6_2",0,"control",NA,NA,50,1.55555555555556,1.84444444444444,13,30,120,4,28.3333333333333,290,362,8.04444444444444,464,0,0,78.0172413793103,0,5,36.6666666666667,NA,NA,0,32.5
11,"5qny78h8",6,0,143,143,"questionnaire","ThankYou","2026-06-09 13:35:27.954087",15.9,"petition",14,1781013396.7806,"tdmddbpq",11,0,1,0,0,0,0,1,0,NA,"Petition (0 cost to you)",1,2,3,4,3,3,3,4,1,1,78.6764705882353,2,6,28,"Ukraine","Woman","Economics",NA,"Other","1-2 years","Master's degree","Not employed","400",3,3,9,"No",4,3,7,70,40,45,NA,86,NA,4,NA,NA,"petition",4,4,"tdmddbpq_4","6_2",0,"control",NA,NA,57.1428571428571,1.55555555555556,1.91111111111111,16,35,140,4,33.3333333333333,350,434,9.64444444444444,560,0,0,77.5,0,5,28.3333333333333,NA,NA,0,5
11,"5qny78h8",6,0,143,143,"questionnaire","ThankYou","2026-06-09 13:35:27.954087",15.9,"petition",14,1781013396.7806,"tdmddbpq",11,0,1,0,0,0,0,1,0,NA,"Petition (0 cost to you)",1,2,3,4,3,3,3,4,1,1,78.6764705882353,2,6,28,"Ukraine","Woman","Economics",NA,"Other","1-2 years","Master's degree","Not employed","400",3,3,9,"No",5,3,8,80,50,45,NA,84,NA,4,NA,NA,"petition",5,5,"tdmddbpq_4","6_2",0,"control",NA,NA,62.5,1.77777777777778,1.86666666666667,4,33.75,135,4,28.3333333333333,350,431,9.57777777777778,560,0,0,76.9642857142857,0,16.25,33.3333333333333,NA,NA,0,5
11,"5qny78h8",6,0,143,143,"questionnaire","ThankYou","2026-06-09 13:35:27.954087",15.9,"petition",14,1781013396.7806,"tdmddbpq",11,0,1,0,0,0,0,1,0,NA,"Petition (0 cost to you)",1,2,3,4,3,3,3,4,1,1,78.6764705882353,2,6,28,"Ukraine","Woman","Economics",NA,"Other","1-2 years","Master's degree","Not employed","400",3,3,9,"No",6,3,8,80,30,45,NA,82,NA,4,NA,NA,"petition",6,6,"tdmddbpq_4","6_2",0,"control",NA,NA,37.5,1.77777777777778,1.82222222222222,2,20,80,4,16.6666666666667,310,358,7.95555555555556,496,0,1,72.1774193548387,0,10,28.3333333333333,NA,NA,0,16.25
11,"5qny78h8",6,0,143,143,"questionnaire","ThankYou","2026-06-09 13:35:27.954087",15.9,"petition",14,1781013396.7806,"tdmddbpq",11,0,1,0,0,0,0,1,0,NA,"Petition (0 cost to you)",1,2,3,4,3,3,3,4,1,1,78.6764705882353,2,6,28,"Ukraine","Woman","Economics",NA,"Other","1-2 years","Master's degree","Not employed","400",3,3,9,"No",7,3,9,90,30,45,NA,94,NA,4,NA,NA,"petition",7,7,"tdmddbpq_4","6_2",0,"control",NA,NA,33.3333333333333,2,2.08888888888889,4,21.25,85,4,18.3333333333333,340,391,8.68888888888889,544,0,0,71.875,0,8.75,16.6666666666667,NA,NA,0,10
11,"5qny78h8",6,0,143,143,"questionnaire","ThankYou","2026-06-09 13:35:27.954087",15.9,"petition",14,1781013396.7806,"tdmddbpq",11,0,1,0,0,0,0,1,0,NA,"Petition (0 cost to you)",1,2,3,4,3,3,3,4,1,1,78.6764705882353,2,6,28,"Ukraine","Woman","Economics",NA,"Other","1-2 years","Master's degree","Not employed","400",3,3,9,"No",8,3,10,100,65,45,1,89,NA,4,4,0,"petition",8,1,"tdmddbpq_4","6_2",1,"petition",100,1,65,2.22222222222222,1.97777777777778,-11,33.75,135,4,23.3333333333333,370,451,10.0222222222222,592,16,0,76.1824324324324,0,31.25,18.3333333333333,0,8.75,0,8.75
11,"5qny78h8",6,0,143,143,"questionnaire","ThankYou","2026-06-09 13:35:27.954087",15.9,"petition",14,1781013396.7806,"tdmddbpq",11,0,1,0,0,0,0,1,0,NA,"Petition (0 cost to you)",1,2,3,4,3,3,3,4,1,1,78.6764705882353,2,6,28,"Ukraine","Woman","Economics",NA,"Other","1-2 years","Master's degree","Not employed","400",3,3,9,"No",9,3,10,100,40,45,1,102,NA,4,4,0,"petition",9,2,"tdmddbpq_4","6_2",1,"petition",100,1,40,2.22222222222222,2.26666666666667,2,26.25,105,4,21.6666666666667,340,403,8.95555555555556,544,16,0,74.0808823529412,0,13.75,23.3333333333333,0,31.25,0,31.25
11,"5qny78h8",6,0,143,143,"questionnaire","ThankYou","2026-06-09 13:35:27.954087",15.9,"petition",14,1781013396.7806,"tdmddbpq",11,0,1,0,0,0,0,1,0,NA,"Petition (0 cost to you)",1,2,3,4,3,3,3,4,1,1,78.6764705882353,2,6,28,"Ukraine","Woman","Economics",NA,"Other","1-2 years","Master's degree","Not employed","400",3,3,9,"No",10,3,10,100,10,45,1,122,NA,4,4,0,"petition",10,3,"tdmddbpq_4","6_2",1,"petition",100,1,10,2.22222222222222,2.71111111111111,22,20,80,4,23.3333333333333,350,398,8.84444444444444,560,16,0,71.0714285714286,10,0,21.6666666666667,0,13.75,0,13.75
11,"5qny78h8",6,0,143,143,"questionnaire","ThankYou","2026-06-09 13:35:27.954087",15.9,"petition",14,1781013396.7806,"tdmddbpq",11,0,1,0,0,0,0,1,0,NA,"Petition (0 cost to you)",1,2,3,4,3,3,3,4,1,1,78.6764705882353,2,6,28,"Ukraine","Woman","Economics",NA,"Other","1-2 years","Master's degree","Not employed","400",3,3,9,"No",11,3,10,100,20,45,1,108,NA,4,3,0,"petition",11,4,"tdmddbpq_4","6_2",1,"petition",75,1,20,2.22222222222222,2.4,8,17.5,70,4,16.6666666666667,360,402,8.93333333333333,576,12,1,69.7916666666667,0,2.5,23.3333333333333,10,0,10,0
11,"5qny78h8",6,0,143,143,"questionnaire","ThankYou","2026-06-09 13:35:27.954087",15.9,"petition",14,1781013396.7806,"tdmddbpq",11,0,1,0,0,0,0,1,0,NA,"Petition (0 cost to you)",1,2,3,4,3,3,3,4,1,1,78.6764705882353,2,6,28,"Ukraine","Woman","Economics",NA,"Other","1-2 years","Master's degree","Not employed","400",3,3,9,"No",12,3,11,110,15,45,1,121,NA,4,3,0,"petition",12,5,"tdmddbpq_4","6_2",1,"petition",75,1,13.6363636363636,2.44444444444444,2.68888888888889,11,16.25,65,4,16.6666666666667,350,389,8.64444444444444,560,12,0,69.4642857142857,1.25,0,16.6666666666667,0,2.5,0,2.5
11,"5qny78h8",6,0,143,143,"questionnaire","ThankYou","2026-06-09 13:35:27.954087",15.9,"petition",14,1781013396.7806,"tdmddbpq",11,0,1,0,0,0,0,1,0,NA,"Petition (0 cost to you)",1,2,3,4,3,3,3,4,1,1,78.6764705882353,2,6,28,"Ukraine","Woman","Economics",NA,"Other","1-2 years","Master's degree","Not employed","400",3,3,9,"No",13,3,6,60,10,45,1,90,NA,4,4,0,"petition",13,6,"tdmddbpq_4","6_2",1,"petition",100,1,16.6666666666667,1.33333333333333,2,30,25,100,4,30,350,410,9.11111111111111,560,16,0,73.2142857142857,15,0,16.6666666666667,1.25,0,1.25,0
11,"5qny78h8",6,0,143,143,"questionnaire","ThankYou","2026-06-09 13:35:27.954087",15.9,"petition",14,1781013396.7806,"tdmddbpq",11,0,1,0,0,0,0,1,0,NA,"Petition (0 cost to you)",1,2,3,4,3,3,3,4,1,1,78.6764705882353,2,6,28,"Ukraine","Woman","Economics",NA,"Other","1-2 years","Master's degree","Not employed","400",3,3,9,"No",14,3,8,80,20,45,1,106,NA,4,4,0,"petition",14,7,"tdmddbpq_4","6_2",1,"petition",100,1,25,1.77777777777778,2.35555555555556,26,28.75,115,4,31.6666666666667,390,459,10.2,624,16,0,73.5576923076923,8.75,0,30,15,0,15,0
9,"678275og",16,0,78,143,"activism","WaitForResults","2026-06-09 13:35:27.830597",0,"roadblock",NA,NA,"tdmddbpq",9,0,NA,NA,NA,NA,NA,NA,NA,NA,NA,NA,NA,NA,NA,NA,NA,NA,NA,1,1,51.4705882352941,2,16,23,"Romanian","Man",NA,"5-6","BSc","<1 year","Secondary school","Part-time","500",6,3,6,"No",1,1,11,110,110,45,NA,66,16,6,NA,NA,"roadblock",1,1,"tdmddbpq_6","16_2",0,"control",NA,NA,100,2.44444444444444,1.46666666666667,-44,41.25,165,4,18.3333333333333,370,469,10.4222222222222,592,0,0,79.222972972973,0,68.75,NA,NA,NA,NA,NA
9,"678275og",16,0,78,143,"activism","WaitForResults","2026-06-09 13:35:27.830597",0,"roadblock",NA,NA,"tdmddbpq",9,0,NA,NA,NA,NA,NA,NA,NA,NA,NA,NA,NA,NA,NA,NA,NA,NA,NA,1,1,51.4705882352941,2,16,23,"Romanian","Man",NA,"5-6","BSc","<1 year","Secondary school","Part-time","500",6,3,6,"No",2,1,13,130,130,45,NA,96,NA,6,NA,NA,"roadblock",2,2,"tdmddbpq_6","16_2",0,"control",NA,NA,100,2.88888888888889,2.13333333333333,-34,60,240,4,36.6666666666667,420,564,12.5333333333333,672,0,1,83.9285714285714,0,70,18.3333333333333,NA,NA,0,68.75
9,"678275og",16,0,78,143,"activism","WaitForResults","2026-06-09 13:35:27.830597",0,"roadblock",NA,NA,"tdmddbpq",9,0,NA,NA,NA,NA,NA,NA,NA,NA,NA,NA,NA,NA,NA,NA,NA,NA,NA,1,1,51.4705882352941,2,16,23,"Romanian","Man",NA,"5-6","BSc","<1 year","Secondary school","Part-time","500",6,3,6,"No",3,1,11,110,110,45,NA,94.4,NA,6,NA,NA,"roadblock",3,3,"tdmddbpq_6","16_2",0,"control",NA,NA,100,2.44444444444444,2.09777777777778,-15.6,59,236,4,42,410,551.6,12.2577777777778,656,0,0,84.0853658536585,0,51,36.6666666666667,NA,NA,0,70
9,"678275og",16,0,78,143,"activism","WaitForResults","2026-06-09 13:35:27.830597",0,"roadblock",NA,NA,"tdmddbpq",9,0,NA,NA,NA,NA,NA,NA,NA,NA,NA,NA,NA,NA,NA,NA,NA,NA,NA,1,1,51.4705882352941,2,16,23,"Romanian","Man",NA,"5-6","BSc","<1 year","Secondary school","Part-time","500",6,3,6,"No",4,1,12,120,120,45,NA,94,NA,6,NA,NA,"roadblock",4,4,"tdmddbpq_6","16_2",0,"control",NA,NA,100,2.66666666666667,2.08888888888889,-26,58.75,235,4,38.3333333333333,440,581,12.9111111111111,704,0,0,82.5284090909091,0,61.25,42,NA,NA,0,51
9,"678275og",16,0,78,143,"activism","WaitForResults","2026-06-09 13:35:27.830597",0,"roadblock",NA,NA,"tdmddbpq",9,0,NA,NA,NA,NA,NA,NA,NA,NA,NA,NA,NA,NA,NA,NA,NA,NA,NA,1,1,51.4705882352941,2,16,23,"Romanian","Man",NA,"5-6","BSc","<1 year","Secondary school","Part-time","500",6,3,6,"No",5,1,12,120,60,45,NA,125.2,NA,6,NA,NA,"roadblock",5,5,"tdmddbpq_6","16_2",0,"control",NA,NA,50,2.66666666666667,2.78222222222222,5.2,40.75,163,4,34.3333333333333,410,507.8,11.2844444444444,656,0,1,77.4085365853659,0,19.25,38.3333333333333,NA,NA,0,61.25
9,"678275og",16,0,78,143,"activism","WaitForResults","2026-06-09 13:35:27.830597",0,"roadblock",NA,NA,"tdmddbpq",9,0,NA,NA,NA,NA,NA,NA,NA,NA,NA,NA,NA,NA,NA,NA,NA,NA,NA,1,1,51.4705882352941,2,16,23,"Romanian","Man",NA,"5-6","BSc","<1 year","Secondary school","Part-time","500",6,3,6,"No",6,1,11,110,55,45,NA,133,NA,6,NA,NA,"roadblock",6,6,"tdmddbpq_6","16_2",0,"control",NA,NA,50,2.44444444444444,2.95555555555556,23,48.75,195,4,46.6666666666667,380,497,11.0444444444444,608,0,0,81.7434210526316,0,6.25,34.3333333333333,NA,NA,0,19.25
9,"678275og",16,0,78,143,"activism","WaitForResults","2026-06-09 13:35:27.830597",0,"roadblock",NA,NA,"tdmddbpq",9,0,NA,NA,NA,NA,NA,NA,NA,NA,NA,NA,NA,NA,NA,NA,NA,NA,NA,1,1,51.4705882352941,2,16,23,"Romanian","Man",NA,"5-6","BSc","<1 year","Secondary school","Part-time","500",6,3,6,"No",7,1,13,130,0,45,NA,162,NA,6,NA,NA,"roadblock",7,7,"tdmddbpq_6","16_2",0,"control",NA,NA,0,2.88888888888889,3.6,32,20,80,4,26.6666666666667,430,478,10.6222222222222,688,0,2,69.4767441860465,20,0,46.6666666666667,NA,NA,0,6.25
1,"7m52afu6",15,0,143,143,"questionnaire","ThankYou","2026-06-09 08:44:59.388407",13.8,"roadblock",6,1780995727.29459,"ahosr93r",1,0,1,0,0,0,0,0,1,NA,"Petition (0 cost to you)",4,5,3,4,3,3,1,4,1,1,73.5294117647059,1,15,22,"Ukraine","Woman","Business Communication","1-2","MSc.","1-2","BSc.","Full-time","200",3,1,7,"Regularly",1,4,4,40,20,45,NA,66,15,3,NA,NA,"roadblock",1,1,"ahosr93r_3","15_1",0,"control",NA,NA,50,0.888888888888889,1.46666666666667,26,28.75,115,4,31.6666666666667,290,359,7.97777777777778,464,0,0,77.3706896551724,8.75,0,NA,NA,NA,NA,NA
1,"7m52afu6",15,0,143,143,"questionnaire","ThankYou","2026-06-09 08:44:59.388407",13.8,"roadblock",6,1780995727.29459,"ahosr93r",1,0,1,0,0,0,0,0,1,NA,"Petition (0 cost to you)",4,5,3,4,3,3,1,4,1,1,73.5294117647059,1,15,22,"Ukraine","Woman","Business Communication","1-2","MSc.","1-2","BSc.","Full-time","200",3,1,7,"Regularly",2,4,8,80,35,45,NA,107,NA,3,NA,NA,"roadblock",2,2,"ahosr93r_3","15_1",0,"control",NA,NA,43.75,1.77777777777778,2.37777777777778,27,38.75,155,4,40,360,453,10.0666666666667,576,0,0,78.6458333333333,3.75,0,31.6666666666667,NA,NA,8.75,0
1,"7m52afu6",15,0,143,143,"questionnaire","ThankYou","2026-06-09 08:44:59.388407",13.8,"roadblock",6,1780995727.29459,"ahosr93r",1,0,1,0,0,0,0,0,1,NA,"Petition (0 cost to you)",4,5,3,4,3,3,1,4,1,1,73.5294117647059,1,15,22,"Ukraine","Woman","Business Communication","1-2","MSc.","1-2","BSc.","Full-time","200",3,1,7,"Regularly",3,4,8,80,35,45,NA,95,NA,3,NA,NA,"roadblock",3,3,"ahosr93r_3","15_1",0,"control",NA,NA,43.75,1.77777777777778,2.11111111111111,15,31.25,125,4,30,340,415,9.22222222222222,544,0,1,76.2867647058823,0,3.75,40,NA,NA,3.75,0
1,"7m52afu6",15,0,143,143,"questionnaire","ThankYou","2026-06-09 08:44:59.388407",13.8,"roadblock",6,1780995727.29459,"ahosr93r",1,0,1,0,0,0,0,0,1,NA,"Petition (0 cost to you)",4,5,3,4,3,3,1,4,1,1,73.5294117647059,1,15,22,"Ukraine","Woman","Business Communication","1-2","MSc.","1-2","BSc.","Full-time","200",3,1,7,"Regularly",4,4,6,60,10,45,NA,114,NA,3,NA,NA,"roadblock",4,4,"ahosr93r_3","15_1",0,"control",NA,NA,16.6666666666667,1.33333333333333,2.53333333333333,54,40,160,4,50,370,466,10.3555555555556,592,0,0,78.7162162162162,30,0,30,NA,NA,0,3.75
1,"7m52afu6",15,0,143,143,"questionnaire","ThankYou","2026-06-09 08:44:59.388407",13.8,"roadblock",6,1780995727.29459,"ahosr93r",1,0,1,0,0,0,0,0,1,NA,"Petition (0 cost to you)",4,5,3,4,3,3,1,4,1,1,73.5294117647059,1,15,22,"Ukraine","Woman","Business Communication","1-2","MSc.","1-2","BSc.","Full-time","200",3,1,7,"Regularly",5,4,7,70,15,45,NA,65,NA,3,NA,NA,"roadblock",5,5,"ahosr93r_3","15_1",0,"control",NA,NA,21.4285714285714,1.55555555555556,1.44444444444444,-5,6.25,25,4,3.33333333333333,400,415,9.22222222222222,640,0,2,64.84375,0,8.75,50,NA,NA,30,0
1,"7m52afu6",15,0,143,143,"questionnaire","ThankYou","2026-06-09 08:44:59.388407",13.8,"roadblock",6,1780995727.29459,"ahosr93r",1,0,1,0,0,0,0,0,1,NA,"Petition (0 cost to you)",4,5,3,4,3,3,1,4,1,1,73.5294117647059,1,15,22,"Ukraine","Woman","Business Communication","1-2","MSc.","1-2","BSc.","Full-time","200",3,1,7,"Regularly",6,4,7,70,10,45,NA,92,NA,3,NA,NA,"roadblock",6,6,"ahosr93r_3","15_1",0,"control",NA,NA,14.2857142857143,1.55555555555556,2.04444444444444,22,20,80,4,23.3333333333333,380,428,9.51111111111111,608,0,1,70.3947368421053,10,0,3.33333333333333,NA,NA,0,8.75
1,"7m52afu6",15,0,143,143,"questionnaire","ThankYou","2026-06-09 08:44:59.388407",13.8,"roadblock",6,1780995727.29459,"ahosr93r",1,0,1,0,0,0,0,0,1,NA,"Petition (0 cost to you)",4,5,3,4,3,3,1,4,1,1,73.5294117647059,1,15,22,"Ukraine","Woman","Business Communication","1-2","MSc.","1-2","BSc.","Full-time","200",3,1,7,"Regularly",7,4,7,70,10,45,NA,68,NA,3,NA,NA,"roadblock",7,7,"ahosr93r_3","15_1",0,"control",NA,NA,14.2857142857143,1.55555555555556,1.51111111111111,-2,5,20,4,3.33333333333333,320,332,7.37777777777778,512,0,2,64.84375,0,5,23.3333333333333,NA,NA,10,0
1,"7m52afu6",15,0,143,143,"questionnaire","ThankYou","2026-06-09 08:44:59.388407",13.8,"roadblock",6,1780995727.29459,"ahosr93r",1,0,1,0,0,0,0,0,1,NA,"Petition (0 cost to you)",4,5,3,4,3,3,1,4,1,1,73.5294117647059,1,15,22,"Ukraine","Woman","Business Communication","1-2","MSc.","1-2","BSc.","Full-time","200",3,1,7,"Regularly",8,4,6,60,10,35,1,114,NA,3,3,3,"roadblock",8,1,"ahosr93r_3","15_1",1,"roadblock",75,1,16.6666666666667,1.71428571428571,3.25714285714286,54,40,160,4,50,330,426,12.1714285714286,528,12,0,80.6818181818182,30,0,3.33333333333333,0,5,0,5
1,"7m52afu6",15,0,143,143,"questionnaire","ThankYou","2026-06-09 08:44:59.388407",13.8,"roadblock",6,1780995727.29459,"ahosr93r",1,0,1,0,0,0,0,0,1,NA,"Petition (0 cost to you)",4,5,3,4,3,3,1,4,1,1,73.5294117647059,1,15,22,"Ukraine","Woman","Business Communication","1-2","MSc.","1-2","BSc.","Full-time","200",3,1,7,"Regularly",9,4,5,50,5,35,1,107,NA,3,4,4,"roadblock",9,2,"ahosr93r_3","15_1",1,"roadblock",100,1,10,1.42857142857143,3.05714285714286,57,38.75,155,4,50,260,353,10.0857142857143,416,16,0,84.8557692307692,33.75,0,50,30,0,30,0
1,"7m52afu6",15,0,143,143,"questionnaire","ThankYou","2026-06-09 08:44:59.388407",13.8,"roadblock",6,1780995727.29459,"ahosr93r",1,0,1,0,0,0,0,0,1,NA,"Petition (0 cost to you)",4,5,3,4,3,3,1,4,1,1,73.5294117647059,1,15,22,"Ukraine","Woman","Business Communication","1-2","MSc.","1-2","BSc.","Full-time","200",3,1,7,"Regularly",10,4,8,80,10,40,0,148,NA,3,3,3,"roadblock",10,3,"ahosr93r_3","15_1",1,"roadblock",75,1,12.5,2,3.7,68,48.75,195,4,61.6666666666667,370,487,12.175,592,12,0,82.2635135135135,38.75,0,50,33.75,0,33.75,0
1,"7m52afu6",15,0,143,143,"questionnaire","ThankYou","2026-06-09 08:44:59.388407",13.8,"roadblock",6,1780995727.29459,"ahosr93r",1,0,1,0,0,0,0,0,1,NA,"Petition (0 cost to you)",4,5,3,4,3,3,1,4,1,1,73.5294117647059,1,15,22,"Ukraine","Woman","Business Communication","1-2","MSc.","1-2","BSc.","Full-time","200",3,1,7,"Regularly",11,4,6,60,5,35,1,85,NA,3,3,3,"roadblock",11,4,"ahosr93r_3","15_1",1,"roadblock",75,1,8.33333333333333,1.71428571428571,2.42857142857143,25,18.75,75,4,23.3333333333333,360,405,11.5714285714286,576,12,1,70.3125,13.75,0,61.6666666666667,38.75,0,38.75,0
1,"7m52afu6",15,0,143,143,"questionnaire","ThankYou","2026-06-09 08:44:59.388407",13.8,"roadblock",6,1780995727.29459,"ahosr93r",1,0,1,0,0,0,0,0,1,NA,"Petition (0 cost to you)",4,5,3,4,3,3,1,4,1,1,73.5294117647059,1,15,22,"Ukraine","Woman","Business Communication","1-2","MSc.","1-2","BSc.","Full-time","200",3,1,7,"Regularly",12,4,7,70,5,40,0,69,NA,3,2,2,"roadblock",12,5,"ahosr93r_3","15_1",1,"roadblock",50,1,7.14285714285714,1.75,1.725,-1,2.5,10,4,1.66666666666667,350,356,8.9,560,8,2,63.5714285714286,0,2.5,23.3333333333333,13.75,0,13.75,0
1,"7m52afu6",15,0,143,143,"questionnaire","ThankYou","2026-06-09 08:44:59.388407",13.8,"roadblock",6,1780995727.29459,"ahosr93r",1,0,1,0,0,0,0,0,1,NA,"Petition (0 cost to you)",4,5,3,4,3,3,1,4,1,1,73.5294117647059,1,15,22,"Ukraine","Woman","Business Communication","1-2","MSc.","1-2","BSc.","Full-time","200",3,1,7,"Regularly",13,4,7,70,10,35,1,66,NA,3,2,2,"roadblock",13,6,"ahosr93r_3","15_1",1,"roadblock",50,1,14.2857142857143,2,1.88571428571429,-4,3.75,15,4,1.66666666666667,360,369,10.5428571428571,576,8,2,64.0625,0,6.25,1.66666666666667,0,2.5,0,2.5
1,"7m52afu6",15,0,143,143,"questionnaire","ThankYou","2026-06-09 08:44:59.388407",13.8,"roadblock",6,1780995727.29459,"ahosr93r",1,0,1,0,0,0,0,0,1,NA,"Petition (0 cost to you)",4,5,3,4,3,3,1,4,1,1,73.5294117647059,1,15,22,"Ukraine","Woman","Business Communication","1-2","MSc.","1-2","BSc.","Full-time","200",3,1,7,"Regularly",14,4,4,40,3,35,1,42.2,NA,3,2,2,"roadblock",14,7,"ahosr93r_3","15_1",1,"roadblock",50,1,7.5,1.14285714285714,1.20571428571429,2.2,3.25,13,4,3.33333333333333,320,327.8,9.36571428571429,512,8,2,64.0234375,0.25,0,1.66666666666667,0,6.25,0,6.25
25,"83aftgm4",5,0,143,143,"questionnaire","ThankYou","2026-06-09 13:35:32.213501",12.84,"roadblock",13,1781013230.4214,"tdmddbpq",25,0,1,0,1,0,0,0,0,NA,"Road blocking (Cost: -10 sec to you; -5 sec to others)",4,3,2,4,4,4,4,2,1,1,78.6764705882353,2,5,24,"Turkish","Woman","Antropology","1-2","MSc","<1 year","Bachelor's degree","In education studying","400",1,7,5,"Regularly",1,4,13,130,30,45,NA,116.4,5,3,NA,NA,"roadblock",1,1,"tdmddbpq_3","5_2",0,"control",NA,NA,23.0769230769231,2.88888888888889,2.58666666666667,-13.6,10.25,41,4,3.66666666666667,440,464.6,10.3244444444444,704,0,1,65.9943181818182,0,19.75,NA,NA,NA,NA,NA
25,"83aftgm4",5,0,143,143,"questionnaire","ThankYou","2026-06-09 13:35:32.213501",12.84,"roadblock",13,1781013230.4214,"tdmddbpq",25,0,1,0,1,0,0,0,0,NA,"Road blocking (Cost: -10 sec to you; -5 sec to others)",4,3,2,4,4,4,4,2,1,1,78.6764705882353,2,5,24,"Turkish","Woman","Antropology","1-2","MSc","<1 year","Bachelor's degree","In education studying","400",1,7,5,"Regularly",2,4,14,140,30,45,NA,127.2,NA,3,NA,NA,"roadblock",2,2,"tdmddbpq_3","5_2",0,"control",NA,NA,21.4285714285714,3.11111111111111,2.82666666666667,-12.8,10.75,43,4,4.33333333333333,460,485.8,10.7955555555556,736,0,1,66.0054347826087,0,19.25,3.66666666666667,NA,NA,0,19.75
25,"83aftgm4",5,0,143,143,"questionnaire","ThankYou","2026-06-09 13:35:32.213501",12.84,"roadblock",13,1781013230.4214,"tdmddbpq",25,0,1,0,1,0,0,0,0,NA,"Road blocking (Cost: -10 sec to you; -5 sec to others)",4,3,2,4,4,4,4,2,1,1,78.6764705882353,2,5,24,"Turkish","Woman","Antropology","1-2","MSc","<1 year","Bachelor's degree","In education studying","400",1,7,5,"Regularly",3,4,15,150,30,45,NA,138.8,NA,3,NA,NA,"roadblock",3,3,"tdmddbpq_3","5_2",0,"control",NA,NA,20,3.33333333333333,3.08444444444444,-11.2,11.75,47,4,5.66666666666667,520,548.2,12.1822222222222,832,0,1,65.8894230769231,0,18.25,4.33333333333333,NA,NA,0,19.25
25,"83aftgm4",5,0,143,143,"questionnaire","ThankYou","2026-06-09 13:35:32.213501",12.84,"roadblock",13,1781013230.4214,"tdmddbpq",25,0,1,0,1,0,0,0,0,NA,"Road blocking (Cost: -10 sec to you; -5 sec to others)",4,3,2,4,4,4,4,2,1,1,78.6764705882353,2,5,24,"Turkish","Woman","Antropology","1-2","MSc","<1 year","Bachelor's degree","In education studying","400",1,7,5,"Regularly",4,4,10,100,20,45,NA,93.6,NA,3,NA,NA,"roadblock",4,4,"tdmddbpq_3","5_2",0,"control",NA,NA,20,2.22222222222222,2.08,-6.40000000000001,8.5,34,4,4.66666666666667,400,420.4,9.34222222222222,640,0,1,65.6875,0,11.5,5.66666666666667,NA,NA,0,18.25
25,"83aftgm4",5,0,143,143,"questionnaire","ThankYou","2026-06-09 13:35:32.213501",12.84,"roadblock",13,1781013230.4214,"tdmddbpq",25,0,1,0,1,0,0,0,0,NA,"Road blocking (Cost: -10 sec to you; -5 sec to others)",4,3,2,4,4,4,4,2,1,1,78.6764705882353,2,5,24,"Turkish","Woman","Antropology","1-2","MSc","<1 year","Bachelor's degree","In education studying","400",1,7,5,"Regularly",5,4,13,130,30,45,NA,112.4,NA,3,NA,NA,"roadblock",5,5,"tdmddbpq_3","5_2",0,"control",NA,NA,23.0769230769231,2.88888888888889,2.49777777777778,-17.6,7.75,31,4,0.333333333333333,430,448.6,9.96888888888889,688,0,2,65.203488372093,0,22.25,4.66666666666667,NA,NA,0,11.5
25,"83aftgm4",5,0,143,143,"questionnaire","ThankYou","2026-06-09 13:35:32.213501",12.84,"roadblock",13,1781013230.4214,"tdmddbpq",25,0,1,0,1,0,0,0,0,NA,"Road blocking (Cost: -10 sec to you; -5 sec to others)",4,3,2,4,4,4,4,2,1,1,78.6764705882353,2,5,24,"Turkish","Woman","Antropology","1-2","MSc","<1 year","Bachelor's degree","In education studying","400",1,7,5,"Regularly",6,4,15,150,30,45,NA,133.2,NA,3,NA,NA,"roadblock",6,6,"tdmddbpq_3","5_2",0,"control",NA,NA,20,3.33333333333333,2.96,-16.8,8.25,33,4,1,460,479.8,10.6622222222222,736,0,1,65.1902173913043,0,21.75,0.333333333333333,NA,NA,0,22.25
25,"83aftgm4",5,0,143,143,"questionnaire","ThankYou","2026-06-09 13:35:32.213501",12.84,"roadblock",13,1781013230.4214,"tdmddbpq",25,0,1,0,1,0,0,0,0,NA,"Road blocking (Cost: -10 sec to you; -5 sec to others)",4,3,2,4,4,4,4,2,1,1,78.6764705882353,2,5,24,"Turkish","Woman","Antropology","1-2","MSc","<1 year","Bachelor's degree","In education studying","400",1,7,5,"Regularly",7,4,12,120,20,45,NA,116,NA,3,NA,NA,"roadblock",7,7,"tdmddbpq_3","5_2",0,"control",NA,NA,16.6666666666667,2.66666666666667,2.57777777777778,-4,10,40,4,6.66666666666667,420,444,9.86666666666667,672,0,2,66.0714285714286,0,10,1,NA,NA,0,21.75
25,"83aftgm4",5,0,143,143,"questionnaire","ThankYou","2026-06-09 13:35:32.213501",12.84,"roadblock",13,1781013230.4214,"tdmddbpq",25,0,1,0,1,0,0,0,0,NA,"Road blocking (Cost: -10 sec to you; -5 sec to others)",4,3,2,4,4,4,4,2,1,1,78.6764705882353,2,5,24,"Turkish","Woman","Antropology","1-2","MSc","<1 year","Bachelor's degree","In education studying","400",1,7,5,"Regularly",8,4,10,100,20,35,1,92.4,NA,3,2,2,"roadblock",8,1,"tdmddbpq_3","5_2",1,"roadblock",50,1,20,2.85714285714286,2.64,-7.59999999999999,7.75,31,4,3.66666666666667,410,428.6,12.2457142857143,656,8,1,65.3353658536585,0,12.25,6.66666666666667,0,10,0,10
25,"83aftgm4",5,0,143,143,"questionnaire","ThankYou","2026-06-09 13:35:32.213501",12.84,"roadblock",13,1781013230.4214,"tdmddbpq",25,0,1,0,1,0,0,0,0,NA,"Road blocking (Cost: -10 sec to you; -5 sec to others)",4,3,2,4,4,4,4,2,1,1,78.6764705882353,2,5,24,"Turkish","Woman","Antropology","1-2","MSc","<1 year","Bachelor's degree","In education studying","400",1,7,5,"Regularly",9,4,10,100,20,35,1,92,NA,3,2,2,"roadblock",9,2,"tdmddbpq_3","5_2",1,"roadblock",50,1,20,2.85714285714286,2.62857142857143,-8,7.5,30,4,3.33333333333333,420,438,12.5142857142857,672,8,1,65.1785714285714,0,12.5,3.66666666666667,0,12.25,0,12.25
25,"83aftgm4",5,0,143,143,"questionnaire","ThankYou","2026-06-09 13:35:32.213501",12.84,"roadblock",13,1781013230.4214,"tdmddbpq",25,0,1,0,1,0,0,0,0,NA,"Road blocking (Cost: -10 sec to you; -5 sec to others)",4,3,2,4,4,4,4,2,1,1,78.6764705882353,2,5,24,"Turkish","Woman","Antropology","1-2","MSc","<1 year","Bachelor's degree","In education studying","400",1,7,5,"Regularly",10,4,12,120,20,40,0,110.4,NA,3,1,1,"roadblock",10,3,"tdmddbpq_3","5_2",1,"roadblock",25,1,16.6666666666667,3,2.76,-9.59999999999999,6.5,26,4,2,390,405.6,10.14,624,4,1,65,0,13.5,3.33333333333333,0,12.5,0,12.5
25,"83aftgm4",5,0,143,143,"questionnaire","ThankYou","2026-06-09 13:35:32.213501",12.84,"roadblock",13,1781013230.4214,"tdmddbpq",25,0,1,0,1,0,0,0,0,NA,"Road blocking (Cost: -10 sec to you; -5 sec to others)",4,3,2,4,4,4,4,2,1,1,78.6764705882353,2,5,24,"Turkish","Woman","Antropology","1-2","MSc","<1 year","Bachelor's degree","In education studying","400",1,7,5,"Regularly",11,4,11,110,10,40,0,108.4,NA,3,1,1,"roadblock",11,4,"tdmddbpq_3","5_2",1,"roadblock",25,1,9.09090909090909,2.75,2.71,-1.59999999999999,5.25,21,4,3.66666666666667,430,442.6,11.065,688,4,1,64.3313953488372,0,4.75,2,0,13.5,0,13.5
25,"83aftgm4",5,0,143,143,"questionnaire","ThankYou","2026-06-09 13:35:32.213501",12.84,"roadblock",13,1781013230.4214,"tdmddbpq",25,0,1,0,1,0,0,0,0,NA,"Road blocking (Cost: -10 sec to you; -5 sec to others)",4,3,2,4,4,4,4,2,1,1,78.6764705882353,2,5,24,"Turkish","Woman","Antropology","1-2","MSc","<1 year","Bachelor's degree","In education studying","400",1,7,5,"Regularly",12,4,11,110,10,40,0,106.4,NA,3,1,1,"roadblock",12,5,"tdmddbpq_3","5_2",1,"roadblock",25,1,9.09090909090909,2.75,2.66,-3.59999999999999,4,16,4,2,400,409.6,10.24,640,4,1,64,0,6,3.66666666666667,0,4.75,0,4.75
25,"83aftgm4",5,0,143,143,"questionnaire","ThankYou","2026-06-09 13:35:32.213501",12.84,"roadblock",13,1781013230.4214,"tdmddbpq",25,0,1,0,1,0,0,0,0,NA,"Road blocking (Cost: -10 sec to you; -5 sec to others)",4,3,2,4,4,4,4,2,1,1,78.6764705882353,2,5,24,"Turkish","Woman","Antropology","1-2","MSc","<1 year","Bachelor's degree","In education studying","400",1,7,5,"Regularly",13,4,9,90,10,35,1,85.6,NA,3,2,2,"roadblock",13,6,"tdmddbpq_3","5_2",1,"roadblock",50,1,11.1111111111111,2.57142857142857,2.44571428571429,-4.40000000000001,3.5,14,4,1.33333333333333,400,408.4,11.6685714285714,640,8,1,63.8125,0,6.5,2,0,6,0,6
25,"83aftgm4",5,0,143,143,"questionnaire","ThankYou","2026-06-09 13:35:32.213501",12.84,"roadblock",13,1781013230.4214,"tdmddbpq",25,0,1,0,1,0,0,0,0,NA,"Road blocking (Cost: -10 sec to you; -5 sec to others)",4,3,2,4,4,4,4,2,1,1,78.6764705882353,2,5,24,"Turkish","Woman","Antropology","1-2","MSc","<1 year","Bachelor's degree","In education studying","400",1,7,5,"Regularly",14,4,11,110,10,35,1,106.4,NA,3,2,2,"roadblock",14,7,"tdmddbpq_3","5_2",1,"roadblock",50,1,9.09090909090909,3.14285714285714,3.04,-3.59999999999999,4,16,4,2,430,439.6,12.56,688,8,1,63.8953488372093,0,6,1.33333333333333,0,6.5,0,6.5
10,"84zpvizz",9,0,49,143,"activism","RoundResults","2026-06-09 13:35:27.910935",0,"demonstration",NA,NA,"tdmddbpq",10,0,NA,NA,NA,NA,NA,NA,NA,NA,NA,NA,NA,NA,NA,NA,NA,NA,NA,1,1,44.8529411764706,2,9,22,"Czech","Man","Economics","5-6","BSc","<1 year","Secondary school","In education studying","300",4,8,7,"No",1,4,7,70,20,45,NA,78,9,2,NA,NA,"demonstration",1,1,"tdmddbpq_2","9_2",0,"control",NA,NA,28.5714285714286,1.55555555555556,1.73333333333333,8,17.5,70,4,16.6666666666667,380,422,9.37777777777778,608,0,1,69.4078947368421,0,2.5,NA,NA,NA,NA,NA
10,"84zpvizz",9,0,49,143,"activism","RoundResults","2026-06-09 13:35:27.910935",0,"demonstration",NA,NA,"tdmddbpq",10,0,NA,NA,NA,NA,NA,NA,NA,NA,NA,NA,NA,NA,NA,NA,NA,NA,NA,1,1,44.8529411764706,2,9,22,"Czech","Man","Economics","5-6","BSc","<1 year","Secondary school","In education studying","300",4,8,7,"No",2,4,13,130,0,45,NA,154,NA,2,NA,NA,"demonstration",2,2,"tdmddbpq_2","9_2",0,"control",NA,NA,0,2.88888888888889,3.42222222222222,24,15,60,4,20,460,496,11.0222222222222,736,0,1,67.3913043478261,15,0,16.6666666666667,NA,NA,0,2.5
10,"84zpvizz",9,0,49,143,"activism","RoundResults","2026-06-09 13:35:27.910935",0,"demonstration",NA,NA,"tdmddbpq",10,0,NA,NA,NA,NA,NA,NA,NA,NA,NA,NA,NA,NA,NA,NA,NA,NA,NA,1,1,44.8529411764706,2,9,22,"Czech","Man","Economics","5-6","BSc","<1 year","Secondary school","In education studying","300",4,8,7,"No",3,4,12,120,0,45,NA,140,NA,2,NA,NA,"demonstration",3,3,"tdmddbpq_2","9_2",0,"control",NA,NA,0,2.66666666666667,3.11111111111111,20,12.5,50,4,16.6666666666667,470,500,11.1111111111111,752,0,2,66.4893617021277,12.5,0,20,NA,NA,15,0
10,"84zpvizz",9,0,49,143,"activism","RoundResults","2026-06-09 13:35:27.910935",0,"demonstration",NA,NA,"tdmddbpq",10,0,NA,NA,NA,NA,NA,NA,NA,NA,NA,NA,NA,NA,NA,NA,NA,NA,NA,1,1,44.8529411764706,2,9,22,"Czech","Man","Economics","5-6","BSc","<1 year","Secondary school","In education studying","300",4,8,7,"No",4,4,8,80,0,45,NA,96,NA,2,NA,NA,"demonstration",4,4,"tdmddbpq_2","9_2",0,"control",NA,NA,0,1.77777777777778,2.13333333333333,16,10,40,4,13.3333333333333,400,424,9.42222222222222,640,0,1,66.25,10,0,16.6666666666667,NA,NA,12.5,0
10,"84zpvizz",9,0,49,143,"activism","RoundResults","2026-06-09 13:35:27.910935",0,"demonstration",NA,NA,"tdmddbpq",10,0,NA,NA,NA,NA,NA,NA,NA,NA,NA,NA,NA,NA,NA,NA,NA,NA,NA,1,1,44.8529411764706,2,9,22,"Czech","Man","Economics","5-6","BSc","<1 year","Secondary school","In education studying","300",4,8,7,"No",5,4,10,100,0,45,NA,NA,NA,2,NA,NA,"demonstration",5,5,"tdmddbpq_2","9_2",0,"control",NA,NA,0,2.22222222222222,NA,NA,10,40,4,13.3333333333333,430,NA,NA,NA,NA,2,NA,10,0,13.3333333333333,NA,NA,10,0
8,"8gd3793t",19,0,143,143,"questionnaire","ThankYou","2026-06-09 08:45:00.076774",13.65,"petition",6,1780995820.5651,"ahosr93r",8,0,1,0,0,0,1,1,0,NA,"Petition (0 cost to you)",3,3,2,2,1,3,3,3,1,1,73.1617647058823,1,19,41,"Austria","Man","Sociology","1-2","MSc.","> 5 years","MSc.","Part-time","500",3,6,3,"Regularly",1,3,2,20,10,45,NA,42,19,4,NA,NA,"petition",1,1,"ahosr93r_4","19_1",0,"control",NA,NA,50,0.444444444444444,0.933333333333333,22,20,80,4,23.3333333333333,300,348,7.73333333333333,480,0,0,72.5,10,0,NA,NA,NA,NA,NA
8,"8gd3793t",19,0,143,143,"questionnaire","ThankYou","2026-06-09 08:45:00.076774",13.65,"petition",6,1780995820.5651,"ahosr93r",8,0,1,0,0,0,1,1,0,NA,"Petition (0 cost to you)",3,3,2,2,1,3,3,3,1,1,73.1617647058823,1,19,41,"Austria","Man","Sociology","1-2","MSc.","> 5 years","MSc.","Part-time","500",3,6,3,"Regularly",2,3,8,80,40,45,NA,92,NA,4,NA,NA,"petition",2,2,"ahosr93r_4","19_1",0,"control",NA,NA,50,1.77777777777778,2.04444444444444,12,32.5,130,4,30,380,458,10.1777777777778,608,0,0,75.328947368421,0,7.5,23.3333333333333,NA,NA,10,0
8,"8gd3793t",19,0,143,143,"questionnaire","ThankYou","2026-06-09 08:45:00.076774",13.65,"petition",6,1780995820.5651,"ahosr93r",8,0,1,0,0,0,1,1,0,NA,"Petition (0 cost to you)",3,3,2,2,1,3,3,3,1,1,73.1617647058823,1,19,41,"Austria","Man","Sociology","1-2","MSc.","> 5 years","MSc.","Part-time","500",3,6,3,"Regularly",3,3,5,50,20,45,NA,78,NA,4,NA,NA,"petition",3,3,"ahosr93r_4","19_1",0,"control",NA,NA,40,1.11111111111111,1.73333333333333,28,30,120,4,33.3333333333333,360,432,9.6,576,0,1,75,10,0,30,NA,NA,0,7.5
8,"8gd3793t",19,0,143,143,"questionnaire","ThankYou","2026-06-09 08:45:00.076774",13.65,"petition",6,1780995820.5651,"ahosr93r",8,0,1,0,0,0,1,1,0,NA,"Petition (0 cost to you)",3,3,2,2,1,3,3,3,1,1,73.1617647058823,1,19,41,"Austria","Man","Sociology","1-2","MSc.","> 5 years","MSc.","Part-time","500",3,6,3,"Regularly",4,3,9,90,45,45,NA,107,NA,4,NA,NA,"petition",4,4,"ahosr93r_4","19_1",0,"control",NA,NA,50,2,2.37777777777778,17,38.75,155,4,36.6666666666667,370,463,10.2888888888889,592,0,0,78.2094594594595,0,6.25,33.3333333333333,NA,NA,10,0
8,"8gd3793t",19,0,143,143,"questionnaire","ThankYou","2026-06-09 08:45:00.076774",13.65,"petition",6,1780995820.5651,"ahosr93r",8,0,1,0,0,0,1,1,0,NA,"Petition (0 cost to you)",3,3,2,2,1,3,3,3,1,1,73.1617647058823,1,19,41,"Austria","Man","Sociology","1-2","MSc.","> 5 years","MSc.","Part-time","500",3,6,3,"Regularly",5,3,7,70,25,45,NA,91,NA,4,NA,NA,"petition",5,5,"ahosr93r_4","19_1",0,"control",NA,NA,35.7142857142857,1.55555555555556,2.02222222222222,21,28.75,115,4,30,390,459,10.2,624,0,0,73.5576923076923,3.75,0,36.6666666666667,NA,NA,0,6.25
8,"8gd3793t",19,0,143,143,"questionnaire","ThankYou","2026-06-09 08:45:00.076774",13.65,"petition",6,1780995820.5651,"ahosr93r",8,0,1,0,0,0,1,1,0,NA,"Petition (0 cost to you)",3,3,2,2,1,3,3,3,1,1,73.1617647058823,1,19,41,"Austria","Man","Sociology","1-2","MSc.","> 5 years","MSc.","Part-time","500",3,6,3,"Regularly",6,3,8,80,35,45,NA,91,NA,4,NA,NA,"petition",6,6,"ahosr93r_4","19_1",0,"control",NA,NA,43.75,1.77777777777778,2.02222222222222,11,28.75,115,4,26.6666666666667,440,509,11.3111111111111,704,0,1,72.3011363636364,0,6.25,30,NA,NA,3.75,0
8,"8gd3793t",19,0,143,143,"questionnaire","ThankYou","2026-06-09 08:45:00.076774",13.65,"petition",6,1780995820.5651,"ahosr93r",8,0,1,0,0,0,1,1,0,NA,"Petition (0 cost to you)",3,3,2,2,1,3,3,3,1,1,73.1617647058823,1,19,41,"Austria","Man","Sociology","1-2","MSc.","> 5 years","MSc.","Part-time","500",3,6,3,"Regularly",7,3,6,60,25,45,NA,63.8,NA,4,NA,NA,"petition",7,7,"ahosr93r_4","19_1",0,"control",NA,NA,41.6666666666667,1.33333333333333,1.41777777777778,3.8,18,72,4,15.6666666666667,390,433.2,9.62666666666667,624,0,1,69.4230769230769,0,7,26.6666666666667,NA,NA,0,6.25
8,"8gd3793t",19,0,143,143,"questionnaire","ThankYou","2026-06-09 08:45:00.076774",13.65,"petition",6,1780995820.5651,"ahosr93r",8,0,1,0,0,0,1,1,0,NA,"Petition (0 cost to you)",3,3,2,2,1,3,3,3,1,1,73.1617647058823,1,19,41,"Austria","Man","Sociology","1-2","MSc.","> 5 years","MSc.","Part-time","500",3,6,3,"Regularly",8,3,5,50,20,45,1,110,NA,4,4,NA,"petition",8,1,"ahosr93r_4","19_1",1,"petition",100,1,40,1.11111111111111,2.44444444444444,60,50,200,4,60,350,470,10.4444444444444,560,16,0,83.9285714285714,30,0,15.6666666666667,0,7,0,7
8,"8gd3793t",19,0,143,143,"questionnaire","ThankYou","2026-06-09 08:45:00.076774",13.65,"petition",6,1780995820.5651,"ahosr93r",8,0,1,0,0,0,1,1,0,NA,"Petition (0 cost to you)",3,3,2,2,1,3,3,3,1,1,73.1617647058823,1,19,41,"Austria","Man","Sociology","1-2","MSc.","> 5 years","MSc.","Part-time","500",3,6,3,"Regularly",9,3,5,50,20,45,1,98,NA,4,4,0,"petition",9,2,"ahosr93r_4","19_1",1,"petition",100,1,40,1.11111111111111,2.17777777777778,48,42.5,170,4,50,360,462,10.2666666666667,576,16,0,80.2083333333333,22.5,0,60,30,0,30,0
8,"8gd3793t",19,0,143,143,"questionnaire","ThankYou","2026-06-09 08:45:00.076774",13.65,"petition",6,1780995820.5651,"ahosr93r",8,0,1,0,0,0,1,1,0,NA,"Petition (0 cost to you)",3,3,2,2,1,3,3,3,1,1,73.1617647058823,1,19,41,"Austria","Man","Sociology","1-2","MSc.","> 5 years","MSc.","Part-time","500",3,6,3,"Regularly",10,3,9,90,40,45,0,106,NA,4,3,0,"petition",10,3,"ahosr93r_4","19_1",1,"petition",75,1,44.4444444444444,2,2.35555555555556,16,35,140,4,33.3333333333333,440,524,11.6444444444444,704,12,0,74.4318181818182,0,5,50,22.5,0,22.5,0
8,"8gd3793t",19,0,143,143,"questionnaire","ThankYou","2026-06-09 08:45:00.076774",13.65,"petition",6,1780995820.5651,"ahosr93r",8,0,1,0,0,0,1,1,0,NA,"Petition (0 cost to you)",3,3,2,2,1,3,3,3,1,1,73.1617647058823,1,19,41,"Austria","Man","Sociology","1-2","MSc.","> 5 years","MSc.","Part-time","500",3,6,3,"Regularly",11,3,8,80,30,45,0,90,NA,4,2,0,"petition",11,4,"ahosr93r_4","19_1",1,"petition",50,1,37.5,1.77777777777778,2,10,25,100,4,23.3333333333333,430,490,10.8888888888889,688,8,1,71.2209302325581,0,5,33.3333333333333,0,5,0,5
8,"8gd3793t",19,0,143,143,"questionnaire","ThankYou","2026-06-09 08:45:00.076774",13.65,"petition",6,1780995820.5651,"ahosr93r",8,0,1,0,0,0,1,1,0,NA,"Petition (0 cost to you)",3,3,2,2,1,3,3,3,1,1,73.1617647058823,1,19,41,"Austria","Man","Sociology","1-2","MSc.","> 5 years","MSc.","Part-time","500",3,6,3,"Regularly",12,3,7,70,20,45,1,98,NA,4,4,0,"petition",12,5,"ahosr93r_4","19_1",1,"petition",100,1,28.5714285714286,1.55555555555556,2.17777777777778,28,30,120,4,33.3333333333333,380,452,10.0444444444444,608,16,0,74.3421052631579,10,0,23.3333333333333,0,5,0,5
8,"8gd3793t",19,0,143,143,"questionnaire","ThankYou","2026-06-09 08:45:00.076774",13.65,"petition",6,1780995820.5651,"ahosr93r",8,0,1,0,0,0,1,1,0,NA,"Petition (0 cost to you)",3,3,2,2,1,3,3,3,1,1,73.1617647058823,1,19,41,"Austria","Man","Sociology","1-2","MSc.","> 5 years","MSc.","Part-time","500",3,6,3,"Regularly",13,3,8,80,20,45,0,80,NA,4,1,0,"petition",13,6,"ahosr93r_4","19_1",1,"petition",25,1,25,1.77777777777778,1.77777777777778,0,12.5,50,4,10,440,470,10.4444444444444,704,4,2,66.7613636363636,0,7.5,33.3333333333333,10,0,10,0
8,"8gd3793t",19,0,143,143,"questionnaire","ThankYou","2026-06-09 08:45:00.076774",13.65,"petition",6,1780995820.5651,"ahosr93r",8,0,1,0,0,0,1,1,0,NA,"Petition (0 cost to you)",3,3,2,2,1,3,3,3,1,1,73.1617647058823,1,19,41,"Austria","Man","Sociology","1-2","MSc.","> 5 years","MSc.","Part-time","500",3,6,3,"Regularly",14,3,7,70,20,45,1,86,NA,4,4,0,"petition",14,7,"ahosr93r_4","19_1",1,"petition",100,1,28.5714285714286,1.55555555555556,1.91111111111111,16,22.5,90,4,23.3333333333333,450,504,11.2,720,16,1,70,2.5,0,10,0,7.5,0,7.5
19,"9mcj0ohn",17,0,143,143,"questionnaire","ThankYou","2026-06-09 08:45:01.329408",20.1,"demonstration",7,1780995819.01845,"ahosr93r",19,0,0,0,0,0,1,0,0,NA,"Petition (0 cost to you)",3,1,1,3,3,1,1,1,1,1,73.5294117647059,1,17,24,"Palestine","Man","Economics","3-4","MSc.","3-5","BSc.","In education","200",2,8,10,"No",1,3,12,120,0,45,NA,140,17,2,NA,NA,"demonstration",1,1,"ahosr93r_2","17_1",0,"control",NA,NA,0,2.66666666666667,3.11111111111111,20,12.5,50,4,16.6666666666667,310,340,7.55555555555556,496,0,2,68.5483870967742,12.5,0,NA,NA,NA,NA,NA
19,"9mcj0ohn",17,0,143,143,"questionnaire","ThankYou","2026-06-09 08:45:01.329408",20.1,"demonstration",7,1780995819.01845,"ahosr93r",19,0,0,0,0,0,1,0,0,NA,"Petition (0 cost to you)",3,1,1,3,3,1,1,1,1,1,73.5294117647059,1,17,24,"Palestine","Man","Economics","3-4","MSc.","3-5","BSc.","In education","200",2,8,10,"No",2,3,10,100,0,45,NA,120,NA,2,NA,NA,"demonstration",2,2,"ahosr93r_2","17_1",0,"control",NA,NA,0,2.22222222222222,2.66666666666667,20,12.5,50,4,16.6666666666667,360,390,8.66666666666667,576,0,1,67.7083333333333,12.5,0,16.6666666666667,NA,NA,12.5,0
19,"9mcj0ohn",17,0,143,143,"questionnaire","ThankYou","2026-06-09 08:45:01.329408",20.1,"demonstration",7,1780995819.01845,"ahosr93r",19,0,0,0,0,0,1,0,0,NA,"Petition (0 cost to you)",3,1,1,3,3,1,1,1,1,1,73.5294117647059,1,17,24,"Palestine","Man","Economics","3-4","MSc.","3-5","BSc.","In education","200",2,8,10,"No",3,3,13,130,0,45,NA,144,NA,2,NA,NA,"demonstration",3,3,"ahosr93r_2","17_1",0,"control",NA,NA,0,2.88888888888889,3.2,14,8.75,35,4,11.6666666666667,380,401,8.91111111111111,608,0,1,65.953947368421,8.75,0,16.6666666666667,NA,NA,12.5,0
19,"9mcj0ohn",17,0,143,143,"questionnaire","ThankYou","2026-06-09 08:45:01.329408",20.1,"demonstration",7,1780995819.01845,"ahosr93r",19,0,0,0,0,0,1,0,0,NA,"Petition (0 cost to you)",3,1,1,3,3,1,1,1,1,1,73.5294117647059,1,17,24,"Palestine","Man","Economics","3-4","MSc.","3-5","BSc.","In education","200",2,8,10,"No",4,3,10,100,0,45,NA,110,NA,2,NA,NA,"demonstration",4,4,"ahosr93r_2","17_1",0,"control",NA,NA,0,2.22222222222222,2.44444444444444,10,6.25,25,4,8.33333333333333,320,335,7.44444444444444,512,0,2,65.4296875,6.25,0,11.6666666666667,NA,NA,8.75,0
19,"9mcj0ohn",17,0,143,143,"questionnaire","ThankYou","2026-06-09 08:45:01.329408",20.1,"demonstration",7,1780995819.01845,"ahosr93r",19,0,0,0,0,0,1,0,0,NA,"Petition (0 cost to you)",3,1,1,3,3,1,1,1,1,1,73.5294117647059,1,17,24,"Palestine","Man","Economics","3-4","MSc.","3-5","BSc.","In education","200",2,8,10,"No",5,3,13,130,0,45,NA,142,NA,2,NA,NA,"demonstration",5,5,"ahosr93r_2","17_1",0,"control",NA,NA,0,2.88888888888889,3.15555555555556,12,7.5,30,4,10,420,438,9.73333333333333,672,0,1,65.1785714285714,7.5,0,8.33333333333333,NA,NA,6.25,0
19,"9mcj0ohn",17,0,143,143,"questionnaire","ThankYou","2026-06-09 08:45:01.329408",20.1,"demonstration",7,1780995819.01845,"ahosr93r",19,0,0,0,0,0,1,0,0,NA,"Petition (0 cost to you)",3,1,1,3,3,1,1,1,1,1,73.5294117647059,1,17,24,"Palestine","Man","Economics","3-4","MSc.","3-5","BSc.","In education","200",2,8,10,"No",6,3,13,130,0,45,NA,138,NA,2,NA,NA,"demonstration",6,6,"ahosr93r_2","17_1",0,"control",NA,NA,0,2.88888888888889,3.06666666666667,8,5,20,4,6.66666666666667,450,462,10.2666666666667,720,0,2,64.1666666666667,5,0,10,NA,NA,7.5,0
19,"9mcj0ohn",17,0,143,143,"questionnaire","ThankYou","2026-06-09 08:45:01.329408",20.1,"demonstration",7,1780995819.01845,"ahosr93r",19,0,0,0,0,0,1,0,0,NA,"Petition (0 cost to you)",3,1,1,3,3,1,1,1,1,1,73.5294117647059,1,17,24,"Palestine","Man","Economics","3-4","MSc.","3-5","BSc.","In education","200",2,8,10,"No",7,3,13,130,0,45,NA,134,NA,2,NA,NA,"demonstration",7,7,"ahosr93r_2","17_1",0,"control",NA,NA,0,2.88888888888889,2.97777777777778,4,2.5,10,4,3.33333333333333,370,376,8.35555555555556,592,0,2,63.5135135135135,2.5,0,6.66666666666667,NA,NA,5,0
19,"9mcj0ohn",17,0,143,143,"questionnaire","ThankYou","2026-06-09 08:45:01.329408",20.1,"demonstration",7,1780995819.01845,"ahosr93r",19,0,0,0,0,0,1,0,0,NA,"Petition (0 cost to you)",3,1,1,3,3,1,1,1,1,1,73.5294117647059,1,17,24,"Palestine","Man","Economics","3-4","MSc.","3-5","BSc.","In education","200",2,8,10,"No",8,3,14,140,0,45,0,140,NA,2,0,0,"demonstration",8,1,"ahosr93r_2","17_1",1,"demonstration",0,0,0,3.11111111111111,3.11111111111111,0,0,0,4,0,410,410,9.11111111111111,656,0,4,62.5,0,0,3.33333333333333,2.5,0,2.5,0
19,"9mcj0ohn",17,0,143,143,"questionnaire","ThankYou","2026-06-09 08:45:01.329408",20.1,"demonstration",7,1780995819.01845,"ahosr93r",19,0,0,0,0,0,1,0,0,NA,"Petition (0 cost to you)",3,1,1,3,3,1,1,1,1,1,73.5294117647059,1,17,24,"Palestine","Man","Economics","3-4","MSc.","3-5","BSc.","In education","200",2,8,10,"No",9,3,12,120,0,45,0,120,NA,2,0,0,"demonstration",9,2,"ahosr93r_2","17_1",1,"demonstration",0,0,0,2.66666666666667,2.66666666666667,0,0,0,4,0,390,390,8.66666666666667,624,0,4,62.5,0,0,0,0,0,0,0
19,"9mcj0ohn",17,0,143,143,"questionnaire","ThankYou","2026-06-09 08:45:01.329408",20.1,"demonstration",7,1780995819.01845,"ahosr93r",19,0,0,0,0,0,1,0,0,NA,"Petition (0 cost to you)",3,1,1,3,3,1,1,1,1,1,73.5294117647059,1,17,24,"Palestine","Man","Economics","3-4","MSc.","3-5","BSc.","In education","200",2,8,10,"No",10,3,14,140,0,45,0,140,NA,2,0,0,"demonstration",10,3,"ahosr93r_2","17_1",1,"demonstration",0,0,0,3.11111111111111,3.11111111111111,0,0,0,4,0,510,510,11.3333333333333,816,0,4,62.5,0,0,0,0,0,0,0
19,"9mcj0ohn",17,0,143,143,"questionnaire","ThankYou","2026-06-09 08:45:01.329408",20.1,"demonstration",7,1780995819.01845,"ahosr93r",19,0,0,0,0,0,1,0,0,NA,"Petition (0 cost to you)",3,1,1,3,3,1,1,1,1,1,73.5294117647059,1,17,24,"Palestine","Man","Economics","3-4","MSc.","3-5","BSc.","In education","200",2,8,10,"No",11,3,15,150,0,45,0,150,NA,2,0,0,"demonstration",11,4,"ahosr93r_2","17_1",1,"demonstration",0,0,0,3.33333333333333,3.33333333333333,0,0,0,4,0,510,510,11.3333333333333,816,0,4,62.5,0,0,0,0,0,0,0
19,"9mcj0ohn",17,0,143,143,"questionnaire","ThankYou","2026-06-09 08:45:01.329408",20.1,"demonstration",7,1780995819.01845,"ahosr93r",19,0,0,0,0,0,1,0,0,NA,"Petition (0 cost to you)",3,1,1,3,3,1,1,1,1,1,73.5294117647059,1,17,24,"Palestine","Man","Economics","3-4","MSc.","3-5","BSc.","In education","200",2,8,10,"No",12,3,11,110,0,45,0,110,NA,2,0,0,"demonstration",12,5,"ahosr93r_2","17_1",1,"demonstration",0,0,0,2.44444444444444,2.44444444444444,0,0,0,4,0,430,430,9.55555555555556,688,0,4,62.5,0,0,0,0,0,0,0
19,"9mcj0ohn",17,0,143,143,"questionnaire","ThankYou","2026-06-09 08:45:01.329408",20.1,"demonstration",7,1780995819.01845,"ahosr93r",19,0,0,0,0,0,1,0,0,NA,"Petition (0 cost to you)",3,1,1,3,3,1,1,1,1,1,73.5294117647059,1,17,24,"Palestine","Man","Economics","3-4","MSc.","3-5","BSc.","In education","200",2,8,10,"No",13,3,10,100,0,45,0,100,NA,2,0,0,"demonstration",13,6,"ahosr93r_2","17_1",1,"demonstration",0,0,0,2.22222222222222,2.22222222222222,0,0,0,4,0,410,410,9.11111111111111,656,0,4,62.5,0,0,0,0,0,0,0
19,"9mcj0ohn",17,0,143,143,"questionnaire","ThankYou","2026-06-09 08:45:01.329408",20.1,"demonstration",7,1780995819.01845,"ahosr93r",19,0,0,0,0,0,1,0,0,NA,"Petition (0 cost to you)",3,1,1,3,3,1,1,1,1,1,73.5294117647059,1,17,24,"Palestine","Man","Economics","3-4","MSc.","3-5","BSc.","In education","200",2,8,10,"No",14,3,11,110,0,45,0,118,NA,2,1,0,"demonstration",14,7,"ahosr93r_2","17_1",1,"demonstration",25,1,0,2.44444444444444,2.62222222222222,8,5,20,4,6.66666666666667,410,422,9.37777777777778,656,4,2,64.3292682926829,5,0,0,0,0,0,0
4,"9varpwsl",25,0,78,143,"activism","WaitForResults","2026-06-09 08:44:59.654095",0,"petition",NA,NA,"ahosr93r",4,0,NA,NA,NA,NA,NA,NA,NA,NA,NA,NA,NA,NA,NA,NA,NA,NA,NA,1,1,48.8970588235294,1,25,22,"Austria","Woman","Business Law","3-4","BSc","3-5 years","Secondary School","Part-time","500",5,4,6,"No",1,1,7,70,10,45,NA,116,25,1,NA,NA,"petition",1,1,"ahosr93r_1","25_1",0,"control",NA,NA,14.2857142857143,1.55555555555556,2.57777777777778,46,35,140,4,43.3333333333333,250,334,7.42222222222222,400,0,0,83.5,25,0,NA,NA,NA,NA,NA
4,"9varpwsl",25,0,78,143,"activism","WaitForResults","2026-06-09 08:44:59.654095",0,"petition",NA,NA,"ahosr93r",4,0,NA,NA,NA,NA,NA,NA,NA,NA,NA,NA,NA,NA,NA,NA,NA,NA,NA,1,1,48.8970588235294,1,25,22,"Austria","Woman","Business Law","3-4","BSc","3-5 years","Secondary School","Part-time","500",5,4,6,"No",2,1,11,110,20,45,NA,178,NA,1,NA,NA,"petition",2,2,"ahosr93r_1","25_1",0,"control",NA,NA,18.1818181818182,2.44444444444444,3.95555555555556,68,55,220,4,66.6666666666667,400,532,11.8222222222222,640,0,0,83.125,35,0,43.3333333333333,NA,NA,25,0
4,"9varpwsl",25,0,78,143,"activism","WaitForResults","2026-06-09 08:44:59.654095",0,"petition",NA,NA,"ahosr93r",4,0,NA,NA,NA,NA,NA,NA,NA,NA,NA,NA,NA,NA,NA,NA,NA,NA,NA,1,1,48.8970588235294,1,25,22,"Austria","Woman","Business Law","3-4","BSc","3-5 years","Secondary School","Part-time","500",5,4,6,"No",3,1,9,90,10,45,NA,156,NA,1,NA,NA,"petition",3,3,"ahosr93r_1","25_1",0,"control",NA,NA,11.1111111111111,2,3.46666666666667,66,47.5,190,4,60,330,444,9.86666666666667,528,0,0,84.0909090909091,37.5,0,66.6666666666667,NA,NA,35,0
4,"9varpwsl",25,0,78,143,"activism","WaitForResults","2026-06-09 08:44:59.654095",0,"petition",NA,NA,"ahosr93r",4,0,NA,NA,NA,NA,NA,NA,NA,NA,NA,NA,NA,NA,NA,NA,NA,NA,NA,1,1,48.8970588235294,1,25,22,"Austria","Woman","Business Law","3-4","BSc","3-5 years","Secondary School","Part-time","500",5,4,6,"No",4,1,12,120,20,45,NA,188,NA,1,NA,NA,"petition",4,4,"ahosr93r_1","25_1",0,"control",NA,NA,16.6666666666667,2.66666666666667,4.17777777777778,68,55,220,4,66.6666666666667,420,552,12.2666666666667,672,0,0,82.1428571428571,35,0,60,NA,NA,37.5,0
4,"9varpwsl",25,0,78,143,"activism","WaitForResults","2026-06-09 08:44:59.654095",0,"petition",NA,NA,"ahosr93r",4,0,NA,NA,NA,NA,NA,NA,NA,NA,NA,NA,NA,NA,NA,NA,NA,NA,NA,1,1,48.8970588235294,1,25,22,"Austria","Woman","Business Law","3-4","BSc","3-5 years","Secondary School","Part-time","500",5,4,6,"No",5,1,11,110,10,45,NA,196,NA,1,NA,NA,"petition",5,5,"ahosr93r_1","25_1",0,"control",NA,NA,9.09090909090909,2.44444444444444,4.35555555555556,86,60,240,4,76.6666666666667,420,564,12.5333333333333,672,0,0,83.9285714285714,50,0,66.6666666666667,NA,NA,35,0
4,"9varpwsl",25,0,78,143,"activism","WaitForResults","2026-06-09 08:44:59.654095",0,"petition",NA,NA,"ahosr93r",4,0,NA,NA,NA,NA,NA,NA,NA,NA,NA,NA,NA,NA,NA,NA,NA,NA,NA,1,1,48.8970588235294,1,25,22,"Austria","Woman","Business Law","3-4","BSc","3-5 years","Secondary School","Part-time","500",5,4,6,"No",6,1,12,120,20,45,NA,212,NA,1,NA,NA,"petition",6,6,"ahosr93r_1","25_1",0,"control",NA,NA,16.6666666666667,2.66666666666667,4.71111111111111,92,70,280,4,86.6666666666667,450,618,13.7333333333333,720,0,0,85.8333333333333,50,0,76.6666666666667,NA,NA,50,0
4,"9varpwsl",25,0,78,143,"activism","WaitForResults","2026-06-09 08:44:59.654095",0,"petition",NA,NA,"ahosr93r",4,0,NA,NA,NA,NA,NA,NA,NA,NA,NA,NA,NA,NA,NA,NA,NA,NA,NA,1,1,48.8970588235294,1,25,22,"Austria","Woman","Business Law","3-4","BSc","3-5 years","Secondary School","Part-time","500",5,4,6,"No",7,1,12,120,10,45,NA,208,NA,1,NA,NA,"petition",7,7,"ahosr93r_1","25_1",0,"control",NA,NA,8.33333333333333,2.66666666666667,4.62222222222222,88,61.25,245,4,78.3333333333333,430,577,12.8222222222222,688,0,0,83.8662790697674,51.25,0,86.6666666666667,NA,NA,50,0
28,"a3llmru2",6,0,143,143,"questionnaire","ThankYou","2026-06-09 08:45:12.476124",17.4,"petition",6,1780995862.33695,"ahosr93r",28,0,1,0,1,0,1,0,0,NA,"Petition (0 cost to you)",5,2,4,1,3,2,2,4,1,1,73.1617647058823,1,6,17,"Russian","Man","Physics","1-2","BSc","<1 year","Secondary School","Part-time","200",5,5,7,"Once",1,1,10,100,30,45,NA,102,6,4,NA,NA,"petition",1,1,"ahosr93r_4","6_1",0,"control",NA,NA,30,2.22222222222222,2.26666666666667,2,20,80,4,16.6666666666667,300,348,7.73333333333333,480,0,0,72.5,0,10,NA,NA,NA,NA,NA
28,"a3llmru2",6,0,143,143,"questionnaire","ThankYou","2026-06-09 08:45:12.476124",17.4,"petition",6,1780995862.33695,"ahosr93r",28,0,1,0,1,0,1,0,0,NA,"Petition (0 cost to you)",5,2,4,1,3,2,2,4,1,1,73.1617647058823,1,6,17,"Russian","Man","Physics","1-2","BSc","<1 year","Secondary School","Part-time","200",5,5,7,"Once",2,1,10,100,40,45,NA,112,NA,4,NA,NA,"petition",2,2,"ahosr93r_4","6_1",0,"control",NA,NA,40,2.22222222222222,2.48888888888889,12,32.5,130,4,30,380,458,10.1777777777778,608,0,0,75.328947368421,0,7.5,16.6666666666667,NA,NA,0,10
28,"a3llmru2",6,0,143,143,"questionnaire","ThankYou","2026-06-09 08:45:12.476124",17.4,"petition",6,1780995862.33695,"ahosr93r",28,0,1,0,1,0,1,0,0,NA,"Petition (0 cost to you)",5,2,4,1,3,2,2,4,1,1,73.1617647058823,1,6,17,"Russian","Man","Physics","1-2","BSc","<1 year","Secondary School","Part-time","200",5,5,7,"Once",3,1,12,120,60,45,NA,108,NA,4,NA,NA,"petition",3,3,"ahosr93r_4","6_1",0,"control",NA,NA,50,2.66666666666667,2.4,-12,30,120,4,20,360,432,9.6,576,0,1,75,0,30,30,NA,NA,0,7.5
28,"a3llmru2",6,0,143,143,"questionnaire","ThankYou","2026-06-09 08:45:12.476124",17.4,"petition",6,1780995862.33695,"ahosr93r",28,0,1,0,1,0,1,0,0,NA,"Petition (0 cost to you)",5,2,4,1,3,2,2,4,1,1,73.1617647058823,1,6,17,"Russian","Man","Physics","1-2","BSc","<1 year","Secondary School","Part-time","200",5,5,7,"Once",4,1,12,120,40,45,NA,142,NA,4,NA,NA,"petition",4,4,"ahosr93r_4","6_1",0,"control",NA,NA,33.3333333333333,2.66666666666667,3.15555555555556,22,38.75,155,4,38.3333333333333,370,463,10.2888888888889,592,0,0,78.2094594594595,0,1.25,20,NA,NA,0,30
28,"a3llmru2",6,0,143,143,"questionnaire","ThankYou","2026-06-09 08:45:12.476124",17.4,"petition",6,1780995862.33695,"ahosr93r",28,0,1,0,1,0,1,0,0,NA,"Petition (0 cost to you)",5,2,4,1,3,2,2,4,1,1,73.1617647058823,1,6,17,"Russian","Man","Physics","1-2","BSc","<1 year","Secondary School","Part-time","200",5,5,7,"Once",5,1,12,120,50,45,NA,116,NA,4,NA,NA,"petition",5,5,"ahosr93r_4","6_1",0,"control",NA,NA,41.6666666666667,2.66666666666667,2.57777777777778,-4,28.75,115,4,21.6666666666667,390,459,10.2,624,0,0,73.5576923076923,0,21.25,38.3333333333333,NA,NA,0,1.25
28,"a3llmru2",6,0,143,143,"questionnaire","ThankYou","2026-06-09 08:45:12.476124",17.4,"petition",6,1780995862.33695,"ahosr93r",28,0,1,0,1,0,1,0,0,NA,"Petition (0 cost to you)",5,2,4,1,3,2,2,4,1,1,73.1617647058823,1,6,17,"Russian","Man","Physics","1-2","BSc","<1 year","Secondary School","Part-time","200",5,5,7,"Once",6,1,12,120,50,45,NA,116,NA,4,NA,NA,"petition",6,6,"ahosr93r_4","6_1",0,"control",NA,NA,41.6666666666667,2.66666666666667,2.57777777777778,-4,28.75,115,4,21.6666666666667,440,509,11.3111111111111,704,0,1,72.3011363636364,0,21.25,21.6666666666667,NA,NA,0,21.25
28,"a3llmru2",6,0,143,143,"questionnaire","ThankYou","2026-06-09 08:45:12.476124",17.4,"petition",6,1780995862.33695,"ahosr93r",28,0,1,0,1,0,1,0,0,NA,"Petition (0 cost to you)",5,2,4,1,3,2,2,4,1,1,73.1617647058823,1,6,17,"Russian","Man","Physics","1-2","BSc","<1 year","Secondary School","Part-time","200",5,5,7,"Once",7,1,13,130,0,45,NA,158.8,NA,4,NA,NA,"petition",7,7,"ahosr93r_4","6_1",0,"control",NA,NA,0,2.88888888888889,3.52888888888889,28.8,18,72,4,24,390,433.2,9.62666666666667,624,0,1,69.4230769230769,18,0,21.6666666666667,NA,NA,0,21.25
28,"a3llmru2",6,0,143,143,"questionnaire","ThankYou","2026-06-09 08:45:12.476124",17.4,"petition",6,1780995862.33695,"ahosr93r",28,0,1,0,1,0,1,0,0,NA,"Petition (0 cost to you)",5,2,4,1,3,2,2,4,1,1,73.1617647058823,1,6,17,"Russian","Man","Physics","1-2","BSc","<1 year","Secondary School","Part-time","200",5,5,7,"Once",8,1,12,120,100,45,1,100,NA,4,4,NA,"petition",8,1,"ahosr93r_4","6_1",1,"petition",100,1,83.3333333333333,2.66666666666667,2.22222222222222,-20,50,200,4,33.3333333333333,350,470,10.4444444444444,560,16,0,83.9285714285714,0,50,24,18,0,18,0
28,"a3llmru2",6,0,143,143,"questionnaire","ThankYou","2026-06-09 08:45:12.476124",17.4,"petition",6,1780995862.33695,"ahosr93r",28,0,1,0,1,0,1,0,0,NA,"Petition (0 cost to you)",5,2,4,1,3,2,2,4,1,1,73.1617647058823,1,6,17,"Russian","Man","Physics","1-2","BSc","<1 year","Secondary School","Part-time","200",5,5,7,"Once",9,1,11,110,20,45,1,158,NA,4,4,0,"petition",9,2,"ahosr93r_4","6_1",1,"petition",100,1,18.1818181818182,2.44444444444444,3.51111111111111,48,42.5,170,4,50,360,462,10.2666666666667,576,16,0,80.2083333333333,22.5,0,33.3333333333333,0,50,0,50
28,"a3llmru2",6,0,143,143,"questionnaire","ThankYou","2026-06-09 08:45:12.476124",17.4,"petition",6,1780995862.33695,"ahosr93r",28,0,1,0,1,0,1,0,0,NA,"Petition (0 cost to you)",5,2,4,1,3,2,2,4,1,1,73.1617647058823,1,6,17,"Russian","Man","Physics","1-2","BSc","<1 year","Secondary School","Part-time","200",5,5,7,"Once",10,1,11,110,30,45,1,136,NA,4,3,0,"petition",10,3,"ahosr93r_4","6_1",1,"petition",75,1,27.2727272727273,2.44444444444444,3.02222222222222,26,35,140,4,36.6666666666667,440,524,11.6444444444444,704,12,0,74.4318181818182,5,0,50,22.5,0,22.5,0
28,"a3llmru2",6,0,143,143,"questionnaire","ThankYou","2026-06-09 08:45:12.476124",17.4,"petition",6,1780995862.33695,"ahosr93r",28,0,1,0,1,0,1,0,0,NA,"Petition (0 cost to you)",5,2,4,1,3,2,2,4,1,1,73.1617647058823,1,6,17,"Russian","Man","Physics","1-2","BSc","<1 year","Secondary School","Part-time","200",5,5,7,"Once",11,1,14,140,0,45,0,180,NA,4,2,0,"petition",11,4,"ahosr93r_4","6_1",1,"petition",50,1,0,3.11111111111111,4,40,25,100,4,33.3333333333333,430,490,10.8888888888889,688,8,1,71.2209302325581,25,0,36.6666666666667,5,0,5,0
28,"a3llmru2",6,0,143,143,"questionnaire","ThankYou","2026-06-09 08:45:12.476124",17.4,"petition",6,1780995862.33695,"ahosr93r",28,0,1,0,1,0,1,0,0,NA,"Petition (0 cost to you)",5,2,4,1,3,2,2,4,1,1,73.1617647058823,1,6,17,"Russian","Man","Physics","1-2","BSc","<1 year","Secondary School","Part-time","200",5,5,7,"Once",12,1,10,100,20,45,1,128,NA,4,4,0,"petition",12,5,"ahosr93r_4","6_1",1,"petition",100,1,20,2.22222222222222,2.84444444444444,28,30,120,4,33.3333333333333,380,452,10.0444444444444,608,16,0,74.3421052631579,10,0,33.3333333333333,25,0,25,0
28,"a3llmru2",6,0,143,143,"questionnaire","ThankYou","2026-06-09 08:45:12.476124",17.4,"petition",6,1780995862.33695,"ahosr93r",28,0,1,0,1,0,1,0,0,NA,"Petition (0 cost to you)",5,2,4,1,3,2,2,4,1,1,73.1617647058823,1,6,17,"Russian","Man","Physics","1-2","BSc","<1 year","Secondary School","Part-time","200",5,5,7,"Once",13,1,14,140,0,45,0,160,NA,4,1,0,"petition",13,6,"ahosr93r_4","6_1",1,"petition",25,1,0,3.11111111111111,3.55555555555556,20,12.5,50,4,16.6666666666667,440,470,10.4444444444444,704,4,2,66.7613636363636,12.5,0,33.3333333333333,10,0,10,0
28,"a3llmru2",6,0,143,143,"questionnaire","ThankYou","2026-06-09 08:45:12.476124",17.4,"petition",6,1780995862.33695,"ahosr93r",28,0,1,0,1,0,1,0,0,NA,"Petition (0 cost to you)",5,2,4,1,3,2,2,4,1,1,73.1617647058823,1,6,17,"Russian","Man","Physics","1-2","BSc","<1 year","Secondary School","Part-time","200",5,5,7,"Once",14,1,14,140,0,45,1,176,NA,4,4,0,"petition",14,7,"ahosr93r_4","6_1",1,"petition",100,1,0,3.11111111111111,3.91111111111111,36,22.5,90,4,30,450,504,11.2,720,16,1,70,22.5,0,16.6666666666667,12.5,0,12.5,0
21,"amhitlg7",7,0,143,143,"questionnaire","ThankYou","2026-06-09 13:35:29.127149",12.9,"petition",14,1781013407.30761,"tdmddbpq",21,0,1,0,1,0,0,1,0,NA,"Petition (0 cost to you)",3,3,3,4,4,3,4,2,1,1,78.6764705882353,2,7,20,"Hungarian","Woman","WISO","1-2","BSc","<1 year","Secondary school","In education studying","400",2,7,3,"No",1,4,6,60,40,45,NA,76,7,4,NA,NA,"petition",1,1,"tdmddbpq_4","7_2",0,"control",NA,NA,66.6666666666667,1.33333333333333,1.68888888888889,16,35,140,4,33.3333333333333,300,384,8.53333333333333,480,0,0,80,0,5,NA,NA,NA,NA,NA
21,"amhitlg7",7,0,143,143,"questionnaire","ThankYou","2026-06-09 13:35:29.127149",12.9,"petition",14,1781013407.30761,"tdmddbpq",21,0,1,0,1,0,0,1,0,NA,"Petition (0 cost to you)",3,3,3,4,4,3,4,2,1,1,78.6764705882353,2,7,20,"Hungarian","Woman","WISO","1-2","BSc","<1 year","Secondary school","In education studying","400",2,7,3,"No",2,4,7,70,30,45,NA,116,NA,4,NA,NA,"petition",2,2,"tdmddbpq_4","7_2",0,"control",NA,NA,42.8571428571429,1.55555555555556,2.57777777777778,46,47.5,190,4,53.3333333333333,360,474,10.5333333333333,576,0,0,82.2916666666667,17.5,0,33.3333333333333,NA,NA,0,5
21,"amhitlg7",7,0,143,143,"questionnaire","ThankYou","2026-06-09 13:35:29.127149",12.9,"petition",14,1781013407.30761,"tdmddbpq",21,0,1,0,1,0,0,1,0,NA,"Petition (0 cost to you)",3,3,3,4,4,3,4,2,1,1,78.6764705882353,2,7,20,"Hungarian","Woman","WISO","1-2","BSc","<1 year","Secondary school","In education studying","400",2,7,3,"No",3,4,8,80,40,45,NA,88,NA,4,NA,NA,"petition",3,3,"tdmddbpq_4","7_2",0,"control",NA,NA,50,1.77777777777778,1.95555555555556,8,30,120,4,26.6666666666667,290,362,8.04444444444444,464,0,0,78.0172413793103,0,10,53.3333333333333,NA,NA,17.5,0
21,"amhitlg7",7,0,143,143,"questionnaire","ThankYou","2026-06-09 13:35:29.127149",12.9,"petition",14,1781013407.30761,"tdmddbpq",21,0,1,0,1,0,0,1,0,NA,"Petition (0 cost to you)",3,3,3,4,4,3,4,2,1,1,78.6764705882353,2,7,20,"Hungarian","Woman","WISO","1-2","BSc","<1 year","Secondary school","In education studying","400",2,7,3,"No",4,4,8,80,30,45,NA,106,NA,4,NA,NA,"petition",4,4,"tdmddbpq_4","7_2",0,"control",NA,NA,37.5,1.77777777777778,2.35555555555556,26,35,140,4,36.6666666666667,350,434,9.64444444444444,560,0,0,77.5,5,0,26.6666666666667,NA,NA,0,10
21,"amhitlg7",7,0,143,143,"questionnaire","ThankYou","2026-06-09 13:35:29.127149",12.9,"petition",14,1781013407.30761,"tdmddbpq",21,0,1,0,1,0,0,1,0,NA,"Petition (0 cost to you)",3,3,3,4,4,3,4,2,1,1,78.6764705882353,2,7,20,"Hungarian","Woman","WISO","1-2","BSc","<1 year","Secondary school","In education studying","400",2,7,3,"No",5,4,7,70,25,45,NA,99,NA,4,NA,NA,"petition",5,5,"tdmddbpq_4","7_2",0,"control",NA,NA,35.7142857142857,1.55555555555556,2.2,29,33.75,135,4,36.6666666666667,350,431,9.57777777777778,560,0,0,76.9642857142857,8.75,0,36.6666666666667,NA,NA,5,0
21,"amhitlg7",7,0,143,143,"questionnaire","ThankYou","2026-06-09 13:35:29.127149",12.9,"petition",14,1781013407.30761,"tdmddbpq",21,0,1,0,1,0,0,1,0,NA,"Petition (0 cost to you)",3,3,3,4,4,3,4,2,1,1,78.6764705882353,2,7,20,"Hungarian","Woman","WISO","1-2","BSc","<1 year","Secondary school","In education studying","400",2,7,3,"No",6,4,7,70,30,45,NA,72,NA,4,NA,NA,"petition",6,6,"tdmddbpq_4","7_2",0,"control",NA,NA,42.8571428571429,1.55555555555556,1.6,2,20,80,4,16.6666666666667,310,358,7.95555555555556,496,0,1,72.1774193548387,0,10,36.6666666666667,NA,NA,8.75,0
21,"amhitlg7",7,0,143,143,"questionnaire","ThankYou","2026-06-09 13:35:29.127149",12.9,"petition",14,1781013407.30761,"tdmddbpq",21,0,1,0,1,0,0,1,0,NA,"Petition (0 cost to you)",3,3,3,4,4,3,4,2,1,1,78.6764705882353,2,7,20,"Hungarian","Woman","WISO","1-2","BSc","<1 year","Secondary school","In education studying","400",2,7,3,"No",7,4,6,60,20,45,NA,74,NA,4,NA,NA,"petition",7,7,"tdmddbpq_4","7_2",0,"control",NA,NA,33.3333333333333,1.33333333333333,1.64444444444444,14,21.25,85,4,21.6666666666667,340,391,8.68888888888889,544,0,0,71.875,1.25,0,16.6666666666667,NA,NA,0,10
21,"amhitlg7",7,0,143,143,"questionnaire","ThankYou","2026-06-09 13:35:29.127149",12.9,"petition",14,1781013407.30761,"tdmddbpq",21,0,1,0,1,0,0,1,0,NA,"Petition (0 cost to you)",3,3,3,4,4,3,4,2,1,1,78.6764705882353,2,7,20,"Hungarian","Woman","WISO","1-2","BSc","<1 year","Secondary school","In education studying","400",2,7,3,"No",8,4,7,70,25,45,1,99,NA,4,4,0,"petition",8,1,"tdmddbpq_4","7_2",1,"petition",100,1,35.7142857142857,1.55555555555556,2.2,29,33.75,135,4,36.6666666666667,370,451,10.0222222222222,592,16,0,76.1824324324324,8.75,0,21.6666666666667,1.25,0,1.25,0
21,"amhitlg7",7,0,143,143,"questionnaire","ThankYou","2026-06-09 13:35:29.127149",12.9,"petition",14,1781013407.30761,"tdmddbpq",21,0,1,0,1,0,0,1,0,NA,"Petition (0 cost to you)",3,3,3,4,4,3,4,2,1,1,78.6764705882353,2,7,20,"Hungarian","Woman","WISO","1-2","BSc","<1 year","Secondary school","In education studying","400",2,7,3,"No",9,4,5,50,20,45,1,72,NA,4,4,0,"petition",9,2,"tdmddbpq_4","7_2",1,"petition",100,1,40,1.11111111111111,1.6,22,26.25,105,4,28.3333333333333,340,403,8.95555555555556,544,16,0,74.0808823529412,6.25,0,36.6666666666667,8.75,0,8.75,0
21,"amhitlg7",7,0,143,143,"questionnaire","ThankYou","2026-06-09 13:35:29.127149",12.9,"petition",14,1781013407.30761,"tdmddbpq",21,0,1,0,1,0,0,1,0,NA,"Petition (0 cost to you)",3,3,3,4,4,3,4,2,1,1,78.6764705882353,2,7,20,"Hungarian","Woman","WISO","1-2","BSc","<1 year","Secondary school","In education studying","400",2,7,3,"No",10,4,6,60,25,45,1,67,NA,4,4,0,"petition",10,3,"tdmddbpq_4","7_2",1,"petition",100,1,41.6666666666667,1.33333333333333,1.48888888888889,7,20,80,4,18.3333333333333,350,398,8.84444444444444,560,16,0,71.0714285714286,0,5,28.3333333333333,6.25,0,6.25,0
21,"amhitlg7",7,0,143,143,"questionnaire","ThankYou","2026-06-09 13:35:29.127149",12.9,"petition",14,1781013407.30761,"tdmddbpq",21,0,1,0,1,0,0,1,0,NA,"Petition (0 cost to you)",3,3,3,4,4,3,4,2,1,1,78.6764705882353,2,7,20,"Hungarian","Woman","WISO","1-2","BSc","<1 year","Secondary school","In education studying","400",2,7,3,"No",11,4,7,70,30,45,1,68,NA,4,3,0,"petition",11,4,"tdmddbpq_4","7_2",1,"petition",75,1,42.8571428571429,1.55555555555556,1.51111111111111,-2,17.5,70,4,13.3333333333333,360,402,8.93333333333333,576,12,1,69.7916666666667,0,12.5,18.3333333333333,0,5,0,5
21,"amhitlg7",7,0,143,143,"questionnaire","ThankYou","2026-06-09 13:35:29.127149",12.9,"petition",14,1781013407.30761,"tdmddbpq",21,0,1,0,1,0,0,1,0,NA,"Petition (0 cost to you)",3,3,3,4,4,3,4,2,1,1,78.6764705882353,2,7,20,"Hungarian","Woman","WISO","1-2","BSc","<1 year","Secondary school","In education studying","400",2,7,3,"No",12,4,7,70,20,45,1,76,NA,4,3,0,"petition",12,5,"tdmddbpq_4","7_2",1,"petition",75,1,28.5714285714286,1.55555555555556,1.68888888888889,6,16.25,65,4,15,350,389,8.64444444444444,560,12,0,69.4642857142857,0,3.75,13.3333333333333,0,12.5,0,12.5
21,"amhitlg7",7,0,143,143,"questionnaire","ThankYou","2026-06-09 13:35:29.127149",12.9,"petition",14,1781013407.30761,"tdmddbpq",21,0,1,0,1,0,0,1,0,NA,"Petition (0 cost to you)",3,3,3,4,4,3,4,2,1,1,78.6764705882353,2,7,20,"Hungarian","Woman","WISO","1-2","BSc","<1 year","Secondary school","In education studying","400",2,7,3,"No",13,4,7,70,30,45,1,80,NA,4,4,0,"petition",13,6,"tdmddbpq_4","7_2",1,"petition",100,1,42.8571428571429,1.55555555555556,1.77777777777778,10,25,100,4,23.3333333333333,350,410,9.11111111111111,560,16,0,73.2142857142857,0,5,15,0,3.75,0,3.75
21,"amhitlg7",7,0,143,143,"questionnaire","ThankYou","2026-06-09 13:35:29.127149",12.9,"petition",14,1781013407.30761,"tdmddbpq",21,0,1,0,1,0,0,1,0,NA,"Petition (0 cost to you)",3,3,3,4,4,3,4,2,1,1,78.6764705882353,2,7,20,"Hungarian","Woman","WISO","1-2","BSc","<1 year","Secondary school","In education studying","400",2,7,3,"No",14,4,7,70,30,45,1,86,NA,4,4,0,"petition",14,7,"tdmddbpq_4","7_2",1,"petition",100,1,42.8571428571429,1.55555555555556,1.91111111111111,16,28.75,115,4,28.3333333333333,390,459,10.2,624,16,0,73.5576923076923,0,1.25,23.3333333333333,0,5,0,5
27,"bygi6pv2",15,0,143,143,"questionnaire","ThankYou","2026-06-09 13:35:32.720779",26.1,"demonstration",9,1781013238.73499,"tdmddbpq",27,0,0,0,0,0,1,0,0,NA,"Petition (0 cost to you)",5,1,1,1,1,1,1,1,1,1,78.6764705882353,2,15,23,"Österreich","Man","Rechnungswesen","5-6","MSc","3-5 years","Bachelor's degree","In education studying","3000",10,1,9,"No",1,1,9,90,0,45,NA,116,15,5,NA,NA,"demonstration",1,1,"tdmddbpq_5","15_2",0,"control",NA,NA,0,2,2.57777777777778,26,16.25,65,4,21.6666666666667,360,399,8.86666666666667,576,0,2,69.2708333333333,16.25,0,NA,NA,NA,NA,NA
27,"bygi6pv2",15,0,143,143,"questionnaire","ThankYou","2026-06-09 13:35:32.720779",26.1,"demonstration",9,1781013238.73499,"tdmddbpq",27,0,0,0,0,0,1,0,0,NA,"Petition (0 cost to you)",5,1,1,1,1,1,1,1,1,1,78.6764705882353,2,15,23,"Österreich","Man","Rechnungswesen","5-6","MSc","3-5 years","Bachelor's degree","In education studying","3000",10,1,9,"No",2,1,13,130,0,45,NA,158,NA,5,NA,NA,"demonstration",2,2,"tdmddbpq_5","15_2",0,"control",NA,NA,0,2.88888888888889,3.51111111111111,28,17.5,70,4,23.3333333333333,480,522,11.6,768,0,2,67.96875,17.5,0,21.6666666666667,NA,NA,16.25,0
27,"bygi6pv2",15,0,143,143,"questionnaire","ThankYou","2026-06-09 13:35:32.720779",26.1,"demonstration",9,1781013238.73499,"tdmddbpq",27,0,0,0,0,0,1,0,0,NA,"Petition (0 cost to you)",5,1,1,1,1,1,1,1,1,1,78.6764705882353,2,15,23,"Österreich","Man","Rechnungswesen","5-6","MSc","3-5 years","Bachelor's degree","In education studying","3000",10,1,9,"No",3,1,13,130,0,45,NA,156,NA,5,NA,NA,"demonstration",3,3,"tdmddbpq_5","15_2",0,"control",NA,NA,0,2.88888888888889,3.46666666666667,26,16.25,65,4,21.6666666666667,410,449,9.97777777777778,656,0,1,68.4451219512195,16.25,0,23.3333333333333,NA,NA,17.5,0
27,"bygi6pv2",15,0,143,143,"questionnaire","ThankYou","2026-06-09 13:35:32.720779",26.1,"demonstration",9,1781013238.73499,"tdmddbpq",27,0,0,0,0,0,1,0,0,NA,"Petition (0 cost to you)",5,1,1,1,1,1,1,1,1,1,78.6764705882353,2,15,23,"Österreich","Man","Rechnungswesen","5-6","MSc","3-5 years","Bachelor's degree","In education studying","3000",10,1,9,"No",4,1,11,110,0,45,NA,130,NA,5,NA,NA,"demonstration",4,4,"tdmddbpq_5","15_2",0,"control",NA,NA,0,2.44444444444444,2.88888888888889,20,12.5,50,4,16.6666666666667,400,430,9.55555555555556,640,0,2,67.1875,12.5,0,21.6666666666667,NA,NA,16.25,0
27,"bygi6pv2",15,0,143,143,"questionnaire","ThankYou","2026-06-09 13:35:32.720779",26.1,"demonstration",9,1781013238.73499,"tdmddbpq",27,0,0,0,0,0,1,0,0,NA,"Petition (0 cost to you)",5,1,1,1,1,1,1,1,1,1,78.6764705882353,2,15,23,"Österreich","Man","Rechnungswesen","5-6","MSc","3-5 years","Bachelor's degree","In education studying","3000",10,1,9,"No",5,1,11,110,0,45,NA,124,NA,5,NA,NA,"demonstration",5,5,"tdmddbpq_5","15_2",0,"control",NA,NA,0,2.44444444444444,2.75555555555556,14,8.75,35,4,11.6666666666667,410,431,9.57777777777778,656,0,3,65.7012195121951,8.75,0,16.6666666666667,NA,NA,12.5,0
27,"bygi6pv2",15,0,143,143,"questionnaire","ThankYou","2026-06-09 13:35:32.720779",26.1,"demonstration",9,1781013238.73499,"tdmddbpq",27,0,0,0,0,0,1,0,0,NA,"Petition (0 cost to you)",5,1,1,1,1,1,1,1,1,1,78.6764705882353,2,15,23,"Österreich","Man","Rechnungswesen","5-6","MSc","3-5 years","Bachelor's degree","In education studying","3000",10,1,9,"No",6,1,11,110,0,45,NA,124,NA,5,NA,NA,"demonstration",6,6,"tdmddbpq_5","15_2",0,"control",NA,NA,0,2.44444444444444,2.75555555555556,14,8.75,35,4,11.6666666666667,380,401,8.91111111111111,608,0,3,65.953947368421,8.75,0,11.6666666666667,NA,NA,8.75,0
27,"bygi6pv2",15,0,143,143,"questionnaire","ThankYou","2026-06-09 13:35:32.720779",26.1,"demonstration",9,1781013238.73499,"tdmddbpq",27,0,0,0,0,0,1,0,0,NA,"Petition (0 cost to you)",5,1,1,1,1,1,1,1,1,1,78.6764705882353,2,15,23,"Österreich","Man","Rechnungswesen","5-6","MSc","3-5 years","Bachelor's degree","In education studying","3000",10,1,9,"No",7,1,12,120,0,45,NA,126,NA,5,NA,NA,"demonstration",7,7,"tdmddbpq_5","15_2",0,"control",NA,NA,0,2.66666666666667,2.8,6,3.75,15,4,5,440,449,9.97777777777778,704,0,3,63.7784090909091,3.75,0,11.6666666666667,NA,NA,8.75,0
27,"bygi6pv2",15,0,143,143,"questionnaire","ThankYou","2026-06-09 13:35:32.720779",26.1,"demonstration",9,1781013238.73499,"tdmddbpq",27,0,0,0,0,0,1,0,0,NA,"Petition (0 cost to you)",5,1,1,1,1,1,1,1,1,1,78.6764705882353,2,15,23,"Österreich","Man","Rechnungswesen","5-6","MSc","3-5 years","Bachelor's degree","In education studying","3000",10,1,9,"No",8,1,12,120,0,45,0,168,NA,5,3,0,"demonstration",8,1,"tdmddbpq_5","15_2",1,"demonstration",75,1,0,2.66666666666667,3.73333333333333,48,30,120,4,40,370,442,9.82222222222222,592,12,2,74.6621621621622,30,0,5,3.75,0,3.75,0
27,"bygi6pv2",15,0,143,143,"questionnaire","ThankYou","2026-06-09 13:35:32.720779",26.1,"demonstration",9,1781013238.73499,"tdmddbpq",27,0,0,0,0,0,1,0,0,NA,"Petition (0 cost to you)",5,1,1,1,1,1,1,1,1,1,78.6764705882353,2,15,23,"Österreich","Man","Rechnungswesen","5-6","MSc","3-5 years","Bachelor's degree","In education studying","3000",10,1,9,"No",9,1,12,120,0,45,0,174,NA,5,3,0,"demonstration",9,2,"tdmddbpq_5","15_2",1,"demonstration",75,1,0,2.66666666666667,3.86666666666667,54,33.75,135,4,45,370,451,10.0222222222222,592,12,2,76.1824324324324,33.75,0,40,30,0,30,0
27,"bygi6pv2",15,0,143,143,"questionnaire","ThankYou","2026-06-09 13:35:32.720779",26.1,"demonstration",9,1781013238.73499,"tdmddbpq",27,0,0,0,0,0,1,0,0,NA,"Petition (0 cost to you)",5,1,1,1,1,1,1,1,1,1,78.6764705882353,2,15,23,"Österreich","Man","Rechnungswesen","5-6","MSc","3-5 years","Bachelor's degree","In education studying","3000",10,1,9,"No",10,1,13,130,0,45,0,142,NA,5,2,0,"demonstration",10,3,"tdmddbpq_5","15_2",1,"demonstration",50,1,0,2.88888888888889,3.15555555555556,12,7.5,30,4,10,390,408,9.06666666666667,624,8,3,65.3846153846154,7.5,0,45,33.75,0,33.75,0
27,"bygi6pv2",15,0,143,143,"questionnaire","ThankYou","2026-06-09 13:35:32.720779",26.1,"demonstration",9,1781013238.73499,"tdmddbpq",27,0,0,0,0,0,1,0,0,NA,"Petition (0 cost to you)",5,1,1,1,1,1,1,1,1,1,78.6764705882353,2,15,23,"Österreich","Man","Rechnungswesen","5-6","MSc","3-5 years","Bachelor's degree","In education studying","3000",10,1,9,"No",11,1,13,130,0,45,0,130,NA,5,0,0,"demonstration",11,4,"tdmddbpq_5","15_2",1,"demonstration",0,0,0,2.88888888888889,2.88888888888889,0,0,0,4,0,490,490,10.8888888888889,784,0,4,62.5,0,0,10,7.5,0,7.5,0
27,"bygi6pv2",15,0,143,143,"questionnaire","ThankYou","2026-06-09 13:35:32.720779",26.1,"demonstration",9,1781013238.73499,"tdmddbpq",27,0,0,0,0,0,1,0,0,NA,"Petition (0 cost to you)",5,1,1,1,1,1,1,1,1,1,78.6764705882353,2,15,23,"Österreich","Man","Rechnungswesen","5-6","MSc","3-5 years","Bachelor's degree","In education studying","3000",10,1,9,"No",12,1,14,140,0,45,0,140,NA,5,0,0,"demonstration",12,5,"tdmddbpq_5","15_2",1,"demonstration",0,0,0,3.11111111111111,3.11111111111111,0,0,0,4,0,460,460,10.2222222222222,736,0,4,62.5,0,0,0,0,0,0,0
27,"bygi6pv2",15,0,143,143,"questionnaire","ThankYou","2026-06-09 13:35:32.720779",26.1,"demonstration",9,1781013238.73499,"tdmddbpq",27,0,0,0,0,0,1,0,0,NA,"Petition (0 cost to you)",5,1,1,1,1,1,1,1,1,1,78.6764705882353,2,15,23,"Österreich","Man","Rechnungswesen","5-6","MSc","3-5 years","Bachelor's degree","In education studying","3000",10,1,9,"No",13,1,13,130,0,45,0,130,NA,5,0,0,"demonstration",13,6,"tdmddbpq_5","15_2",1,"demonstration",0,0,0,2.88888888888889,2.88888888888889,0,0,0,4,0,430,430,9.55555555555556,688,0,4,62.5,0,0,0,0,0,0,0
27,"bygi6pv2",15,0,143,143,"questionnaire","ThankYou","2026-06-09 13:35:32.720779",26.1,"demonstration",9,1781013238.73499,"tdmddbpq",27,0,0,0,0,0,1,0,0,NA,"Petition (0 cost to you)",5,1,1,1,1,1,1,1,1,1,78.6764705882353,2,15,23,"Österreich","Man","Rechnungswesen","5-6","MSc","3-5 years","Bachelor's degree","In education studying","3000",10,1,9,"No",14,1,15,150,0,45,0,150,NA,5,1,0,"demonstration",14,7,"tdmddbpq_5","15_2",1,"demonstration",25,1,0,3.33333333333333,3.33333333333333,0,0,0,4,0,490,490,10.8888888888889,784,4,4,62.5,0,0,0,0,0,0,0
5,"comjjap2",22,0,57,143,"activism","Contribute","2026-06-09 08:44:59.664365",0,"roadblock",NA,NA,"ahosr93r",5,0,NA,NA,NA,NA,NA,NA,NA,NA,NA,NA,NA,NA,NA,NA,NA,NA,NA,1,1,44.1176470588235,1,22,22,"Russia","Woman","Linguistics","1-2","BSc.","3-5","Secondary School","Full-time","1000",2,7,8,"Once",1,1,7,70,20,45,NA,120,22,6,NA,NA,"roadblock",1,1,"ahosr93r_6","22_1",0,"control",NA,NA,28.5714285714286,1.55555555555556,2.66666666666667,50,43.75,175,4,51.6666666666667,300,405,9,480,0,0,84.375,23.75,0,NA,NA,NA,NA,NA
5,"comjjap2",22,0,57,143,"activism","Contribute","2026-06-09 08:44:59.664365",0,"roadblock",NA,NA,"ahosr93r",5,0,NA,NA,NA,NA,NA,NA,NA,NA,NA,NA,NA,NA,NA,NA,NA,NA,NA,1,1,44.1176470588235,1,22,22,"Russia","Woman","Linguistics","1-2","BSc.","3-5","Secondary School","Full-time","1000",2,7,8,"Once",2,1,9,90,40,45,NA,146,NA,6,NA,NA,"roadblock",2,2,"ahosr93r_6","22_1",0,"control",NA,NA,44.4444444444444,2,3.24444444444444,56,60,240,4,66.6666666666667,360,504,11.2,576,0,0,87.5,20,0,51.6666666666667,NA,NA,23.75,0
5,"comjjap2",22,0,57,143,"activism","Contribute","2026-06-09 08:44:59.664365",0,"roadblock",NA,NA,"ahosr93r",5,0,NA,NA,NA,NA,NA,NA,NA,NA,NA,NA,NA,NA,NA,NA,NA,NA,NA,1,1,44.1176470588235,1,22,22,"Russia","Woman","Linguistics","1-2","BSc.","3-5","Secondary School","Full-time","1000",2,7,8,"Once",3,1,9,90,45,45,NA,135,NA,6,NA,NA,"roadblock",3,3,"ahosr93r_6","22_1",0,"control",NA,NA,50,2,3,45,56.25,225,4,60,360,495,11,576,0,1,85.9375,11.25,0,66.6666666666667,NA,NA,20,0
5,"comjjap2",22,0,57,143,"activism","Contribute","2026-06-09 08:44:59.664365",0,"roadblock",NA,NA,"ahosr93r",5,0,NA,NA,NA,NA,NA,NA,NA,NA,NA,NA,NA,NA,NA,NA,NA,NA,NA,1,1,44.1176470588235,1,22,22,"Russia","Woman","Linguistics","1-2","BSc.","3-5","Secondary School","Full-time","1000",2,7,8,"Once",4,1,11,110,50,45,NA,168,NA,6,NA,NA,"roadblock",4,4,"ahosr93r_6","22_1",0,"control",NA,NA,45.4545454545455,2.44444444444444,3.73333333333333,58,67.5,270,4,73.3333333333333,400,562,12.4888888888889,640,0,0,87.8125,17.5,0,60,NA,NA,11.25,0
5,"comjjap2",22,0,57,143,"activism","Contribute","2026-06-09 08:44:59.664365",0,"roadblock",NA,NA,"ahosr93r",5,0,NA,NA,NA,NA,NA,NA,NA,NA,NA,NA,NA,NA,NA,NA,NA,NA,NA,1,1,44.1176470588235,1,22,22,"Russia","Woman","Linguistics","1-2","BSc.","3-5","Secondary School","Full-time","1000",2,7,8,"Once",5,1,8,80,20,45,NA,100,NA,6,NA,NA,"roadblock",5,5,"ahosr93r_6","22_1",0,"control",NA,NA,25,1.77777777777778,2.22222222222222,20,25,100,4,26.6666666666667,370,430,9.55555555555556,592,0,2,72.6351351351351,5,0,73.3333333333333,NA,NA,17.5,0
17,"ek9i2pnl",10,0,143,143,"questionnaire","ThankYou","2026-06-09 13:35:28.505110",30,"petition",12,1781013410.76692,"tdmddbpq",17,0,1,0,1,0,0,0,0,NA,"Petition (0 cost to you)",1,5,3,5,5,5,5,2,1,1,78.6764705882353,2,10,20,"Austria","Woman",NA,"1-2","BSc","1-2 years","Secondary school","In education studying","100",5,7,6,"Once",1,4,12,120,55,45,NA,113,10,7,NA,NA,"petition",1,1,"tdmddbpq_7","10_2",0,"control",NA,NA,45.8333333333333,2.66666666666667,2.51111111111111,-7,30,120,4,21.6666666666667,470,542,12.0444444444444,752,0,1,72.0744680851064,0,25,NA,NA,NA,NA,NA
17,"ek9i2pnl",10,0,143,143,"questionnaire","ThankYou","2026-06-09 13:35:28.505110",30,"petition",12,1781013410.76692,"tdmddbpq",17,0,1,0,1,0,0,0,0,NA,"Petition (0 cost to you)",1,5,3,5,5,5,5,2,1,1,78.6764705882353,2,10,20,"Austria","Woman",NA,"1-2","BSc","1-2 years","Secondary school","In education studying","100",5,7,6,"Once",2,4,13,130,30,45,NA,140,NA,7,NA,NA,"petition",2,2,"tdmddbpq_7","10_2",0,"control",NA,NA,23.0769230769231,2.88888888888889,3.11111111111111,10,25,100,4,23.3333333333333,530,590,13.1111111111111,848,0,1,69.5754716981132,0,5,21.6666666666667,NA,NA,0,25
17,"ek9i2pnl",10,0,143,143,"questionnaire","ThankYou","2026-06-09 13:35:28.505110",30,"petition",12,1781013410.76692,"tdmddbpq",17,0,1,0,1,0,0,0,0,NA,"Petition (0 cost to you)",1,5,3,5,5,5,5,2,1,1,78.6764705882353,2,10,20,"Austria","Woman",NA,"1-2","BSc","1-2 years","Secondary school","In education studying","100",5,7,6,"Once",3,4,12,120,40,45,NA,120,NA,7,NA,NA,"petition",3,3,"tdmddbpq_7","10_2",0,"control",NA,NA,33.3333333333333,2.66666666666667,2.66666666666667,0,25,100,4,20,520,580,12.8888888888889,832,0,1,69.7115384615385,0,15,23.3333333333333,NA,NA,0,5
17,"ek9i2pnl",10,0,143,143,"questionnaire","ThankYou","2026-06-09 13:35:28.505110",30,"petition",12,1781013410.76692,"tdmddbpq",17,0,1,0,1,0,0,0,0,NA,"Petition (0 cost to you)",1,5,3,5,5,5,5,2,1,1,78.6764705882353,2,10,20,"Austria","Woman",NA,"1-2","BSc","1-2 years","Secondary school","In education studying","100",5,7,6,"Once",4,4,11,110,10,45,NA,156,NA,7,NA,NA,"petition",4,4,"tdmddbpq_7","10_2",0,"control",NA,NA,9.09090909090909,2.44444444444444,3.46666666666667,46,35,140,4,43.3333333333333,450,534,11.8666666666667,720,0,1,74.1666666666667,25,0,20,NA,NA,0,15
17,"ek9i2pnl",10,0,143,143,"questionnaire","ThankYou","2026-06-09 13:35:28.505110",30,"petition",12,1781013410.76692,"tdmddbpq",17,0,1,0,1,0,0,0,0,NA,"Petition (0 cost to you)",1,5,3,5,5,5,5,2,1,1,78.6764705882353,2,10,20,"Austria","Woman",NA,"1-2","BSc","1-2 years","Secondary school","In education studying","100",5,7,6,"Once",5,4,10,100,30,45,NA,158,NA,7,NA,NA,"petition",5,5,"tdmddbpq_7","10_2",0,"control",NA,NA,30,2.22222222222222,3.51111111111111,58,55,220,4,63.3333333333333,460,592,13.1555555555556,736,0,0,80.4347826086957,25,0,43.3333333333333,NA,NA,25,0
17,"ek9i2pnl",10,0,143,143,"questionnaire","ThankYou","2026-06-09 13:35:28.505110",30,"petition",12,1781013410.76692,"tdmddbpq",17,0,1,0,1,0,0,0,0,NA,"Petition (0 cost to you)",1,5,3,5,5,5,5,2,1,1,78.6764705882353,2,10,20,"Austria","Woman",NA,"1-2","BSc","1-2 years","Secondary school","In education studying","100",5,7,6,"Once",6,4,11,110,50,45,NA,140,NA,7,NA,NA,"petition",6,6,"tdmddbpq_7","10_2",0,"control",NA,NA,45.4545454545455,2.44444444444444,3.11111111111111,30,50,200,4,50,450,570,12.6666666666667,720,0,0,79.1666666666667,0,0,63.3333333333333,NA,NA,25,0
17,"ek9i2pnl",10,0,143,143,"questionnaire","ThankYou","2026-06-09 13:35:28.505110",30,"petition",12,1781013410.76692,"tdmddbpq",17,0,1,0,1,0,0,0,0,NA,"Petition (0 cost to you)",1,5,3,5,5,5,5,2,1,1,78.6764705882353,2,10,20,"Austria","Woman",NA,"1-2","BSc","1-2 years","Secondary school","In education studying","100",5,7,6,"Once",7,4,11,110,50,45,NA,92,NA,7,NA,NA,"petition",7,7,"tdmddbpq_7","10_2",0,"control",NA,NA,45.4545454545455,2.44444444444444,2.04444444444444,-18,20,80,4,10,430,478,10.6222222222222,688,0,2,69.4767441860465,0,30,50,NA,NA,0,0
17,"ek9i2pnl",10,0,143,143,"questionnaire","ThankYou","2026-06-09 13:35:28.505110",30,"petition",12,1781013410.76692,"tdmddbpq",17,0,1,0,1,0,0,0,0,NA,"Petition (0 cost to you)",1,5,3,5,5,5,5,2,1,1,78.6764705882353,2,10,20,"Austria","Woman",NA,"1-2","BSc","1-2 years","Secondary school","In education studying","100",5,7,6,"Once",8,4,12,120,100,45,1,148,NA,7,4,0,"petition",8,1,"tdmddbpq_7","10_2",1,"petition",100,1,83.3333333333333,2.66666666666667,3.28888888888889,28,80,320,4,73.3333333333333,520,712,15.8222222222222,832,16,0,85.5769230769231,0,20,10,0,30,0,30
17,"ek9i2pnl",10,0,143,143,"questionnaire","ThankYou","2026-06-09 13:35:28.505110",30,"petition",12,1781013410.76692,"tdmddbpq",17,0,1,0,1,0,0,0,0,NA,"Petition (0 cost to you)",1,5,3,5,5,5,5,2,1,1,78.6764705882353,2,10,20,"Austria","Woman",NA,"1-2","BSc","1-2 years","Secondary school","In education studying","100",5,7,6,"Once",9,4,12,120,100,45,1,160,NA,7,4,0,"petition",9,2,"tdmddbpq_7","10_2",1,"petition",100,1,83.3333333333333,2.66666666666667,3.55555555555556,40,87.5,350,4,83.3333333333333,480,690,15.3333333333333,768,16,0,89.84375,0,12.5,73.3333333333333,0,20,0,20
17,"ek9i2pnl",10,0,143,143,"questionnaire","ThankYou","2026-06-09 13:35:28.505110",30,"petition",12,1781013410.76692,"tdmddbpq",17,0,1,0,1,0,0,0,0,NA,"Petition (0 cost to you)",1,5,3,5,5,5,5,2,1,1,78.6764705882353,2,10,20,"Austria","Woman",NA,"1-2","BSc","1-2 years","Secondary school","In education studying","100",5,7,6,"Once",10,4,12,120,100,45,1,156,NA,7,4,0,"petition",10,3,"tdmddbpq_7","10_2",1,"petition",100,1,83.3333333333333,2.66666666666667,3.46666666666667,36,85,340,4,80,490,694,15.4222222222222,784,16,0,88.5204081632653,0,15,83.3333333333333,0,12.5,0,12.5
17,"ek9i2pnl",10,0,143,143,"questionnaire","ThankYou","2026-06-09 13:35:28.505110",30,"petition",12,1781013410.76692,"tdmddbpq",17,0,1,0,1,0,0,0,0,NA,"Petition (0 cost to you)",1,5,3,5,5,5,5,2,1,1,78.6764705882353,2,10,20,"Austria","Woman",NA,"1-2","BSc","1-2 years","Secondary school","In education studying","100",5,7,6,"Once",11,4,14,140,100,45,1,192,NA,7,4,0,"petition",11,4,"tdmddbpq_7","10_2",1,"petition",100,1,71.4285714285714,3.11111111111111,4.26666666666667,52,95,380,4,93.3333333333333,520,748,16.6222222222222,832,16,0,89.9038461538462,0,5,80,0,15,0,15
17,"ek9i2pnl",10,0,143,143,"questionnaire","ThankYou","2026-06-09 13:35:28.505110",30,"petition",12,1781013410.76692,"tdmddbpq",17,0,1,0,1,0,0,0,0,NA,"Petition (0 cost to you)",1,5,3,5,5,5,5,2,1,1,78.6764705882353,2,10,20,"Austria","Woman",NA,"1-2","BSc","1-2 years","Secondary school","In education studying","100",5,7,6,"Once",12,4,14,140,100,45,1,200,NA,7,4,0,"petition",12,5,"tdmddbpq_7","10_2",1,"petition",100,1,71.4285714285714,3.11111111111111,4.44444444444444,60,100,400,4,100,530,770,17.1111111111111,848,16,0,90.8018867924528,0,0,93.3333333333333,0,5,0,5
17,"ek9i2pnl",10,0,143,143,"questionnaire","ThankYou","2026-06-09 13:35:28.505110",30,"petition",12,1781013410.76692,"tdmddbpq",17,0,1,0,1,0,0,0,0,NA,"Petition (0 cost to you)",1,5,3,5,5,5,5,2,1,1,78.6764705882353,2,10,20,"Austria","Woman",NA,"1-2","BSc","1-2 years","Secondary school","In education studying","100",5,7,6,"Once",13,4,15,150,100,45,1,218,NA,7,4,0,"petition",13,6,"tdmddbpq_7","10_2",1,"petition",100,1,66.6666666666667,3.33333333333333,4.84444444444444,68,105,420,4,106.666666666667,520,772,17.1555555555556,832,16,0,92.7884615384615,5,0,100,0,0,0,0
17,"ek9i2pnl",10,0,143,143,"questionnaire","ThankYou","2026-06-09 13:35:28.505110",30,"petition",12,1781013410.76692,"tdmddbpq",17,0,1,0,1,0,0,0,0,NA,"Petition (0 cost to you)",1,5,3,5,5,5,5,2,1,1,78.6764705882353,2,10,20,"Austria","Woman",NA,"1-2","BSc","1-2 years","Secondary school","In education studying","100",5,7,6,"Once",14,4,15,150,100,45,1,106,NA,7,4,0,"petition",14,7,"tdmddbpq_7","10_2",1,"petition",100,1,66.6666666666667,3.33333333333333,2.35555555555556,-44,35,140,4,13.3333333333333,490,574,12.7555555555556,784,16,2,73.2142857142857,0,65,106.666666666667,5,0,5,0
7,"emq43ot6",14,0,143,143,"questionnaire","ThankYou","2026-06-09 13:35:27.518368",16.35,"demonstration",9,1781013232.99298,"tdmddbpq",7,0,1,0,1,0,0,0,0,NA,"Demonstration (Cost: -10 sec to you)",3,3,3,4,3,3,4,3,1,1,78.6764705882353,2,14,36,"German","Man",NA,"5-6","Other",">5 years","Doctoral degree or higher","Full-time","1800",6,8,8,"Regularly",1,2,8,80,40,45,NA,66,14,5,NA,NA,"demonstration",1,1,"tdmddbpq_5","14_2",0,"control",NA,NA,50,1.77777777777778,1.46666666666667,-14,16.25,65,4,8.33333333333333,360,399,8.86666666666667,576,0,2,69.2708333333333,0,23.75,NA,NA,NA,NA,NA
7,"emq43ot6",14,0,143,143,"questionnaire","ThankYou","2026-06-09 13:35:27.518368",16.35,"demonstration",9,1781013232.99298,"tdmddbpq",7,0,1,0,1,0,0,0,0,NA,"Demonstration (Cost: -10 sec to you)",3,3,3,4,3,3,4,3,1,1,78.6764705882353,2,14,36,"German","Man",NA,"5-6","Other",">5 years","Doctoral degree or higher","Full-time","1800",6,8,8,"Regularly",2,2,10,100,50,45,NA,78,NA,5,NA,NA,"demonstration",2,2,"tdmddbpq_5","14_2",0,"control",NA,NA,50,2.22222222222222,1.73333333333333,-22,17.5,70,4,6.66666666666667,480,522,11.6,768,0,2,67.96875,0,32.5,8.33333333333333,NA,NA,0,23.75
7,"emq43ot6",14,0,143,143,"questionnaire","ThankYou","2026-06-09 13:35:27.518368",16.35,"demonstration",9,1781013232.99298,"tdmddbpq",7,0,1,0,1,0,0,0,0,NA,"Demonstration (Cost: -10 sec to you)",3,3,3,4,3,3,4,3,1,1,78.6764705882353,2,14,36,"German","Man",NA,"5-6","Other",">5 years","Doctoral degree or higher","Full-time","1800",6,8,8,"Regularly",3,2,9,90,30,45,NA,86,NA,5,NA,NA,"demonstration",3,3,"tdmddbpq_5","14_2",0,"control",NA,NA,33.3333333333333,2,1.91111111111111,-4,16.25,65,4,11.6666666666667,410,449,9.97777777777778,656,0,1,68.4451219512195,0,13.75,6.66666666666667,NA,NA,0,32.5
7,"emq43ot6",14,0,143,143,"questionnaire","ThankYou","2026-06-09 13:35:27.518368",16.35,"demonstration",9,1781013232.99298,"tdmddbpq",7,0,1,0,1,0,0,0,0,NA,"Demonstration (Cost: -10 sec to you)",3,3,3,4,3,3,4,3,1,1,78.6764705882353,2,14,36,"German","Man",NA,"5-6","Other",">5 years","Doctoral degree or higher","Full-time","1800",6,8,8,"Regularly",4,2,8,80,30,45,NA,70,NA,5,NA,NA,"demonstration",4,4,"tdmddbpq_5","14_2",0,"control",NA,NA,37.5,1.77777777777778,1.55555555555556,-10,12.5,50,4,6.66666666666667,400,430,9.55555555555556,640,0,2,67.1875,0,17.5,11.6666666666667,NA,NA,0,13.75
7,"emq43ot6",14,0,143,143,"questionnaire","ThankYou","2026-06-09 13:35:27.518368",16.35,"demonstration",9,1781013232.99298,"tdmddbpq",7,0,1,0,1,0,0,0,0,NA,"Demonstration (Cost: -10 sec to you)",3,3,3,4,3,3,4,3,1,1,78.6764705882353,2,14,36,"German","Man",NA,"5-6","Other",">5 years","Doctoral degree or higher","Full-time","1800",6,8,8,"Regularly",5,2,9,90,35,45,NA,69,NA,5,NA,NA,"demonstration",5,5,"tdmddbpq_5","14_2",0,"control",NA,NA,38.8888888888889,2,1.53333333333333,-21,8.75,35,4,0,410,431,9.57777777777778,656,0,3,65.7012195121951,0,26.25,6.66666666666667,NA,NA,0,17.5
7,"emq43ot6",14,0,143,143,"questionnaire","ThankYou","2026-06-09 13:35:27.518368",16.35,"demonstration",9,1781013232.99298,"tdmddbpq",7,0,1,0,1,0,0,0,0,NA,"Demonstration (Cost: -10 sec to you)",3,3,3,4,3,3,4,3,1,1,78.6764705882353,2,14,36,"German","Man",NA,"5-6","Other",">5 years","Doctoral degree or higher","Full-time","1800",6,8,8,"Regularly",6,2,8,80,35,45,NA,59,NA,5,NA,NA,"demonstration",6,6,"tdmddbpq_5","14_2",0,"control",NA,NA,43.75,1.77777777777778,1.31111111111111,-21,8.75,35,4,0,380,401,8.91111111111111,608,0,3,65.953947368421,0,26.25,0,NA,NA,0,26.25
7,"emq43ot6",14,0,143,143,"questionnaire","ThankYou","2026-06-09 13:35:27.518368",16.35,"demonstration",9,1781013232.99298,"tdmddbpq",7,0,1,0,1,0,0,0,0,NA,"Demonstration (Cost: -10 sec to you)",3,3,3,4,3,3,4,3,1,1,78.6764705882353,2,14,36,"German","Man",NA,"5-6","Other",">5 years","Doctoral degree or higher","Full-time","1800",6,8,8,"Regularly",7,2,11,110,15,45,NA,101,NA,5,NA,NA,"demonstration",7,7,"tdmddbpq_5","14_2",0,"control",NA,NA,13.6363636363636,2.44444444444444,2.24444444444444,-9,3.75,15,4,0,440,449,9.97777777777778,704,0,3,63.7784090909091,0,11.25,0,NA,NA,0,26.25
7,"emq43ot6",14,0,143,143,"questionnaire","ThankYou","2026-06-09 13:35:27.518368",16.35,"demonstration",9,1781013232.99298,"tdmddbpq",7,0,1,0,1,0,0,0,0,NA,"Demonstration (Cost: -10 sec to you)",3,3,3,4,3,3,4,3,1,1,78.6764705882353,2,14,36,"German","Man",NA,"5-6","Other",">5 years","Doctoral degree or higher","Full-time","1800",6,8,8,"Regularly",8,2,8,80,40,35,1,88,NA,5,3,0,"demonstration",8,1,"tdmddbpq_5","14_2",1,"demonstration",75,1,50,2.28571428571429,2.51428571428571,8,30,120,4,26.6666666666667,370,442,12.6285714285714,592,12,2,74.6621621621622,0,10,0,0,11.25,0,11.25
7,"emq43ot6",14,0,143,143,"questionnaire","ThankYou","2026-06-09 13:35:27.518368",16.35,"demonstration",9,1781013232.99298,"tdmddbpq",7,0,1,0,1,0,0,0,0,NA,"Demonstration (Cost: -10 sec to you)",3,3,3,4,3,3,4,3,1,1,78.6764705882353,2,14,36,"German","Man",NA,"5-6","Other",">5 years","Doctoral degree or higher","Full-time","1800",6,8,8,"Regularly",9,2,9,90,35,35,1,109,NA,5,3,0,"demonstration",9,2,"tdmddbpq_5","14_2",1,"demonstration",75,1,38.8888888888889,2.57142857142857,3.11428571428571,19,33.75,135,4,33.3333333333333,370,451,12.8857142857143,592,12,2,76.1824324324324,0,1.25,26.6666666666667,0,10,0,10
7,"emq43ot6",14,0,143,143,"questionnaire","ThankYou","2026-06-09 13:35:27.518368",16.35,"demonstration",9,1781013232.99298,"tdmddbpq",7,0,1,0,1,0,0,0,0,NA,"Demonstration (Cost: -10 sec to you)",3,3,3,4,3,3,4,3,1,1,78.6764705882353,2,14,36,"German","Man",NA,"5-6","Other",">5 years","Doctoral degree or higher","Full-time","1800",6,8,8,"Regularly",10,2,7,70,30,35,1,52,NA,5,2,0,"demonstration",10,3,"tdmddbpq_5","14_2",1,"demonstration",50,1,42.8571428571429,2,1.48571428571429,-18,7.5,30,4,0,390,408,11.6571428571429,624,8,3,65.3846153846154,0,22.5,33.3333333333333,0,1.25,0,1.25
7,"emq43ot6",14,0,143,143,"questionnaire","ThankYou","2026-06-09 13:35:27.518368",16.35,"demonstration",9,1781013232.99298,"tdmddbpq",7,0,1,0,1,0,0,0,0,NA,"Demonstration (Cost: -10 sec to you)",3,3,3,4,3,3,4,3,1,1,78.6764705882353,2,14,36,"German","Man",NA,"5-6","Other",">5 years","Doctoral degree or higher","Full-time","1800",6,8,8,"Regularly",11,2,11,110,0,45,0,110,NA,5,0,0,"demonstration",11,4,"tdmddbpq_5","14_2",1,"demonstration",0,0,0,2.44444444444444,2.44444444444444,0,0,0,4,0,490,490,10.8888888888889,784,0,4,62.5,0,0,0,0,22.5,0,22.5
7,"emq43ot6",14,0,143,143,"questionnaire","ThankYou","2026-06-09 13:35:27.518368",16.35,"demonstration",9,1781013232.99298,"tdmddbpq",7,0,1,0,1,0,0,0,0,NA,"Demonstration (Cost: -10 sec to you)",3,3,3,4,3,3,4,3,1,1,78.6764705882353,2,14,36,"German","Man",NA,"5-6","Other",">5 years","Doctoral degree or higher","Full-time","1800",6,8,8,"Regularly",12,2,9,90,0,45,0,90,NA,5,0,0,"demonstration",12,5,"tdmddbpq_5","14_2",1,"demonstration",0,0,0,2,2,0,0,0,4,0,460,460,10.2222222222222,736,0,4,62.5,0,0,0,0,0,0,0
7,"emq43ot6",14,0,143,143,"questionnaire","ThankYou","2026-06-09 13:35:27.518368",16.35,"demonstration",9,1781013232.99298,"tdmddbpq",7,0,1,0,1,0,0,0,0,NA,"Demonstration (Cost: -10 sec to you)",3,3,3,4,3,3,4,3,1,1,78.6764705882353,2,14,36,"German","Man",NA,"5-6","Other",">5 years","Doctoral degree or higher","Full-time","1800",6,8,8,"Regularly",13,2,11,110,0,45,0,110,NA,5,0,0,"demonstration",13,6,"tdmddbpq_5","14_2",1,"demonstration",0,0,0,2.44444444444444,2.44444444444444,0,0,0,4,0,430,430,9.55555555555556,688,0,4,62.5,0,0,0,0,0,0,0
7,"emq43ot6",14,0,143,143,"questionnaire","ThankYou","2026-06-09 13:35:27.518368",16.35,"demonstration",9,1781013232.99298,"tdmddbpq",7,0,1,0,1,0,0,0,0,NA,"Demonstration (Cost: -10 sec to you)",3,3,3,4,3,3,4,3,1,1,78.6764705882353,2,14,36,"German","Man",NA,"5-6","Other",">5 years","Doctoral degree or higher","Full-time","1800",6,8,8,"Regularly",14,2,11,110,0,45,0,110,NA,5,1,0,"demonstration",14,7,"tdmddbpq_5","14_2",1,"demonstration",25,1,0,2.44444444444444,2.44444444444444,0,0,0,4,0,490,490,10.8888888888889,784,4,4,62.5,0,0,0,0,0,0,0
2,"espz8kdk",14,0,76,143,"activism","EffortTask","2026-06-09 08:44:59.584790",0,"petition",NA,NA,"ahosr93r",2,0,NA,NA,NA,NA,NA,NA,NA,NA,NA,NA,NA,NA,NA,NA,NA,NA,NA,1,1,47.4264705882353,1,14,21,"Austria","Man","International Business Administration","1-2","BSc.","1-2","Secondary School","Part-time","600",4,7,9,"Regularly",1,3,7,70,50,45,NA,76,14,1,NA,NA,"petition",1,1,"ahosr93r_1","14_1",0,"control",NA,NA,71.4285714285714,1.55555555555556,1.68888888888889,6,35,140,4,30,250,334,7.42222222222222,400,0,0,83.5,0,15,NA,NA,NA,NA,NA
2,"espz8kdk",14,0,76,143,"activism","EffortTask","2026-06-09 08:44:59.584790",0,"petition",NA,NA,"ahosr93r",2,0,NA,NA,NA,NA,NA,NA,NA,NA,NA,NA,NA,NA,NA,NA,NA,NA,NA,1,1,47.4264705882353,1,14,21,"Austria","Man","International Business Administration","1-2","BSc.","1-2","Secondary School","Part-time","600",4,7,9,"Regularly",2,3,9,90,60,45,NA,118,NA,1,NA,NA,"petition",2,2,"ahosr93r_1","14_1",0,"control",NA,NA,66.6666666666667,2,2.62222222222222,28,55,220,4,53.3333333333333,400,532,11.8222222222222,640,0,0,83.125,0,5,30,NA,NA,0,15
2,"espz8kdk",14,0,76,143,"activism","EffortTask","2026-06-09 08:44:59.584790",0,"petition",NA,NA,"ahosr93r",2,0,NA,NA,NA,NA,NA,NA,NA,NA,NA,NA,NA,NA,NA,NA,NA,NA,NA,1,1,47.4264705882353,1,14,21,"Austria","Man","International Business Administration","1-2","BSc.","1-2","Secondary School","Part-time","600",4,7,9,"Regularly",3,3,7,70,70,45,NA,76,NA,1,NA,NA,"petition",3,3,"ahosr93r_1","14_1",0,"control",NA,NA,100,1.55555555555556,1.68888888888889,6,47.5,190,4,40,330,444,9.86666666666667,528,0,0,84.0909090909091,0,22.5,53.3333333333333,NA,NA,0,5
2,"espz8kdk",14,0,76,143,"activism","EffortTask","2026-06-09 08:44:59.584790",0,"petition",NA,NA,"ahosr93r",2,0,NA,NA,NA,NA,NA,NA,NA,NA,NA,NA,NA,NA,NA,NA,NA,NA,NA,1,1,47.4264705882353,1,14,21,"Austria","Man","International Business Administration","1-2","BSc.","1-2","Secondary School","Part-time","600",4,7,9,"Regularly",4,3,8,80,60,45,NA,108,NA,1,NA,NA,"petition",4,4,"ahosr93r_1","14_1",0,"control",NA,NA,75,1.77777777777778,2.4,28,55,220,4,53.3333333333333,420,552,12.2666666666667,672,0,0,82.1428571428571,0,5,40,NA,NA,0,22.5
2,"espz8kdk",14,0,76,143,"activism","EffortTask","2026-06-09 08:44:59.584790",0,"petition",NA,NA,"ahosr93r",2,0,NA,NA,NA,NA,NA,NA,NA,NA,NA,NA,NA,NA,NA,NA,NA,NA,NA,1,1,47.4264705882353,1,14,21,"Austria","Man","International Business Administration","1-2","BSc.","1-2","Secondary School","Part-time","600",4,7,9,"Regularly",5,3,9,90,80,45,NA,106,NA,1,NA,NA,"petition",5,5,"ahosr93r_1","14_1",0,"control",NA,NA,88.8888888888889,2,2.35555555555556,16,60,240,4,53.3333333333333,420,564,12.5333333333333,672,0,0,83.9285714285714,0,20,53.3333333333333,NA,NA,0,5
2,"espz8kdk",14,0,76,143,"activism","EffortTask","2026-06-09 08:44:59.584790",0,"petition",NA,NA,"ahosr93r",2,0,NA,NA,NA,NA,NA,NA,NA,NA,NA,NA,NA,NA,NA,NA,NA,NA,NA,1,1,47.4264705882353,1,14,21,"Austria","Man","International Business Administration","1-2","BSc.","1-2","Secondary School","Part-time","600",4,7,9,"Regularly",6,3,11,110,110,45,NA,112,NA,1,NA,NA,"petition",6,6,"ahosr93r_1","14_1",0,"control",NA,NA,100,2.44444444444444,2.48888888888889,2,70,280,4,56.6666666666667,450,618,13.7333333333333,720,0,0,85.8333333333333,0,40,53.3333333333333,NA,NA,0,20
2,"espz8kdk",14,0,76,143,"activism","EffortTask","2026-06-09 08:44:59.584790",0,"petition",NA,NA,"ahosr93r",2,0,NA,NA,NA,NA,NA,NA,NA,NA,NA,NA,NA,NA,NA,NA,NA,NA,NA,1,1,47.4264705882353,1,14,21,"Austria","Man","International Business Administration","1-2","BSc.","1-2","Secondary School","Part-time","600",4,7,9,"Regularly",7,3,11,110,110,45,NA,98,NA,1,NA,NA,"petition",7,7,"ahosr93r_1","14_1",0,"control",NA,NA,100,2.44444444444444,2.17777777777778,-12,61.25,245,4,45,430,577,12.8222222222222,688,0,0,83.8662790697674,0,48.75,56.6666666666667,NA,NA,0,40
13,"evnisgib",26,0,143,143,"questionnaire","ThankYou","2026-06-09 13:35:28.268118",24,"petition",9,1781013350.31822,"tdmddbpq",13,0,0,0,1,0,0,0,0,NA,"Petition (0 cost to you)",1,3,1,1,4,2,3,4,1,1,78.6764705882353,2,26,25,"Russia","Man",NA,"1-2","MSc","3-5 years","Bachelor's degree","In education studying","300",5,2,3,"No",1,4,12,120,120,45,NA,61.2,26,1,NA,NA,"petition",1,1,"tdmddbpq_1","26_2",0,"control",NA,NA,100,2.66666666666667,1.36,-58.8,38.25,153,4,11,400,491.8,10.9288888888889,640,0,2,76.84375,0,81.75,NA,NA,NA,NA,NA
13,"evnisgib",26,0,143,143,"questionnaire","ThankYou","2026-06-09 13:35:28.268118",24,"petition",9,1781013350.31822,"tdmddbpq",13,0,0,0,1,0,0,0,0,NA,"Petition (0 cost to you)",1,3,1,1,4,2,3,4,1,1,78.6764705882353,2,26,25,"Russia","Man",NA,"1-2","MSc","3-5 years","Bachelor's degree","In education studying","300",5,2,3,"No",2,4,15,150,0,45,NA,158,NA,1,NA,NA,"petition",2,2,"tdmddbpq_1","26_2",0,"control",NA,NA,0,3.33333333333333,3.51111111111111,8,5,20,4,6.66666666666667,490,502,11.1555555555556,784,0,3,64.030612244898,5,0,11,NA,NA,0,81.75
13,"evnisgib",26,0,143,143,"questionnaire","ThankYou","2026-06-09 13:35:28.268118",24,"petition",9,1781013350.31822,"tdmddbpq",13,0,0,0,1,0,0,0,0,NA,"Petition (0 cost to you)",1,3,1,1,4,2,3,4,1,1,78.6764705882353,2,26,25,"Russia","Man",NA,"1-2","MSc","3-5 years","Bachelor's degree","In education studying","300",5,2,3,"No",3,4,13,130,0,45,NA,138,NA,1,NA,NA,"petition",3,3,"tdmddbpq_1","26_2",0,"control",NA,NA,0,2.88888888888889,3.06666666666667,8,5,20,4,6.66666666666667,420,432,9.6,672,0,3,64.2857142857143,5,0,6.66666666666667,NA,NA,5,0
13,"evnisgib",26,0,143,143,"questionnaire","ThankYou","2026-06-09 13:35:28.268118",24,"petition",9,1781013350.31822,"tdmddbpq",13,0,0,0,1,0,0,0,0,NA,"Petition (0 cost to you)",1,3,1,1,4,2,3,4,1,1,78.6764705882353,2,26,25,"Russia","Man",NA,"1-2","MSc","3-5 years","Bachelor's degree","In education studying","300",5,2,3,"No",4,4,10,100,0,45,NA,100,NA,1,NA,NA,"petition",4,4,"tdmddbpq_1","26_2",0,"control",NA,NA,0,2.22222222222222,2.22222222222222,0,0,0,4,0,430,430,9.55555555555556,688,0,4,62.5,0,0,6.66666666666667,NA,NA,5,0
13,"evnisgib",26,0,143,143,"questionnaire","ThankYou","2026-06-09 13:35:28.268118",24,"petition",9,1781013350.31822,"tdmddbpq",13,0,0,0,1,0,0,0,0,NA,"Petition (0 cost to you)",1,3,1,1,4,2,3,4,1,1,78.6764705882353,2,26,25,"Russia","Man",NA,"1-2","MSc","3-5 years","Bachelor's degree","In education studying","300",5,2,3,"No",5,4,14,140,0,45,NA,140,NA,1,NA,NA,"petition",5,5,"tdmddbpq_1","26_2",0,"control",NA,NA,0,3.11111111111111,3.11111111111111,0,0,0,4,0,490,490,10.8888888888889,784,0,4,62.5,0,0,0,NA,NA,0,0
13,"evnisgib",26,0,143,143,"questionnaire","ThankYou","2026-06-09 13:35:28.268118",24,"petition",9,1781013350.31822,"tdmddbpq",13,0,0,0,1,0,0,0,0,NA,"Petition (0 cost to you)",1,3,1,1,4,2,3,4,1,1,78.6764705882353,2,26,25,"Russia","Man",NA,"1-2","MSc","3-5 years","Bachelor's degree","In education studying","300",5,2,3,"No",6,4,13,130,0,45,NA,130,NA,1,NA,NA,"petition",6,6,"tdmddbpq_1","26_2",0,"control",NA,NA,0,2.88888888888889,2.88888888888889,0,0,0,4,0,450,450,10,720,0,4,62.5,0,0,0,NA,NA,0,0
13,"evnisgib",26,0,143,143,"questionnaire","ThankYou","2026-06-09 13:35:28.268118",24,"petition",9,1781013350.31822,"tdmddbpq",13,0,0,0,1,0,0,0,0,NA,"Petition (0 cost to you)",1,3,1,1,4,2,3,4,1,1,78.6764705882353,2,26,25,"Russia","Man",NA,"1-2","MSc","3-5 years","Bachelor's degree","In education studying","300",5,2,3,"No",7,4,12,120,0,45,NA,120,NA,1,NA,NA,"petition",7,7,"tdmddbpq_1","26_2",0,"control",NA,NA,0,2.66666666666667,2.66666666666667,0,0,0,4,0,440,440,9.77777777777778,704,0,4,62.5,0,0,0,NA,NA,0,0
13,"evnisgib",26,0,143,143,"questionnaire","ThankYou","2026-06-09 13:35:28.268118",24,"petition",9,1781013350.31822,"tdmddbpq",13,0,0,0,1,0,0,0,0,NA,"Petition (0 cost to you)",1,3,1,1,4,2,3,4,1,1,78.6764705882353,2,26,25,"Russia","Man",NA,"1-2","MSc","3-5 years","Bachelor's degree","In education studying","300",5,2,3,"No",8,4,15,150,125,45,1,91,NA,1,3,0,"petition",8,1,"tdmddbpq_1","26_2",1,"petition",75,1,83.3333333333333,3.33333333333333,2.02222222222222,-59,41.25,165,4,13.3333333333333,500,599,13.3111111111111,800,12,1,74.875,0,83.75,0,0,0,0,0
13,"evnisgib",26,0,143,143,"questionnaire","ThankYou","2026-06-09 13:35:28.268118",24,"petition",9,1781013350.31822,"tdmddbpq",13,0,0,0,1,0,0,0,0,NA,"Petition (0 cost to you)",1,3,1,1,4,2,3,4,1,1,78.6764705882353,2,26,25,"Russia","Man",NA,"1-2","MSc","3-5 years","Bachelor's degree","In education studying","300",5,2,3,"No",9,4,13,130,0,45,0,160,NA,1,3,0,"petition",9,2,"tdmddbpq_1","26_2",1,"petition",75,1,0,2.88888888888889,3.55555555555556,30,18.75,75,4,25,460,505,11.2222222222222,736,12,1,68.6141304347826,18.75,0,13.3333333333333,0,83.75,0,83.75
13,"evnisgib",26,0,143,143,"questionnaire","ThankYou","2026-06-09 13:35:28.268118",24,"petition",9,1781013350.31822,"tdmddbpq",13,0,0,0,1,0,0,0,0,NA,"Petition (0 cost to you)",1,3,1,1,4,2,3,4,1,1,78.6764705882353,2,26,25,"Russia","Man",NA,"1-2","MSc","3-5 years","Bachelor's degree","In education studying","300",5,2,3,"No",10,4,15,150,0,45,0,176,NA,1,3,0,"petition",10,3,"tdmddbpq_1","26_2",1,"petition",75,1,0,3.33333333333333,3.91111111111111,26,16.25,65,4,21.6666666666667,490,529,11.7555555555556,784,12,1,67.4744897959184,16.25,0,25,18.75,0,18.75,0
13,"evnisgib",26,0,143,143,"questionnaire","ThankYou","2026-06-09 13:35:28.268118",24,"petition",9,1781013350.31822,"tdmddbpq",13,0,0,0,1,0,0,0,0,NA,"Petition (0 cost to you)",1,3,1,1,4,2,3,4,1,1,78.6764705882353,2,26,25,"Russia","Man",NA,"1-2","MSc","3-5 years","Bachelor's degree","In education studying","300",5,2,3,"No",11,4,15,150,0,45,0,178,NA,1,3,0,"petition",11,4,"tdmddbpq_1","26_2",1,"petition",75,1,0,3.33333333333333,3.95555555555556,28,17.5,70,4,23.3333333333333,540,582,12.9333333333333,864,12,1,67.3611111111111,17.5,0,21.6666666666667,16.25,0,16.25,0
13,"evnisgib",26,0,143,143,"questionnaire","ThankYou","2026-06-09 13:35:28.268118",24,"petition",9,1781013350.31822,"tdmddbpq",13,0,0,0,1,0,0,0,0,NA,"Petition (0 cost to you)",1,3,1,1,4,2,3,4,1,1,78.6764705882353,2,26,25,"Russia","Man",NA,"1-2","MSc","3-5 years","Bachelor's degree","In education studying","300",5,2,3,"No",12,4,15,150,0,45,0,170,NA,1,3,0,"petition",12,5,"tdmddbpq_1","26_2",1,"petition",75,1,0,3.33333333333333,3.77777777777778,20,12.5,50,4,16.6666666666667,510,540,12,816,12,1,66.1764705882353,12.5,0,23.3333333333333,17.5,0,17.5,0
13,"evnisgib",26,0,143,143,"questionnaire","ThankYou","2026-06-09 13:35:28.268118",24,"petition",9,1781013350.31822,"tdmddbpq",13,0,0,0,1,0,0,0,0,NA,"Petition (0 cost to you)",1,3,1,1,4,2,3,4,1,1,78.6764705882353,2,26,25,"Russia","Man",NA,"1-2","MSc","3-5 years","Bachelor's degree","In education studying","300",5,2,3,"No",13,4,13,130,0,45,0,156,NA,1,3,0,"petition",13,6,"tdmddbpq_1","26_2",1,"petition",75,1,0,2.88888888888889,3.46666666666667,26,16.25,65,4,21.6666666666667,500,539,11.9777777777778,800,12,1,67.375,16.25,0,16.6666666666667,12.5,0,12.5,0
13,"evnisgib",26,0,143,143,"questionnaire","ThankYou","2026-06-09 13:35:28.268118",24,"petition",9,1781013350.31822,"tdmddbpq",13,0,0,0,1,0,0,0,0,NA,"Petition (0 cost to you)",1,3,1,1,4,2,3,4,1,1,78.6764705882353,2,26,25,"Russia","Man",NA,"1-2","MSc","3-5 years","Bachelor's degree","In education studying","300",5,2,3,"No",14,4,14,140,0,45,0,148,NA,1,3,0,"petition",14,7,"tdmddbpq_1","26_2",1,"petition",75,1,0,3.11111111111111,3.28888888888889,8,5,20,4,6.66666666666667,540,552,12.2666666666667,864,12,3,63.8888888888889,5,0,21.6666666666667,16.25,0,16.25,0
16,"f6vny8d1",19,0,143,143,"questionnaire","ThankYou","2026-06-09 13:35:28.487907",10.89,"roadblock",13,1781013202.63948,"tdmddbpq",16,0,1,0,0,0,0,0,0,NA,"Road blocking (Cost: -10 sec to you; -5 sec to others)",3,4,3,4,4,4,4,3,1,1,78.6764705882353,2,19,22,"Turkish","Woman","Marketing","1-2","MSc","<1 year","Bachelor's degree","In education studying; Not employed","300-350",5,5,6,"Once",1,1,8,80,10,45,NA,86.4,19,3,NA,NA,"roadblock",1,1,"tdmddbpq_3","19_2",0,"control",NA,NA,12.5,1.77777777777778,1.92,6.40000000000001,10.25,41,4,10.3333333333333,440,464.6,10.3244444444444,704,0,1,65.9943181818182,0.25,0,NA,NA,NA,NA,NA
16,"f6vny8d1",19,0,143,143,"questionnaire","ThankYou","2026-06-09 13:35:28.487907",10.89,"roadblock",13,1781013202.63948,"tdmddbpq",16,0,1,0,0,0,0,0,0,NA,"Road blocking (Cost: -10 sec to you; -5 sec to others)",3,4,3,4,4,4,4,3,1,1,78.6764705882353,2,19,22,"Turkish","Woman","Marketing","1-2","MSc","<1 year","Bachelor's degree","In education studying; Not employed","300-350",5,5,6,"Once",2,1,8,80,12,45,NA,85.2,NA,3,NA,NA,"roadblock",2,2,"tdmddbpq_3","19_2",0,"control",NA,NA,15,1.77777777777778,1.89333333333333,5.2,10.75,43,4,10.3333333333333,460,485.8,10.7955555555556,736,0,1,66.0054347826087,0,1.25,10.3333333333333,NA,NA,0.25,0
16,"f6vny8d1",19,0,143,143,"questionnaire","ThankYou","2026-06-09 13:35:28.487907",10.89,"roadblock",13,1781013202.63948,"tdmddbpq",16,0,1,0,0,0,0,0,0,NA,"Road blocking (Cost: -10 sec to you; -5 sec to others)",3,4,3,4,4,4,4,3,1,1,78.6764705882353,2,19,22,"Turkish","Woman","Marketing","1-2","MSc","<1 year","Bachelor's degree","In education studying; Not employed","300-350",5,5,6,"Once",3,1,11,110,16,45,NA,112.8,NA,3,NA,NA,"roadblock",3,3,"tdmddbpq_3","19_2",0,"control",NA,NA,14.5454545454545,2.44444444444444,2.50666666666667,2.8,11.75,47,4,10.3333333333333,520,548.2,12.1822222222222,832,0,1,65.8894230769231,0,4.25,10.3333333333333,NA,NA,0,1.25
16,"f6vny8d1",19,0,143,143,"questionnaire","ThankYou","2026-06-09 13:35:28.487907",10.89,"roadblock",13,1781013202.63948,"tdmddbpq",16,0,1,0,0,0,0,0,0,NA,"Road blocking (Cost: -10 sec to you; -5 sec to others)",3,4,3,4,4,4,4,3,1,1,78.6764705882353,2,19,22,"Turkish","Woman","Marketing","1-2","MSc","<1 year","Bachelor's degree","In education studying; Not employed","300-350",5,5,6,"Once",4,1,9,90,13,45,NA,90.6,NA,3,NA,NA,"roadblock",4,4,"tdmddbpq_3","19_2",0,"control",NA,NA,14.4444444444444,2,2.01333333333333,0.599999999999994,8.5,34,4,7,400,420.4,9.34222222222222,640,0,1,65.6875,0,4.5,10.3333333333333,NA,NA,0,4.25
16,"f6vny8d1",19,0,143,143,"questionnaire","ThankYou","2026-06-09 13:35:28.487907",10.89,"roadblock",13,1781013202.63948,"tdmddbpq",16,0,1,0,0,0,0,0,0,NA,"Road blocking (Cost: -10 sec to you; -5 sec to others)",3,4,3,4,4,4,4,3,1,1,78.6764705882353,2,19,22,"Turkish","Woman","Marketing","1-2","MSc","<1 year","Bachelor's degree","In education studying; Not employed","300-350",5,5,6,"Once",5,1,4,40,0,45,NA,52.4,NA,3,NA,NA,"roadblock",5,5,"tdmddbpq_3","19_2",0,"control",NA,NA,0,0.888888888888889,1.16444444444444,12.4,7.75,31,4,10.3333333333333,430,448.6,9.96888888888889,688,0,2,65.203488372093,7.75,0,7,NA,NA,0,4.5
16,"f6vny8d1",19,0,143,143,"questionnaire","ThankYou","2026-06-09 13:35:28.487907",10.89,"roadblock",13,1781013202.63948,"tdmddbpq",16,0,1,0,0,0,0,0,0,NA,"Road blocking (Cost: -10 sec to you; -5 sec to others)",3,4,3,4,4,4,4,3,1,1,78.6764705882353,2,19,22,"Turkish","Woman","Marketing","1-2","MSc","<1 year","Bachelor's degree","In education studying; Not employed","300-350",5,5,6,"Once",6,1,8,80,2,45,NA,91.2,NA,3,NA,NA,"roadblock",6,6,"tdmddbpq_3","19_2",0,"control",NA,NA,2.5,1.77777777777778,2.02666666666667,11.2,8.25,33,4,10.3333333333333,460,479.8,10.6622222222222,736,0,1,65.1902173913043,6.25,0,10.3333333333333,NA,NA,7.75,0
16,"f6vny8d1",19,0,143,143,"questionnaire","ThankYou","2026-06-09 13:35:28.487907",10.89,"roadblock",13,1781013202.63948,"tdmddbpq",16,0,1,0,0,0,0,0,0,NA,"Road blocking (Cost: -10 sec to you; -5 sec to others)",3,4,3,4,4,4,4,3,1,1,78.6764705882353,2,19,22,"Turkish","Woman","Marketing","1-2","MSc","<1 year","Bachelor's degree","In education studying; Not employed","300-350",5,5,6,"Once",7,1,9,90,20,45,NA,86,NA,3,NA,NA,"roadblock",7,7,"tdmddbpq_3","19_2",0,"control",NA,NA,22.2222222222222,2,1.91111111111111,-4,10,40,4,6.66666666666667,420,444,9.86666666666667,672,0,2,66.0714285714286,0,10,10.3333333333333,NA,NA,6.25,0
16,"f6vny8d1",19,0,143,143,"questionnaire","ThankYou","2026-06-09 13:35:28.487907",10.89,"roadblock",13,1781013202.63948,"tdmddbpq",16,0,1,0,0,0,0,0,0,NA,"Road blocking (Cost: -10 sec to you; -5 sec to others)",3,4,3,4,4,4,4,3,1,1,78.6764705882353,2,19,22,"Turkish","Woman","Marketing","1-2","MSc","<1 year","Bachelor's degree","In education studying; Not employed","300-350",5,5,6,"Once",8,1,7,70,10,35,1,72.4,NA,3,2,2,"roadblock",8,1,"tdmddbpq_3","19_2",1,"roadblock",50,1,14.2857142857143,2,2.06857142857143,2.40000000000001,7.75,31,4,7,410,428.6,12.2457142857143,656,8,1,65.3353658536585,0,2.25,6.66666666666667,0,10,0,10
16,"f6vny8d1",19,0,143,143,"questionnaire","ThankYou","2026-06-09 13:35:28.487907",10.89,"roadblock",13,1781013202.63948,"tdmddbpq",16,0,1,0,0,0,0,0,0,NA,"Road blocking (Cost: -10 sec to you; -5 sec to others)",3,4,3,4,4,4,4,3,1,1,78.6764705882353,2,19,22,"Turkish","Woman","Marketing","1-2","MSc","<1 year","Bachelor's degree","In education studying; Not employed","300-350",5,5,6,"Once",9,1,7,70,9,35,1,73,NA,3,2,2,"roadblock",9,2,"tdmddbpq_3","19_2",1,"roadblock",50,1,12.8571428571429,2,2.08571428571429,3,7.5,30,4,7,420,438,12.5142857142857,672,8,1,65.1785714285714,0,1.5,7,0,2.25,0,2.25
16,"f6vny8d1",19,0,143,143,"questionnaire","ThankYou","2026-06-09 13:35:28.487907",10.89,"roadblock",13,1781013202.63948,"tdmddbpq",16,0,1,0,0,0,0,0,0,NA,"Road blocking (Cost: -10 sec to you; -5 sec to others)",3,4,3,4,4,4,4,3,1,1,78.6764705882353,2,19,22,"Turkish","Woman","Marketing","1-2","MSc","<1 year","Bachelor's degree","In education studying; Not employed","300-350",5,5,6,"Once",10,1,6,60,5,35,1,65.4,NA,3,1,1,"roadblock",10,3,"tdmddbpq_3","19_2",1,"roadblock",25,1,8.33333333333333,1.71428571428571,1.86857142857143,5.40000000000001,6.5,26,4,7,390,405.6,11.5885714285714,624,4,1,65,1.5,0,7,0,1.5,0,1.5
16,"f6vny8d1",19,0,143,143,"questionnaire","ThankYou","2026-06-09 13:35:28.487907",10.89,"roadblock",13,1781013202.63948,"tdmddbpq",16,0,1,0,0,0,0,0,0,NA,"Road blocking (Cost: -10 sec to you; -5 sec to others)",3,4,3,4,4,4,4,3,1,1,78.6764705882353,2,19,22,"Turkish","Woman","Marketing","1-2","MSc","<1 year","Bachelor's degree","In education studying; Not employed","300-350",5,5,6,"Once",11,1,8,80,10,35,1,78.4,NA,3,1,1,"roadblock",11,4,"tdmddbpq_3","19_2",1,"roadblock",25,1,12.5,2.28571428571429,2.24,-1.59999999999999,5.25,21,4,3.66666666666667,430,442.6,12.6457142857143,688,4,1,64.3313953488372,0,4.75,7,1.5,0,1.5,0
16,"f6vny8d1",19,0,143,143,"questionnaire","ThankYou","2026-06-09 13:35:28.487907",10.89,"roadblock",13,1781013202.63948,"tdmddbpq",16,0,1,0,0,0,0,0,0,NA,"Road blocking (Cost: -10 sec to you; -5 sec to others)",3,4,3,4,4,4,4,3,1,1,78.6764705882353,2,19,22,"Turkish","Woman","Marketing","1-2","MSc","<1 year","Bachelor's degree","In education studying; Not employed","300-350",5,5,6,"Once",12,1,7,70,5,35,1,71.4,NA,3,1,1,"roadblock",12,5,"tdmddbpq_3","19_2",1,"roadblock",25,1,7.14285714285714,2,2.04,1.40000000000001,4,16,4,3.66666666666667,400,409.6,11.7028571428571,640,4,1,64,0,1,3.66666666666667,0,4.75,0,4.75
16,"f6vny8d1",19,0,143,143,"questionnaire","ThankYou","2026-06-09 13:35:28.487907",10.89,"roadblock",13,1781013202.63948,"tdmddbpq",16,0,1,0,0,0,0,0,0,NA,"Road blocking (Cost: -10 sec to you; -5 sec to others)",3,4,3,4,4,4,4,3,1,1,78.6764705882353,2,19,22,"Turkish","Woman","Marketing","1-2","MSc","<1 year","Bachelor's degree","In education studying; Not employed","300-350",5,5,6,"Once",13,1,7,70,3,35,1,72.6,NA,3,2,2,"roadblock",13,6,"tdmddbpq_3","19_2",1,"roadblock",50,1,4.28571428571429,2,2.07428571428571,2.59999999999999,3.5,14,4,3.66666666666667,400,408.4,11.6685714285714,640,8,1,63.8125,0.5,0,3.66666666666667,0,1,0,1
16,"f6vny8d1",19,0,143,143,"questionnaire","ThankYou","2026-06-09 13:35:28.487907",10.89,"roadblock",13,1781013202.63948,"tdmddbpq",16,0,1,0,0,0,0,0,0,NA,"Road blocking (Cost: -10 sec to you; -5 sec to others)",3,4,3,4,4,4,4,3,1,1,78.6764705882353,2,19,22,"Turkish","Woman","Marketing","1-2","MSc","<1 year","Bachelor's degree","In education studying; Not employed","300-350",5,5,6,"Once",14,1,9,90,5,35,1,91.4,NA,3,2,2,"roadblock",14,7,"tdmddbpq_3","19_2",1,"roadblock",50,1,5.55555555555556,2.57142857142857,2.61142857142857,1.40000000000001,4,16,4,3.66666666666667,430,439.6,12.56,688,8,1,63.8953488372093,0,1,3.66666666666667,0.5,0,0.5,0
19,"fevonr07",4,0,143,143,"questionnaire","ThankYou","2026-06-09 13:35:28.813705",18.75,"petition",9,1781013410.0872,"tdmddbpq",19,0,0,0,0,0,0,1,0,"I wanted to earn more points through cooperation","None of the above",3,4,2,4,2,3,2,4,1,1,79.0441176470588,2,4,21,"Austria","Woman","Economics&Law","3-4","BSc","3-5 years","Secondary school","Not employed","400",1,2,2,"No",1,2,12,120,0,45,NA,181.2,4,1,NA,NA,"petition",1,1,"tdmddbpq_1","4_2",0,"control",NA,NA,0,2.66666666666667,4.02666666666667,61.2,38.25,153,4,51,400,491.8,10.9288888888889,640,0,2,76.84375,38.25,0,NA,NA,NA,NA,NA
19,"fevonr07",4,0,143,143,"questionnaire","ThankYou","2026-06-09 13:35:28.813705",18.75,"petition",9,1781013410.0872,"tdmddbpq",19,0,0,0,0,0,0,1,0,"I wanted to earn more points through cooperation","None of the above",3,4,2,4,2,3,2,4,1,1,79.0441176470588,2,4,21,"Austria","Woman","Economics&Law","3-4","BSc","3-5 years","Secondary school","Not employed","400",1,2,2,"No",2,2,14,140,0,45,NA,148,NA,1,NA,NA,"petition",2,2,"tdmddbpq_1","4_2",0,"control",NA,NA,0,3.11111111111111,3.28888888888889,8,5,20,4,6.66666666666667,490,502,11.1555555555556,784,0,3,64.030612244898,5,0,51,NA,NA,38.25,0
19,"fevonr07",4,0,143,143,"questionnaire","ThankYou","2026-06-09 13:35:28.813705",18.75,"petition",9,1781013410.0872,"tdmddbpq",19,0,0,0,0,0,0,1,0,"I wanted to earn more points through cooperation","None of the above",3,4,2,4,2,3,2,4,1,1,79.0441176470588,2,4,21,"Austria","Woman","Economics&Law","3-4","BSc","3-5 years","Secondary school","Not employed","400",1,2,2,"No",3,2,12,120,20,45,NA,108,NA,1,NA,NA,"petition",3,3,"tdmddbpq_1","4_2",0,"control",NA,NA,16.6666666666667,2.66666666666667,2.4,-12,5,20,4,0,420,432,9.6,672,0,3,64.2857142857143,0,15,6.66666666666667,NA,NA,5,0
19,"fevonr07",4,0,143,143,"questionnaire","ThankYou","2026-06-09 13:35:28.813705",18.75,"petition",9,1781013410.0872,"tdmddbpq",19,0,0,0,0,0,0,1,0,"I wanted to earn more points through cooperation","None of the above",3,4,2,4,2,3,2,4,1,1,79.0441176470588,2,4,21,"Austria","Woman","Economics&Law","3-4","BSc","3-5 years","Secondary school","Not employed","400",1,2,2,"No",4,2,13,130,0,45,NA,130,NA,1,NA,NA,"petition",4,4,"tdmddbpq_1","4_2",0,"control",NA,NA,0,2.88888888888889,2.88888888888889,0,0,0,4,0,430,430,9.55555555555556,688,0,4,62.5,0,0,0,NA,NA,0,15
19,"fevonr07",4,0,143,143,"questionnaire","ThankYou","2026-06-09 13:35:28.813705",18.75,"petition",9,1781013410.0872,"tdmddbpq",19,0,0,0,0,0,0,1,0,"I wanted to earn more points through cooperation","None of the above",3,4,2,4,2,3,2,4,1,1,79.0441176470588,2,4,21,"Austria","Woman","Economics&Law","3-4","BSc","3-5 years","Secondary school","Not employed","400",1,2,2,"No",5,2,14,140,0,45,NA,140,NA,1,NA,NA,"petition",5,5,"tdmddbpq_1","4_2",0,"control",NA,NA,0,3.11111111111111,3.11111111111111,0,0,0,4,0,490,490,10.8888888888889,784,0,4,62.5,0,0,0,NA,NA,0,0
19,"fevonr07",4,0,143,143,"questionnaire","ThankYou","2026-06-09 13:35:28.813705",18.75,"petition",9,1781013410.0872,"tdmddbpq",19,0,0,0,0,0,0,1,0,"I wanted to earn more points through cooperation","None of the above",3,4,2,4,2,3,2,4,1,1,79.0441176470588,2,4,21,"Austria","Woman","Economics&Law","3-4","BSc","3-5 years","Secondary school","Not employed","400",1,2,2,"No",6,2,13,130,0,45,NA,130,NA,1,NA,NA,"petition",6,6,"tdmddbpq_1","4_2",0,"control",NA,NA,0,2.88888888888889,2.88888888888889,0,0,0,4,0,450,450,10,720,0,4,62.5,0,0,0,NA,NA,0,0
19,"fevonr07",4,0,143,143,"questionnaire","ThankYou","2026-06-09 13:35:28.813705",18.75,"petition",9,1781013410.0872,"tdmddbpq",19,0,0,0,0,0,0,1,0,"I wanted to earn more points through cooperation","None of the above",3,4,2,4,2,3,2,4,1,1,79.0441176470588,2,4,21,"Austria","Woman","Economics&Law","3-4","BSc","3-5 years","Secondary school","Not employed","400",1,2,2,"No",7,2,12,120,0,45,NA,120,NA,1,NA,NA,"petition",7,7,"tdmddbpq_1","4_2",0,"control",NA,NA,0,2.66666666666667,2.66666666666667,0,0,0,4,0,440,440,9.77777777777778,704,0,4,62.5,0,0,0,NA,NA,0,0
19,"fevonr07",4,0,143,143,"questionnaire","ThankYou","2026-06-09 13:35:28.813705",18.75,"petition",9,1781013410.0872,"tdmddbpq",19,0,0,0,0,0,0,1,0,"I wanted to earn more points through cooperation","None of the above",3,4,2,4,2,3,2,4,1,1,79.0441176470588,2,4,21,"Austria","Woman","Economics&Law","3-4","BSc","3-5 years","Secondary school","Not employed","400",1,2,2,"No",8,2,15,150,30,45,1,186,NA,1,3,0,"petition",8,1,"tdmddbpq_1","4_2",1,"petition",75,1,20,3.33333333333333,4.13333333333333,36,41.25,165,4,45,500,599,13.3111111111111,800,12,1,74.875,11.25,0,0,0,0,0,0
19,"fevonr07",4,0,143,143,"questionnaire","ThankYou","2026-06-09 13:35:28.813705",18.75,"petition",9,1781013410.0872,"tdmddbpq",19,0,0,0,0,0,0,1,0,"I wanted to earn more points through cooperation","None of the above",3,4,2,4,2,3,2,4,1,1,79.0441176470588,2,4,21,"Austria","Woman","Economics&Law","3-4","BSc","3-5 years","Secondary school","Not employed","400",1,2,2,"No",9,2,13,130,35,45,1,125,NA,1,3,0,"petition",9,2,"tdmddbpq_1","4_2",1,"petition",75,1,26.9230769230769,2.88888888888889,2.77777777777778,-5,18.75,75,4,13.3333333333333,460,505,11.2222222222222,736,12,1,68.6141304347826,0,16.25,45,11.25,0,11.25,0
19,"fevonr07",4,0,143,143,"questionnaire","ThankYou","2026-06-09 13:35:28.813705",18.75,"petition",9,1781013410.0872,"tdmddbpq",19,0,0,0,0,0,0,1,0,"I wanted to earn more points through cooperation","None of the above",3,4,2,4,2,3,2,4,1,1,79.0441176470588,2,4,21,"Austria","Woman","Economics&Law","3-4","BSc","3-5 years","Secondary school","Not employed","400",1,2,2,"No",10,2,13,130,20,45,1,136,NA,1,3,0,"petition",10,3,"tdmddbpq_1","4_2",1,"petition",75,1,15.3846153846154,2.88888888888889,3.02222222222222,6,16.25,65,4,15,490,529,11.7555555555556,784,12,1,67.4744897959184,0,3.75,13.3333333333333,0,16.25,0,16.25
19,"fevonr07",4,0,143,143,"questionnaire","ThankYou","2026-06-09 13:35:28.813705",18.75,"petition",9,1781013410.0872,"tdmddbpq",19,0,0,0,0,0,0,1,0,"I wanted to earn more points through cooperation","None of the above",3,4,2,4,2,3,2,4,1,1,79.0441176470588,2,4,21,"Austria","Woman","Economics&Law","3-4","BSc","3-5 years","Secondary school","Not employed","400",1,2,2,"No",11,2,15,150,30,45,1,148,NA,1,3,0,"petition",11,4,"tdmddbpq_1","4_2",1,"petition",75,1,20,3.33333333333333,3.28888888888889,-2,17.5,70,4,13.3333333333333,540,582,12.9333333333333,864,12,1,67.3611111111111,0,12.5,15,0,3.75,0,3.75
19,"fevonr07",4,0,143,143,"questionnaire","ThankYou","2026-06-09 13:35:28.813705",18.75,"petition",9,1781013410.0872,"tdmddbpq",19,0,0,0,0,0,0,1,0,"I wanted to earn more points through cooperation","None of the above",3,4,2,4,2,3,2,4,1,1,79.0441176470588,2,4,21,"Austria","Woman","Economics&Law","3-4","BSc","3-5 years","Secondary school","Not employed","400",1,2,2,"No",12,2,15,150,20,45,1,150,NA,1,3,0,"petition",12,5,"tdmddbpq_1","4_2",1,"petition",75,1,13.3333333333333,3.33333333333333,3.33333333333333,0,12.5,50,4,10,510,540,12,816,12,1,66.1764705882353,0,7.5,13.3333333333333,0,12.5,0,12.5
19,"fevonr07",4,0,143,143,"questionnaire","ThankYou","2026-06-09 13:35:28.813705",18.75,"petition",9,1781013410.0872,"tdmddbpq",19,0,0,0,0,0,0,1,0,"I wanted to earn more points through cooperation","None of the above",3,4,2,4,2,3,2,4,1,1,79.0441176470588,2,4,21,"Austria","Woman","Economics&Law","3-4","BSc","3-5 years","Secondary school","Not employed","400",1,2,2,"No",13,2,15,150,30,45,1,146,NA,1,3,0,"petition",13,6,"tdmddbpq_1","4_2",1,"petition",75,1,20,3.33333333333333,3.24444444444444,-4,16.25,65,4,11.6666666666667,500,539,11.9777777777778,800,12,1,67.375,0,13.75,10,0,7.5,0,7.5
19,"fevonr07",4,0,143,143,"questionnaire","ThankYou","2026-06-09 13:35:28.813705",18.75,"petition",9,1781013410.0872,"tdmddbpq",19,0,0,0,0,0,0,1,0,"I wanted to earn more points through cooperation","None of the above",3,4,2,4,2,3,2,4,1,1,79.0441176470588,2,4,21,"Austria","Woman","Economics&Law","3-4","BSc","3-5 years","Secondary school","Not employed","400",1,2,2,"No",14,2,15,150,0,45,1,158,NA,1,3,0,"petition",14,7,"tdmddbpq_1","4_2",1,"petition",75,1,0,3.33333333333333,3.51111111111111,8,5,20,4,6.66666666666667,540,552,12.2666666666667,864,12,3,63.8888888888889,5,0,11.6666666666667,0,13.75,0,13.75
2,"gl3plip3",24,0,58,143,"activism","WaitForResults","2026-06-09 13:35:26.616933",0,"demonstration",NA,NA,"tdmddbpq",2,0,NA,NA,NA,NA,NA,NA,NA,NA,NA,NA,NA,NA,NA,NA,NA,NA,NA,1,1,46.3235294117647,2,24,28,"German","Woman","Management","7-8","MSc","3-5 years","Bachelor's degree","In education studying; Not employed","200-300",8,5,4,"No",1,1,12,120,20,45,NA,128,24,2,NA,NA,"demonstration",1,1,"tdmddbpq_2","24_2",0,"control",NA,NA,16.6666666666667,2.66666666666667,2.84444444444444,8,17.5,70,4,16.6666666666667,380,422,9.37777777777778,608,0,1,69.4078947368421,0,2.5,NA,NA,NA,NA,NA
2,"gl3plip3",24,0,58,143,"activism","WaitForResults","2026-06-09 13:35:26.616933",0,"demonstration",NA,NA,"tdmddbpq",2,0,NA,NA,NA,NA,NA,NA,NA,NA,NA,NA,NA,NA,NA,NA,NA,NA,NA,1,1,46.3235294117647,2,24,28,"German","Woman","Management","7-8","MSc","3-5 years","Bachelor's degree","In education studying; Not employed","200-300",8,5,4,"No",2,1,13,130,20,45,NA,134,NA,2,NA,NA,"demonstration",2,2,"tdmddbpq_2","24_2",0,"control",NA,NA,15.3846153846154,2.88888888888889,2.97777777777778,4,15,60,4,13.3333333333333,460,496,11.0222222222222,736,0,1,67.3913043478261,0,5,16.6666666666667,NA,NA,0,2.5
2,"gl3plip3",24,0,58,143,"activism","WaitForResults","2026-06-09 13:35:26.616933",0,"demonstration",NA,NA,"tdmddbpq",2,0,NA,NA,NA,NA,NA,NA,NA,NA,NA,NA,NA,NA,NA,NA,NA,NA,NA,1,1,46.3235294117647,2,24,28,"German","Woman","Management","7-8","MSc","3-5 years","Bachelor's degree","In education studying; Not employed","200-300",8,5,4,"No",3,1,14,140,20,45,NA,140,NA,2,NA,NA,"demonstration",3,3,"tdmddbpq_2","24_2",0,"control",NA,NA,14.2857142857143,3.11111111111111,3.11111111111111,0,12.5,50,4,10,470,500,11.1111111111111,752,0,2,66.4893617021277,0,7.5,13.3333333333333,NA,NA,0,5
2,"gl3plip3",24,0,58,143,"activism","WaitForResults","2026-06-09 13:35:26.616933",0,"demonstration",NA,NA,"tdmddbpq",2,0,NA,NA,NA,NA,NA,NA,NA,NA,NA,NA,NA,NA,NA,NA,NA,NA,NA,1,1,46.3235294117647,2,24,28,"German","Woman","Management","7-8","MSc","3-5 years","Bachelor's degree","In education studying; Not employed","200-300",8,5,4,"No",4,1,13,130,10,45,NA,136,NA,2,NA,NA,"demonstration",4,4,"tdmddbpq_2","24_2",0,"control",NA,NA,7.69230769230769,2.88888888888889,3.02222222222222,6,10,40,4,10,400,424,9.42222222222222,640,0,1,66.25,0,0,10,NA,NA,0,7.5
2,"gl3plip3",24,0,58,143,"activism","WaitForResults","2026-06-09 13:35:26.616933",0,"demonstration",NA,NA,"tdmddbpq",2,0,NA,NA,NA,NA,NA,NA,NA,NA,NA,NA,NA,NA,NA,NA,NA,NA,NA,1,1,46.3235294117647,2,24,28,"German","Woman","Management","7-8","MSc","3-5 years","Bachelor's degree","In education studying; Not employed","200-300",8,5,4,"No",5,1,15,150,30,45,NA,136,NA,2,NA,NA,"demonstration",5,5,"tdmddbpq_2","24_2",0,"control",NA,NA,20,3.33333333333333,3.02222222222222,-14,10,40,4,3.33333333333333,430,338,7.51111111111111,688,0,2,49.1279069767442,0,20,10,NA,NA,0,0
6,"grzk7t4j",27,0,78,143,"activism","WaitForResults","2026-06-09 08:44:59.851162",0,"petition",NA,NA,"ahosr93r",6,0,NA,NA,NA,NA,NA,NA,NA,NA,NA,NA,NA,NA,NA,NA,NA,NA,NA,1,1,48.8970588235294,1,27,21,"German","Man","Business Administration","3-4","BSc","1-2 years","Secondary School","In education","700",5,6,8,"Once",1,4,5,50,20,45,NA,86,27,1,NA,NA,"petition",1,1,"ahosr93r_1","27_1",0,"control",NA,NA,40,1.11111111111111,1.91111111111111,36,35,140,4,40,250,334,7.42222222222222,400,0,0,83.5,15,0,NA,NA,NA,NA,NA
6,"grzk7t4j",27,0,78,143,"activism","WaitForResults","2026-06-09 08:44:59.851162",0,"petition",NA,NA,"ahosr93r",6,0,NA,NA,NA,NA,NA,NA,NA,NA,NA,NA,NA,NA,NA,NA,NA,NA,NA,1,1,48.8970588235294,1,27,21,"German","Man","Business Administration","3-4","BSc","1-2 years","Secondary School","In education","700",5,6,8,"Once",2,4,9,90,30,45,NA,148,NA,1,NA,NA,"petition",2,2,"ahosr93r_1","27_1",0,"control",NA,NA,33.3333333333333,2,3.28888888888889,58,55,220,4,63.3333333333333,400,532,11.8222222222222,640,0,0,83.125,25,0,40,NA,NA,15,0
6,"grzk7t4j",27,0,78,143,"activism","WaitForResults","2026-06-09 08:44:59.851162",0,"petition",NA,NA,"ahosr93r",6,0,NA,NA,NA,NA,NA,NA,NA,NA,NA,NA,NA,NA,NA,NA,NA,NA,NA,1,1,48.8970588235294,1,27,21,"German","Man","Business Administration","3-4","BSc","1-2 years","Secondary School","In education","700",5,6,8,"Once",3,4,9,90,30,45,NA,136,NA,1,NA,NA,"petition",3,3,"ahosr93r_1","27_1",0,"control",NA,NA,33.3333333333333,2,3.02222222222222,46,47.5,190,4,53.3333333333333,330,444,9.86666666666667,528,0,0,84.0909090909091,17.5,0,63.3333333333333,NA,NA,25,0
6,"grzk7t4j",27,0,78,143,"activism","WaitForResults","2026-06-09 08:44:59.851162",0,"petition",NA,NA,"ahosr93r",6,0,NA,NA,NA,NA,NA,NA,NA,NA,NA,NA,NA,NA,NA,NA,NA,NA,NA,1,1,48.8970588235294,1,27,21,"German","Man","Business Administration","3-4","BSc","1-2 years","Secondary School","In education","700",5,6,8,"Once",4,4,11,110,30,45,NA,168,NA,1,NA,NA,"petition",4,4,"ahosr93r_1","27_1",0,"control",NA,NA,27.2727272727273,2.44444444444444,3.73333333333333,58,55,220,4,63.3333333333333,420,552,12.2666666666667,672,0,0,82.1428571428571,25,0,53.3333333333333,NA,NA,17.5,0
6,"grzk7t4j",27,0,78,143,"activism","WaitForResults","2026-06-09 08:44:59.851162",0,"petition",NA,NA,"ahosr93r",6,0,NA,NA,NA,NA,NA,NA,NA,NA,NA,NA,NA,NA,NA,NA,NA,NA,NA,1,1,48.8970588235294,1,27,21,"German","Man","Business Administration","3-4","BSc","1-2 years","Secondary School","In education","700",5,6,8,"Once",5,4,10,100,30,45,NA,166,NA,1,NA,NA,"petition",5,5,"ahosr93r_1","27_1",0,"control",NA,NA,30,2.22222222222222,3.68888888888889,66,60,240,4,70,420,564,12.5333333333333,672,0,0,83.9285714285714,30,0,63.3333333333333,NA,NA,25,0
6,"grzk7t4j",27,0,78,143,"activism","WaitForResults","2026-06-09 08:44:59.851162",0,"petition",NA,NA,"ahosr93r",6,0,NA,NA,NA,NA,NA,NA,NA,NA,NA,NA,NA,NA,NA,NA,NA,NA,NA,1,1,48.8970588235294,1,27,21,"German","Man","Business Administration","3-4","BSc","1-2 years","Secondary School","In education","700",5,6,8,"Once",6,4,10,100,30,45,NA,182,NA,1,NA,NA,"petition",6,6,"ahosr93r_1","27_1",0,"control",NA,NA,30,2.22222222222222,4.04444444444444,82,70,280,4,83.3333333333333,450,618,13.7333333333333,720,0,0,85.8333333333333,40,0,70,NA,NA,30,0
6,"grzk7t4j",27,0,78,143,"activism","WaitForResults","2026-06-09 08:44:59.851162",0,"petition",NA,NA,"ahosr93r",6,0,NA,NA,NA,NA,NA,NA,NA,NA,NA,NA,NA,NA,NA,NA,NA,NA,NA,1,1,48.8970588235294,1,27,21,"German","Man","Business Administration","3-4","BSc","1-2 years","Secondary School","In education","700",5,6,8,"Once",7,4,11,110,35,45,NA,173,NA,1,NA,NA,"petition",7,7,"ahosr93r_1","27_1",0,"control",NA,NA,31.8181818181818,2.44444444444444,3.84444444444444,63,61.25,245,4,70,430,577,12.8222222222222,688,0,0,83.8662790697674,26.25,0,83.3333333333333,NA,NA,40,0
10,"hapbqcq1",12,0,143,143,"questionnaire","ThankYou","2026-06-09 08:45:00.549471",14.1,"demonstration",2,1780995881.68788,"ahosr93r",10,0,0,1,0,0,0,0,1,NA,"Petition (0 cost to you)",5,5,5,4,3,2,2,3,1,1,73.5294117647059,1,12,21,"Germany","Man","Business","3-4","BSc.","< 1 year","Secondary School","In education","750",6,4,7,"No",1,1,3,30,2,45,NA,56.8,12,5,NA,NA,"demonstration",1,1,"ahosr93r_5","12_1",0,"control",NA,NA,6.66666666666667,0.666666666666667,1.26222222222222,26.8,18,72,4,23.3333333333333,260,303.2,6.73777777777778,416,0,1,72.8846153846154,16,0,NA,NA,NA,NA,NA
10,"hapbqcq1",12,0,143,143,"questionnaire","ThankYou","2026-06-09 08:45:00.549471",14.1,"demonstration",2,1780995881.68788,"ahosr93r",10,0,0,1,0,0,0,0,1,NA,"Petition (0 cost to you)",5,5,5,4,3,2,2,3,1,1,73.5294117647059,1,12,21,"Germany","Man","Business","3-4","BSc.","< 1 year","Secondary School","In education","750",6,4,7,"No",2,1,9,90,50,45,NA,94,NA,5,NA,NA,"demonstration",2,2,"ahosr93r_5","12_1",0,"control",NA,NA,55.5555555555556,2,2.08888888888889,4,33.75,135,4,28.3333333333333,420,501,11.1333333333333,672,0,1,74.5535714285714,0,16.25,23.3333333333333,NA,NA,16,0
10,"hapbqcq1",12,0,143,143,"questionnaire","ThankYou","2026-06-09 08:45:00.549471",14.1,"demonstration",2,1780995881.68788,"ahosr93r",10,0,0,1,0,0,0,0,1,NA,"Petition (0 cost to you)",5,5,5,4,3,2,2,3,1,1,73.5294117647059,1,12,21,"Germany","Man","Business","3-4","BSc.","< 1 year","Secondary School","In education","750",6,4,7,"No",3,1,10,100,90,45,NA,98,NA,5,NA,NA,"demonstration",3,3,"ahosr93r_5","12_1",0,"control",NA,NA,90,2.22222222222222,2.17777777777778,-2,55,220,4,43.3333333333333,410,542,12.0444444444444,656,0,0,82.6219512195122,0,35,28.3333333333333,NA,NA,0,16.25
10,"hapbqcq1",12,0,143,143,"questionnaire","ThankYou","2026-06-09 08:45:00.549471",14.1,"demonstration",2,1780995881.68788,"ahosr93r",10,0,0,1,0,0,0,0,1,NA,"Petition (0 cost to you)",5,5,5,4,3,2,2,3,1,1,73.5294117647059,1,12,21,"Germany","Man","Business","3-4","BSc.","< 1 year","Secondary School","In education","750",6,4,7,"No",4,1,9,90,70,45,NA,105.6,NA,5,NA,NA,"demonstration",4,4,"ahosr93r_5","12_1",0,"control",NA,NA,77.7777777777778,2,2.34666666666667,15.6,53.5,214,4,48,420,548.4,12.1866666666667,672,0,0,81.6071428571429,0,16.5,43.3333333333333,NA,NA,0,35
10,"hapbqcq1",12,0,143,143,"questionnaire","ThankYou","2026-06-09 08:45:00.549471",14.1,"demonstration",2,1780995881.68788,"ahosr93r",10,0,0,1,0,0,0,0,1,NA,"Petition (0 cost to you)",5,5,5,4,3,2,2,3,1,1,73.5294117647059,1,12,21,"Germany","Man","Business","3-4","BSc.","< 1 year","Secondary School","In education","750",6,4,7,"No",5,1,7,70,10,45,NA,120,NA,5,NA,NA,"demonstration",5,5,"ahosr93r_5","12_1",0,"control",NA,NA,14.2857142857143,1.55555555555556,2.66666666666667,50,37.5,150,4,46.6666666666667,430,520,11.5555555555556,688,0,0,75.5813953488372,27.5,0,48,NA,NA,0,16.5
10,"hapbqcq1",12,0,143,143,"questionnaire","ThankYou","2026-06-09 08:45:00.549471",14.1,"demonstration",2,1780995881.68788,"ahosr93r",10,0,0,1,0,0,0,0,1,NA,"Petition (0 cost to you)",5,5,5,4,3,2,2,3,1,1,73.5294117647059,1,12,21,"Germany","Man","Business","3-4","BSc.","< 1 year","Secondary School","In education","750",6,4,7,"No",6,1,13,130,100,45,NA,126,NA,5,NA,NA,"demonstration",6,6,"ahosr93r_5","12_1",0,"control",NA,NA,76.9230769230769,2.88888888888889,2.8,-4,60,240,4,46.6666666666667,520,664,14.7555555555556,832,0,0,79.8076923076923,0,40,46.6666666666667,NA,NA,27.5,0
10,"hapbqcq1",12,0,143,143,"questionnaire","ThankYou","2026-06-09 08:45:00.549471",14.1,"demonstration",2,1780995881.68788,"ahosr93r",10,0,0,1,0,0,0,0,1,NA,"Petition (0 cost to you)",5,5,5,4,3,2,2,3,1,1,73.5294117647059,1,12,21,"Germany","Man","Business","3-4","BSc.","< 1 year","Secondary School","In education","750",6,4,7,"No",7,1,8,80,40,45,NA,104,NA,5,NA,NA,"demonstration",7,7,"ahosr93r_5","12_1",0,"control",NA,NA,50,1.77777777777778,2.31111111111111,24,40,160,4,40,460,556,12.3555555555556,736,0,1,75.5434782608696,0,0,46.6666666666667,NA,NA,0,40
10,"hapbqcq1",12,0,143,143,"questionnaire","ThankYou","2026-06-09 08:45:00.549471",14.1,"demonstration",2,1780995881.68788,"ahosr93r",10,0,0,1,0,0,0,0,1,NA,"Petition (0 cost to you)",5,5,5,4,3,2,2,3,1,1,73.5294117647059,1,12,21,"Germany","Man","Business","3-4","BSc.","< 1 year","Secondary School","In education","750",6,4,7,"No",8,1,11,110,60,45,0,84,NA,5,1,0,"demonstration",8,1,"ahosr93r_5","12_1",1,"demonstration",25,1,54.5454545454545,2.44444444444444,1.86666666666667,-26,21.25,85,4,8.33333333333333,430,481,10.6888888888889,688,4,1,69.9127906976744,0,38.75,40,0,0,0,0
10,"hapbqcq1",12,0,143,143,"questionnaire","ThankYou","2026-06-09 08:45:00.549471",14.1,"demonstration",2,1780995881.68788,"ahosr93r",10,0,0,1,0,0,0,0,1,NA,"Petition (0 cost to you)",5,5,5,4,3,2,2,3,1,1,73.5294117647059,1,12,21,"Germany","Man","Business","3-4","BSc.","< 1 year","Secondary School","In education","750",6,4,7,"No",9,1,6,60,60,35,1,64,NA,5,1,0,"demonstration",9,2,"ahosr93r_5","12_1",1,"demonstration",25,1,100,1.71428571428571,1.82857142857143,4,40,160,4,33.3333333333333,390,486,13.8857142857143,624,4,0,77.8846153846154,0,20,8.33333333333333,0,38.75,0,38.75
10,"hapbqcq1",12,0,143,143,"questionnaire","ThankYou","2026-06-09 08:45:00.549471",14.1,"demonstration",2,1780995881.68788,"ahosr93r",10,0,0,1,0,0,0,0,1,NA,"Petition (0 cost to you)",5,5,5,4,3,2,2,3,1,1,73.5294117647059,1,12,21,"Germany","Man","Business","3-4","BSc.","< 1 year","Secondary School","In education","750",6,4,7,"No",10,1,13,130,0,45,0,164,NA,5,0,0,"demonstration",10,3,"ahosr93r_5","12_1",1,"demonstration",0,0,0,2.88888888888889,3.64444444444444,34,21.25,85,4,28.3333333333333,520,571,12.6888888888889,832,0,2,68.6298076923077,21.25,0,33.3333333333333,0,20,0,20
10,"hapbqcq1",12,0,143,143,"questionnaire","ThankYou","2026-06-09 08:45:00.549471",14.1,"demonstration",2,1780995881.68788,"ahosr93r",10,0,0,1,0,0,0,0,1,NA,"Petition (0 cost to you)",5,5,5,4,3,2,2,3,1,1,73.5294117647059,1,12,21,"Germany","Man","Business","3-4","BSc.","< 1 year","Secondary School","In education","750",6,4,7,"No",11,1,11,110,0,45,0,121.2,NA,5,0,0,"demonstration",11,4,"ahosr93r_5","12_1",1,"demonstration",0,0,0,2.44444444444444,2.69333333333333,11.2,7,28,4,9.33333333333333,470,486.8,10.8177777777778,752,0,3,64.7340425531915,7,0,28.3333333333333,21.25,0,21.25,0
10,"hapbqcq1",12,0,143,143,"questionnaire","ThankYou","2026-06-09 08:45:00.549471",14.1,"demonstration",2,1780995881.68788,"ahosr93r",10,0,0,1,0,0,0,0,1,NA,"Petition (0 cost to you)",5,5,5,4,3,2,2,3,1,1,73.5294117647059,1,12,21,"Germany","Man","Business","3-4","BSc.","< 1 year","Secondary School","In education","750",6,4,7,"No",12,1,10,100,0,45,0,108,NA,5,0,0,"demonstration",12,5,"ahosr93r_5","12_1",1,"demonstration",0,0,0,2.22222222222222,2.4,8,5,20,4,6.66666666666667,420,432,9.6,672,0,3,64.2857142857143,5,0,9.33333333333333,7,0,7,0
10,"hapbqcq1",12,0,143,143,"questionnaire","ThankYou","2026-06-09 08:45:00.549471",14.1,"demonstration",2,1780995881.68788,"ahosr93r",10,0,0,1,0,0,0,0,1,NA,"Petition (0 cost to you)",5,5,5,4,3,2,2,3,1,1,73.5294117647059,1,12,21,"Germany","Man","Business","3-4","BSc.","< 1 year","Secondary School","In education","750",6,4,7,"No",13,1,12,120,0,45,0,124,NA,5,0,0,"demonstration",13,6,"ahosr93r_5","12_1",1,"demonstration",0,0,0,2.66666666666667,2.75555555555556,4,2.5,10,4,3.33333333333333,510,516,11.4666666666667,816,0,3,63.2352941176471,2.5,0,6.66666666666667,5,0,5,0
10,"hapbqcq1",12,0,143,143,"questionnaire","ThankYou","2026-06-09 08:45:00.549471",14.1,"demonstration",2,1780995881.68788,"ahosr93r",10,0,0,1,0,0,0,0,1,NA,"Petition (0 cost to you)",5,5,5,4,3,2,2,3,1,1,73.5294117647059,1,12,21,"Germany","Man","Business","3-4","BSc.","< 1 year","Secondary School","In education","750",6,4,7,"No",14,1,9,90,0,45,0,92,NA,5,0,0,"demonstration",14,7,"ahosr93r_5","12_1",1,"demonstration",0,0,0,2,2.04444444444444,2,1.25,5,4,1.66666666666667,490,493,10.9555555555556,784,0,3,62.8826530612245,1.25,0,3.33333333333333,2.5,0,2.5,0
12,"hd9e5rlc",17,0,58,143,"activism","WaitForResults","2026-06-09 13:35:28.034163",0,"demonstration",NA,NA,"tdmddbpq",12,0,NA,NA,NA,NA,NA,NA,NA,NA,NA,NA,NA,NA,NA,NA,NA,NA,NA,1,1,46.3235294117647,2,17,21,"Slovakian","Woman","Business Law","1-2","LLB","1-2 years","Secondary school","Part-time; in education/studying","500",4,7,6,"No",1,3,10,100,30,45,NA,98,17,2,NA,NA,"demonstration",1,1,"tdmddbpq_2","17_2",0,"control",NA,NA,30,2.22222222222222,2.17777777777778,-2,17.5,70,4,13.3333333333333,380,422,9.37777777777778,608,0,1,69.4078947368421,0,12.5,NA,NA,NA,NA,NA
12,"hd9e5rlc",17,0,58,143,"activism","WaitForResults","2026-06-09 13:35:28.034163",0,"demonstration",NA,NA,"tdmddbpq",12,0,NA,NA,NA,NA,NA,NA,NA,NA,NA,NA,NA,NA,NA,NA,NA,NA,NA,1,1,46.3235294117647,2,17,21,"Slovakian","Woman","Business Law","1-2","LLB","1-2 years","Secondary school","Part-time; in education/studying","500",4,7,6,"No",2,3,11,110,30,45,NA,104,NA,2,NA,NA,"demonstration",2,2,"tdmddbpq_2","17_2",0,"control",NA,NA,27.2727272727273,2.44444444444444,2.31111111111111,-6,15,60,4,10,460,496,11.0222222222222,736,0,1,67.3913043478261,0,15,13.3333333333333,NA,NA,0,12.5
12,"hd9e5rlc",17,0,58,143,"activism","WaitForResults","2026-06-09 13:35:28.034163",0,"demonstration",NA,NA,"tdmddbpq",12,0,NA,NA,NA,NA,NA,NA,NA,NA,NA,NA,NA,NA,NA,NA,NA,NA,NA,1,1,46.3235294117647,2,17,21,"Slovakian","Woman","Business Law","1-2","LLB","1-2 years","Secondary school","Part-time; in education/studying","500",4,7,6,"No",3,3,13,130,30,45,NA,120,NA,2,NA,NA,"demonstration",3,3,"tdmddbpq_2","17_2",0,"control",NA,NA,23.0769230769231,2.88888888888889,2.66666666666667,-10,12.5,50,4,6.66666666666667,470,500,11.1111111111111,752,0,2,66.4893617021277,0,17.5,10,NA,NA,0,15
12,"hd9e5rlc",17,0,58,143,"activism","WaitForResults","2026-06-09 13:35:28.034163",0,"demonstration",NA,NA,"tdmddbpq",12,0,NA,NA,NA,NA,NA,NA,NA,NA,NA,NA,NA,NA,NA,NA,NA,NA,NA,1,1,46.3235294117647,2,17,21,"Slovakian","Woman","Business Law","1-2","LLB","1-2 years","Secondary school","Part-time; in education/studying","500",4,7,6,"No",4,3,11,110,20,45,NA,106,NA,2,NA,NA,"demonstration",4,4,"tdmddbpq_2","17_2",0,"control",NA,NA,18.1818181818182,2.44444444444444,2.35555555555556,-4,10,40,4,6.66666666666667,400,424,9.42222222222222,640,0,1,66.25,0,10,6.66666666666667,NA,NA,0,17.5
12,"hd9e5rlc",17,0,58,143,"activism","WaitForResults","2026-06-09 13:35:28.034163",0,"demonstration",NA,NA,"tdmddbpq",12,0,NA,NA,NA,NA,NA,NA,NA,NA,NA,NA,NA,NA,NA,NA,NA,NA,NA,1,1,46.3235294117647,2,17,21,"Slovakian","Woman","Business Law","1-2","LLB","1-2 years","Secondary school","Part-time; in education/studying","500",4,7,6,"No",5,3,10,100,10,45,NA,106,NA,2,NA,NA,"demonstration",5,5,"tdmddbpq_2","17_2",0,"control",NA,NA,10,2.22222222222222,2.35555555555556,6,10,40,4,10,430,338,7.51111111111111,688,0,2,49.1279069767442,0,0,6.66666666666667,NA,NA,0,10
6,"hw7ddtgh",13,0,143,143,"questionnaire","ThankYou","2026-06-09 13:35:27.510203",13.5,"petition",9,1781013326.77826,"tdmddbpq",6,0,0,0,0,0,0,0,0,"higher payoff","Petition (0 cost to you)",2,5,2,4,3,3,3,2,1,1,79.0441176470588,2,13,26,"Russia","Woman","Management","9+","MSc","3-5 years","Master's degree","Not employed",NA,7,10,8,"No",1,1,6,60,0,45,NA,121.2,13,1,NA,NA,"petition",1,1,"tdmddbpq_1","13_2",0,"control",NA,NA,0,1.33333333333333,2.69333333333333,61.2,38.25,153,4,51,400,491.8,10.9288888888889,640,0,2,76.84375,38.25,0,NA,NA,NA,NA,NA
6,"hw7ddtgh",13,0,143,143,"questionnaire","ThankYou","2026-06-09 13:35:27.510203",13.5,"petition",9,1781013326.77826,"tdmddbpq",6,0,0,0,0,0,0,0,0,"higher payoff","Petition (0 cost to you)",2,5,2,4,3,3,3,2,1,1,79.0441176470588,2,13,26,"Russia","Woman","Management","9+","MSc","3-5 years","Master's degree","Not employed",NA,7,10,8,"No",2,1,8,80,0,45,NA,88,NA,1,NA,NA,"petition",2,2,"tdmddbpq_1","13_2",0,"control",NA,NA,0,1.77777777777778,1.95555555555556,8,5,20,4,6.66666666666667,490,502,11.1555555555556,784,0,3,64.030612244898,5,0,51,NA,NA,38.25,0
6,"hw7ddtgh",13,0,143,143,"questionnaire","ThankYou","2026-06-09 13:35:27.510203",13.5,"petition",9,1781013326.77826,"tdmddbpq",6,0,0,0,0,0,0,0,0,"higher payoff","Petition (0 cost to you)",2,5,2,4,3,3,3,2,1,1,79.0441176470588,2,13,26,"Russia","Woman","Management","9+","MSc","3-5 years","Master's degree","Not employed",NA,7,10,8,"No",3,1,6,60,0,45,NA,68,NA,1,NA,NA,"petition",3,3,"tdmddbpq_1","13_2",0,"control",NA,NA,0,1.33333333333333,1.51111111111111,8,5,20,4,6.66666666666667,420,432,9.6,672,0,3,64.2857142857143,5,0,6.66666666666667,NA,NA,5,0
6,"hw7ddtgh",13,0,143,143,"questionnaire","ThankYou","2026-06-09 13:35:27.510203",13.5,"petition",9,1781013326.77826,"tdmddbpq",6,0,0,0,0,0,0,0,0,"higher payoff","Petition (0 cost to you)",2,5,2,4,3,3,3,2,1,1,79.0441176470588,2,13,26,"Russia","Woman","Management","9+","MSc","3-5 years","Master's degree","Not employed",NA,7,10,8,"No",4,1,10,100,0,45,NA,100,NA,1,NA,NA,"petition",4,4,"tdmddbpq_1","13_2",0,"control",NA,NA,0,2.22222222222222,2.22222222222222,0,0,0,4,0,430,430,9.55555555555556,688,0,4,62.5,0,0,6.66666666666667,NA,NA,5,0
6,"hw7ddtgh",13,0,143,143,"questionnaire","ThankYou","2026-06-09 13:35:27.510203",13.5,"petition",9,1781013326.77826,"tdmddbpq",6,0,0,0,0,0,0,0,0,"higher payoff","Petition (0 cost to you)",2,5,2,4,3,3,3,2,1,1,79.0441176470588,2,13,26,"Russia","Woman","Management","9+","MSc","3-5 years","Master's degree","Not employed",NA,7,10,8,"No",5,1,11,110,0,45,NA,110,NA,1,NA,NA,"petition",5,5,"tdmddbpq_1","13_2",0,"control",NA,NA,0,2.44444444444444,2.44444444444444,0,0,0,4,0,490,490,10.8888888888889,784,0,4,62.5,0,0,0,NA,NA,0,0
6,"hw7ddtgh",13,0,143,143,"questionnaire","ThankYou","2026-06-09 13:35:27.510203",13.5,"petition",9,1781013326.77826,"tdmddbpq",6,0,0,0,0,0,0,0,0,"higher payoff","Petition (0 cost to you)",2,5,2,4,3,3,3,2,1,1,79.0441176470588,2,13,26,"Russia","Woman","Management","9+","MSc","3-5 years","Master's degree","Not employed",NA,7,10,8,"No",6,1,9,90,0,45,NA,90,NA,1,NA,NA,"petition",6,6,"tdmddbpq_1","13_2",0,"control",NA,NA,0,2,2,0,0,0,4,0,450,450,10,720,0,4,62.5,0,0,0,NA,NA,0,0
6,"hw7ddtgh",13,0,143,143,"questionnaire","ThankYou","2026-06-09 13:35:27.510203",13.5,"petition",9,1781013326.77826,"tdmddbpq",6,0,0,0,0,0,0,0,0,"higher payoff","Petition (0 cost to you)",2,5,2,4,3,3,3,2,1,1,79.0441176470588,2,13,26,"Russia","Woman","Management","9+","MSc","3-5 years","Master's degree","Not employed",NA,7,10,8,"No",7,1,10,100,0,45,NA,100,NA,1,NA,NA,"petition",7,7,"tdmddbpq_1","13_2",0,"control",NA,NA,0,2.22222222222222,2.22222222222222,0,0,0,4,0,440,440,9.77777777777778,704,0,4,62.5,0,0,0,NA,NA,0,0
6,"hw7ddtgh",13,0,143,143,"questionnaire","ThankYou","2026-06-09 13:35:27.510203",13.5,"petition",9,1781013326.77826,"tdmddbpq",6,0,0,0,0,0,0,0,0,"higher payoff","Petition (0 cost to you)",2,5,2,4,3,3,3,2,1,1,79.0441176470588,2,13,26,"Russia","Woman","Management","9+","MSc","3-5 years","Master's degree","Not employed",NA,7,10,8,"No",8,1,8,80,10,45,1,136,NA,1,3,0,"petition",8,1,"tdmddbpq_1","13_2",1,"petition",75,1,12.5,1.77777777777778,3.02222222222222,56,41.25,165,4,51.6666666666667,500,599,13.3111111111111,800,12,1,74.875,31.25,0,0,0,0,0,0
6,"hw7ddtgh",13,0,143,143,"questionnaire","ThankYou","2026-06-09 13:35:27.510203",13.5,"petition",9,1781013326.77826,"tdmddbpq",6,0,0,0,0,0,0,0,0,"higher payoff","Petition (0 cost to you)",2,5,2,4,3,3,3,2,1,1,79.0441176470588,2,13,26,"Russia","Woman","Management","9+","MSc","3-5 years","Master's degree","Not employed",NA,7,10,8,"No",9,1,7,70,10,45,1,90,NA,1,3,0,"petition",9,2,"tdmddbpq_1","13_2",1,"petition",75,1,14.2857142857143,1.55555555555556,2,20,18.75,75,4,21.6666666666667,460,505,11.2222222222222,736,12,1,68.6141304347826,8.75,0,51.6666666666667,31.25,0,31.25,0
6,"hw7ddtgh",13,0,143,143,"questionnaire","ThankYou","2026-06-09 13:35:27.510203",13.5,"petition",9,1781013326.77826,"tdmddbpq",6,0,0,0,0,0,0,0,0,"higher payoff","Petition (0 cost to you)",2,5,2,4,3,3,3,2,1,1,79.0441176470588,2,13,26,"Russia","Woman","Management","9+","MSc","3-5 years","Master's degree","Not employed",NA,7,10,8,"No",10,1,9,90,15,45,1,101,NA,1,3,0,"petition",10,3,"tdmddbpq_1","13_2",1,"petition",75,1,16.6666666666667,2,2.24444444444444,11,16.25,65,4,16.6666666666667,490,529,11.7555555555556,784,12,1,67.4744897959184,1.25,0,21.6666666666667,8.75,0,8.75,0
6,"hw7ddtgh",13,0,143,143,"questionnaire","ThankYou","2026-06-09 13:35:27.510203",13.5,"petition",9,1781013326.77826,"tdmddbpq",6,0,0,0,0,0,0,0,0,"higher payoff","Petition (0 cost to you)",2,5,2,4,3,3,3,2,1,1,79.0441176470588,2,13,26,"Russia","Woman","Management","9+","MSc","3-5 years","Master's degree","Not employed",NA,7,10,8,"No",11,1,11,110,20,45,1,118,NA,1,3,0,"petition",11,4,"tdmddbpq_1","13_2",1,"petition",75,1,18.1818181818182,2.44444444444444,2.62222222222222,8,17.5,70,4,16.6666666666667,540,582,12.9333333333333,864,12,1,67.3611111111111,0,2.5,16.6666666666667,1.25,0,1.25,0
6,"hw7ddtgh",13,0,143,143,"questionnaire","ThankYou","2026-06-09 13:35:27.510203",13.5,"petition",9,1781013326.77826,"tdmddbpq",6,0,0,0,0,0,0,0,0,"higher payoff","Petition (0 cost to you)",2,5,2,4,3,3,3,2,1,1,79.0441176470588,2,13,26,"Russia","Woman","Management","9+","MSc","3-5 years","Master's degree","Not employed",NA,7,10,8,"No",12,1,10,100,10,45,1,110,NA,1,3,0,"petition",12,5,"tdmddbpq_1","13_2",1,"petition",75,1,10,2.22222222222222,2.44444444444444,10,12.5,50,4,13.3333333333333,510,540,12,816,12,1,66.1764705882353,2.5,0,16.6666666666667,0,2.5,0,2.5
6,"hw7ddtgh",13,0,143,143,"questionnaire","ThankYou","2026-06-09 13:35:27.510203",13.5,"petition",9,1781013326.77826,"tdmddbpq",6,0,0,0,0,0,0,0,0,"higher payoff","Petition (0 cost to you)",2,5,2,4,3,3,3,2,1,1,79.0441176470588,2,13,26,"Russia","Woman","Management","9+","MSc","3-5 years","Master's degree","Not employed",NA,7,10,8,"No",13,1,10,100,15,45,1,111,NA,1,3,0,"petition",13,6,"tdmddbpq_1","13_2",1,"petition",75,1,15,2.22222222222222,2.46666666666667,11,16.25,65,4,16.6666666666667,500,539,11.9777777777778,800,12,1,67.375,1.25,0,13.3333333333333,2.5,0,2.5,0
6,"hw7ddtgh",13,0,143,143,"questionnaire","ThankYou","2026-06-09 13:35:27.510203",13.5,"petition",9,1781013326.77826,"tdmddbpq",6,0,0,0,0,0,0,0,0,"higher payoff","Petition (0 cost to you)",2,5,2,4,3,3,3,2,1,1,79.0441176470588,2,13,26,"Russia","Woman","Management","9+","MSc","3-5 years","Master's degree","Not employed",NA,7,10,8,"No",14,1,11,110,20,45,1,98,NA,1,3,0,"petition",14,7,"tdmddbpq_1","13_2",1,"petition",75,1,18.1818181818182,2.44444444444444,2.17777777777778,-12,5,20,4,0,540,552,12.2666666666667,864,12,3,63.8888888888889,0,15,16.6666666666667,1.25,0,1.25,0
3,"i3q8rdlg",7,0,38,143,"activism","WaitForResults","2026-06-09 08:44:59.627585",0,"petition",NA,NA,"ahosr93r",3,0,NA,NA,NA,NA,NA,NA,NA,NA,NA,NA,NA,NA,NA,NA,NA,NA,NA,1,1,41.5441176470588,1,7,19,"Czechian","Woman","Business Law","1-2","BSc","None","Secondary School","In education","300",1,0,5,"Once",1,4,6,60,25,45,NA,69,7,7,NA,NA,"petition",1,1,"ahosr93r_7","7_1",0,"control",NA,NA,41.6666666666667,1.33333333333333,1.53333333333333,9,21.25,85,4,20,330,381,8.46666666666667,528,0,0,72.1590909090909,0,3.75,NA,NA,NA,NA,NA
3,"i3q8rdlg",7,0,38,143,"activism","WaitForResults","2026-06-09 08:44:59.627585",0,"petition",NA,NA,"ahosr93r",3,0,NA,NA,NA,NA,NA,NA,NA,NA,NA,NA,NA,NA,NA,NA,NA,NA,NA,1,1,41.5441176470588,1,7,19,"Czechian","Woman","Business Law","1-2","BSc","None","Secondary School","In education","300",1,0,5,"Once",2,4,7,70,30,45,NA,96,NA,7,NA,NA,"petition",2,2,"ahosr93r_7","7_1",0,"control",NA,NA,42.8571428571429,1.55555555555556,2.13333333333333,26,35,140,4,36.6666666666667,400,484,10.7555555555556,640,0,0,75.625,5,0,20,NA,NA,0,3.75
3,"i3q8rdlg",7,0,38,143,"activism","WaitForResults","2026-06-09 08:44:59.627585",0,"petition",NA,NA,"ahosr93r",3,0,NA,NA,NA,NA,NA,NA,NA,NA,NA,NA,NA,NA,NA,NA,NA,NA,NA,1,1,41.5441176470588,1,7,19,"Czechian","Woman","Business Law","1-2","BSc","None","Secondary School","In education","300",1,0,5,"Once",3,4,6,60,25,45,NA,73,NA,7,NA,NA,"petition",3,3,"ahosr93r_7","7_1",0,"control",NA,NA,41.6666666666667,1.33333333333333,1.62222222222222,13,23.75,95,4,23.3333333333333,400,359,7.97777777777778,640,0,0,56.09375,0,1.25,36.6666666666667,NA,NA,5,0
24,"iircdrz3",20,0,143,143,"questionnaire","ThankYou","2026-06-09 08:45:03.388544",27.6,"demonstration",2,1780995847.0544,"ahosr93r",24,0,0,0,0,1,1,0,1,NA,"Petition (0 cost to you)",5,3,2,2,2,4,2,3,1,1,73.5294117647059,1,20,19,"Germany","Man",NA,"1-2","BSc.","< 1 year","Secondary School","In education","300",6,3,4,"No",1,4,10,100,0,45,NA,128.8,20,5,NA,NA,"demonstration",1,1,"ahosr93r_5","20_1",0,"control",NA,NA,0,2.22222222222222,2.86222222222222,28.8,18,72,4,24,260,303.2,6.73777777777778,416,0,1,72.8846153846154,18,0,NA,NA,NA,NA,NA
24,"iircdrz3",20,0,143,143,"questionnaire","ThankYou","2026-06-09 08:45:03.388544",27.6,"demonstration",2,1780995847.0544,"ahosr93r",24,0,0,0,0,1,1,0,1,NA,"Petition (0 cost to you)",5,3,2,2,2,4,2,3,1,1,73.5294117647059,1,20,19,"Germany","Man",NA,"1-2","BSc.","< 1 year","Secondary School","In education","300",6,3,4,"No",2,4,13,130,0,45,NA,184,NA,5,NA,NA,"demonstration",2,2,"ahosr93r_5","20_1",0,"control",NA,NA,0,2.88888888888889,4.08888888888889,54,33.75,135,4,45,420,501,11.1333333333333,672,0,1,74.5535714285714,33.75,0,24,NA,NA,18,0
24,"iircdrz3",20,0,143,143,"questionnaire","ThankYou","2026-06-09 08:45:03.388544",27.6,"demonstration",2,1780995847.0544,"ahosr93r",24,0,0,0,0,1,1,0,1,NA,"Petition (0 cost to you)",5,3,2,2,2,4,2,3,1,1,73.5294117647059,1,20,19,"Germany","Man",NA,"1-2","BSc.","< 1 year","Secondary School","In education","300",6,3,4,"No",3,4,13,130,30,45,NA,188,NA,5,NA,NA,"demonstration",3,3,"ahosr93r_5","20_1",0,"control",NA,NA,23.0769230769231,2.88888888888889,4.17777777777778,58,55,220,4,63.3333333333333,410,542,12.0444444444444,656,0,0,82.6219512195122,25,0,45,NA,NA,33.75,0
24,"iircdrz3",20,0,143,143,"questionnaire","ThankYou","2026-06-09 08:45:03.388544",27.6,"demonstration",2,1780995847.0544,"ahosr93r",24,0,0,0,0,1,1,0,1,NA,"Petition (0 cost to you)",5,3,2,2,2,4,2,3,1,1,73.5294117647059,1,20,19,"Germany","Man",NA,"1-2","BSc.","< 1 year","Secondary School","In education","300",6,3,4,"No",4,4,13,130,20,45,NA,195.6,NA,5,NA,NA,"demonstration",4,4,"ahosr93r_5","20_1",0,"control",NA,NA,15.3846153846154,2.88888888888889,4.34666666666667,65.6,53.5,214,4,64.6666666666667,420,548.4,12.1866666666667,672,0,0,81.6071428571429,33.5,0,63.3333333333333,NA,NA,25,0
24,"iircdrz3",20,0,143,143,"questionnaire","ThankYou","2026-06-09 08:45:03.388544",27.6,"demonstration",2,1780995847.0544,"ahosr93r",24,0,0,0,0,1,1,0,1,NA,"Petition (0 cost to you)",5,3,2,2,2,4,2,3,1,1,73.5294117647059,1,20,19,"Germany","Man",NA,"1-2","BSc.","< 1 year","Secondary School","In education","300",6,3,4,"No",5,4,14,140,40,45,NA,160,NA,5,NA,NA,"demonstration",5,5,"ahosr93r_5","20_1",0,"control",NA,NA,28.5714285714286,3.11111111111111,3.55555555555556,20,37.5,150,4,36.6666666666667,430,520,11.5555555555556,688,0,0,75.5813953488372,0,2.5,64.6666666666667,NA,NA,33.5,0
24,"iircdrz3",20,0,143,143,"questionnaire","ThankYou","2026-06-09 08:45:03.388544",27.6,"demonstration",2,1780995847.0544,"ahosr93r",24,0,0,0,0,1,1,0,1,NA,"Petition (0 cost to you)",5,3,2,2,2,4,2,3,1,1,73.5294117647059,1,20,19,"Germany","Man",NA,"1-2","BSc.","< 1 year","Secondary School","In education","300",6,3,4,"No",6,4,15,150,40,45,NA,206,NA,5,NA,NA,"demonstration",6,6,"ahosr93r_5","20_1",0,"control",NA,NA,26.6666666666667,3.33333333333333,4.57777777777778,56,60,240,4,66.6666666666667,520,664,14.7555555555556,832,0,0,79.8076923076923,20,0,36.6666666666667,NA,NA,0,2.5
24,"iircdrz3",20,0,143,143,"questionnaire","ThankYou","2026-06-09 08:45:03.388544",27.6,"demonstration",2,1780995847.0544,"ahosr93r",24,0,0,0,0,1,1,0,1,NA,"Petition (0 cost to you)",5,3,2,2,2,4,2,3,1,1,73.5294117647059,1,20,19,"Germany","Man",NA,"1-2","BSc.","< 1 year","Secondary School","In education","300",6,3,4,"No",7,4,13,130,0,45,NA,194,NA,5,NA,NA,"demonstration",7,7,"ahosr93r_5","20_1",0,"control",NA,NA,0,2.88888888888889,4.31111111111111,64,40,160,4,53.3333333333333,460,556,12.3555555555556,736,0,1,75.5434782608696,40,0,66.6666666666667,NA,NA,20,0
24,"iircdrz3",20,0,143,143,"questionnaire","ThankYou","2026-06-09 08:45:03.388544",27.6,"demonstration",2,1780995847.0544,"ahosr93r",24,0,0,0,0,1,1,0,1,NA,"Petition (0 cost to you)",5,3,2,2,2,4,2,3,1,1,73.5294117647059,1,20,19,"Germany","Man",NA,"1-2","BSc.","< 1 year","Secondary School","In education","300",6,3,4,"No",8,4,15,150,15,45,0,169,NA,5,1,0,"demonstration",8,1,"ahosr93r_5","20_1",1,"demonstration",25,1,10,3.33333333333333,3.75555555555556,19,21.25,85,4,23.3333333333333,430,481,10.6888888888889,688,4,1,69.9127906976744,6.25,0,53.3333333333333,40,0,40,0
24,"iircdrz3",20,0,143,143,"questionnaire","ThankYou","2026-06-09 08:45:03.388544",27.6,"demonstration",2,1780995847.0544,"ahosr93r",24,0,0,0,0,1,1,0,1,NA,"Petition (0 cost to you)",5,3,2,2,2,4,2,3,1,1,73.5294117647059,1,20,19,"Germany","Man",NA,"1-2","BSc.","< 1 year","Secondary School","In education","300",6,3,4,"No",9,4,13,130,10,45,0,184,NA,5,1,0,"demonstration",9,2,"ahosr93r_5","20_1",1,"demonstration",25,1,7.69230769230769,2.88888888888889,4.08888888888889,54,40,160,4,50,390,486,10.8,624,4,0,77.8846153846154,30,0,23.3333333333333,6.25,0,6.25,0
24,"iircdrz3",20,0,143,143,"questionnaire","ThankYou","2026-06-09 08:45:03.388544",27.6,"demonstration",2,1780995847.0544,"ahosr93r",24,0,0,0,0,1,1,0,1,NA,"Petition (0 cost to you)",5,3,2,2,2,4,2,3,1,1,73.5294117647059,1,20,19,"Germany","Man",NA,"1-2","BSc.","< 1 year","Secondary School","In education","300",6,3,4,"No",10,4,13,130,0,45,0,164,NA,5,0,0,"demonstration",10,3,"ahosr93r_5","20_1",1,"demonstration",0,0,0,2.88888888888889,3.64444444444444,34,21.25,85,4,28.3333333333333,520,571,12.6888888888889,832,0,2,68.6298076923077,21.25,0,50,30,0,30,0
24,"iircdrz3",20,0,143,143,"questionnaire","ThankYou","2026-06-09 08:45:03.388544",27.6,"demonstration",2,1780995847.0544,"ahosr93r",24,0,0,0,0,1,1,0,1,NA,"Petition (0 cost to you)",5,3,2,2,2,4,2,3,1,1,73.5294117647059,1,20,19,"Germany","Man",NA,"1-2","BSc.","< 1 year","Secondary School","In education","300",6,3,4,"No",11,4,13,130,0,45,0,141.2,NA,5,0,0,"demonstration",11,4,"ahosr93r_5","20_1",1,"demonstration",0,0,0,2.88888888888889,3.13777777777778,11.2,7,28,4,9.33333333333333,470,486.8,10.8177777777778,752,0,3,64.7340425531915,7,0,28.3333333333333,21.25,0,21.25,0
24,"iircdrz3",20,0,143,143,"questionnaire","ThankYou","2026-06-09 08:45:03.388544",27.6,"demonstration",2,1780995847.0544,"ahosr93r",24,0,0,0,0,1,1,0,1,NA,"Petition (0 cost to you)",5,3,2,2,2,4,2,3,1,1,73.5294117647059,1,20,19,"Germany","Man",NA,"1-2","BSc.","< 1 year","Secondary School","In education","300",6,3,4,"No",12,4,13,130,0,45,0,138,NA,5,0,0,"demonstration",12,5,"ahosr93r_5","20_1",1,"demonstration",0,0,0,2.88888888888889,3.06666666666667,8,5,20,4,6.66666666666667,420,432,9.6,672,0,3,64.2857142857143,5,0,9.33333333333333,7,0,7,0
24,"iircdrz3",20,0,143,143,"questionnaire","ThankYou","2026-06-09 08:45:03.388544",27.6,"demonstration",2,1780995847.0544,"ahosr93r",24,0,0,0,0,1,1,0,1,NA,"Petition (0 cost to you)",5,3,2,2,2,4,2,3,1,1,73.5294117647059,1,20,19,"Germany","Man",NA,"1-2","BSc.","< 1 year","Secondary School","In education","300",6,3,4,"No",13,4,15,150,0,45,0,154,NA,5,0,0,"demonstration",13,6,"ahosr93r_5","20_1",1,"demonstration",0,0,0,3.33333333333333,3.42222222222222,4,2.5,10,4,3.33333333333333,510,516,11.4666666666667,816,0,3,63.2352941176471,2.5,0,6.66666666666667,5,0,5,0
24,"iircdrz3",20,0,143,143,"questionnaire","ThankYou","2026-06-09 08:45:03.388544",27.6,"demonstration",2,1780995847.0544,"ahosr93r",24,0,0,0,0,1,1,0,1,NA,"Petition (0 cost to you)",5,3,2,2,2,4,2,3,1,1,73.5294117647059,1,20,19,"Germany","Man",NA,"1-2","BSc.","< 1 year","Secondary School","In education","300",6,3,4,"No",14,4,14,140,0,45,0,142,NA,5,0,0,"demonstration",14,7,"ahosr93r_5","20_1",1,"demonstration",0,0,0,3.11111111111111,3.15555555555556,2,1.25,5,4,1.66666666666667,490,493,10.9555555555556,784,0,3,62.8826530612245,1.25,0,3.33333333333333,2.5,0,2.5,0
21,"ju6xezrw",2,0,143,143,"questionnaire","ThankYou","2026-06-09 08:45:01.720698",19.35,"demonstration",2,1780995842.36694,"ahosr93r",21,0,0,0,0,0,0,0,1,NA,"Petition (0 cost to you)",5,4,3,3,2,3,4,2,1,1,73.5294117647059,1,2,23,"German","Woman","Business Economics","1-2","MSc","1-2 years","BSc.","Part-time; In education","500",4,5,5,"No",1,2,7,70,10,45,NA,88.8,2,5,NA,NA,"demonstration",1,1,"ahosr93r_5","2_1",0,"control",NA,NA,14.2857142857143,1.55555555555556,1.97333333333333,18.8,18,72,4,20.6666666666667,260,303.2,6.73777777777778,416,0,1,72.8846153846154,8,0,NA,NA,NA,NA,NA
21,"ju6xezrw",2,0,143,143,"questionnaire","ThankYou","2026-06-09 08:45:01.720698",19.35,"demonstration",2,1780995842.36694,"ahosr93r",21,0,0,0,0,0,0,0,1,NA,"Petition (0 cost to you)",5,4,3,3,2,3,4,2,1,1,73.5294117647059,1,2,23,"German","Woman","Business Economics","1-2","MSc","1-2 years","BSc.","Part-time; In education","500",4,5,5,"No",2,2,10,100,25,45,NA,129,NA,5,NA,NA,"demonstration",2,2,"ahosr93r_5","2_1",0,"control",NA,NA,25,2.22222222222222,2.86666666666667,29,33.75,135,4,36.6666666666667,420,501,11.1333333333333,672,0,1,74.5535714285714,8.75,0,20.6666666666667,NA,NA,8,0
21,"ju6xezrw",2,0,143,143,"questionnaire","ThankYou","2026-06-09 08:45:01.720698",19.35,"demonstration",2,1780995842.36694,"ahosr93r",21,0,0,0,0,0,0,0,1,NA,"Petition (0 cost to you)",5,4,3,3,2,3,4,2,1,1,73.5294117647059,1,2,23,"German","Woman","Business Economics","1-2","MSc","1-2 years","BSc.","Part-time; In education","500",4,5,5,"No",3,2,11,110,30,45,NA,168,NA,5,NA,NA,"demonstration",3,3,"ahosr93r_5","2_1",0,"control",NA,NA,27.2727272727273,2.44444444444444,3.73333333333333,58,55,220,4,63.3333333333333,410,542,12.0444444444444,656,0,0,82.6219512195122,25,0,36.6666666666667,NA,NA,8.75,0
21,"ju6xezrw",2,0,143,143,"questionnaire","ThankYou","2026-06-09 08:45:01.720698",19.35,"demonstration",2,1780995842.36694,"ahosr93r",21,0,0,0,0,0,0,0,1,NA,"Petition (0 cost to you)",5,4,3,3,2,3,4,2,1,1,73.5294117647059,1,2,23,"German","Woman","Business Economics","1-2","MSc","1-2 years","BSc.","Part-time; In education","500",4,5,5,"No",4,2,11,110,34,45,NA,161.6,NA,5,NA,NA,"demonstration",4,4,"ahosr93r_5","2_1",0,"control",NA,NA,30.9090909090909,2.44444444444444,3.59111111111111,51.6,53.5,214,4,60,420,548.4,12.1866666666667,672,0,0,81.6071428571429,19.5,0,63.3333333333333,NA,NA,25,0
21,"ju6xezrw",2,0,143,143,"questionnaire","ThankYou","2026-06-09 08:45:01.720698",19.35,"demonstration",2,1780995842.36694,"ahosr93r",21,0,0,0,0,0,0,0,1,NA,"Petition (0 cost to you)",5,4,3,3,2,3,4,2,1,1,73.5294117647059,1,2,23,"German","Woman","Business Economics","1-2","MSc","1-2 years","BSc.","Part-time; In education","500",4,5,5,"No",5,2,12,120,40,45,NA,140,NA,5,NA,NA,"demonstration",5,5,"ahosr93r_5","2_1",0,"control",NA,NA,33.3333333333333,2.66666666666667,3.11111111111111,20,37.5,150,4,36.6666666666667,430,520,11.5555555555556,688,0,0,75.5813953488372,0,2.5,60,NA,NA,19.5,0
21,"ju6xezrw",2,0,143,143,"questionnaire","ThankYou","2026-06-09 08:45:01.720698",19.35,"demonstration",2,1780995842.36694,"ahosr93r",21,0,0,0,0,0,0,0,1,NA,"Petition (0 cost to you)",5,4,3,3,2,3,4,2,1,1,73.5294117647059,1,2,23,"German","Woman","Business Economics","1-2","MSc","1-2 years","BSc.","Part-time; In education","500",4,5,5,"No",6,2,14,140,40,45,NA,196,NA,5,NA,NA,"demonstration",6,6,"ahosr93r_5","2_1",0,"control",NA,NA,28.5714285714286,3.11111111111111,4.35555555555556,56,60,240,4,66.6666666666667,520,664,14.7555555555556,832,0,0,79.8076923076923,20,0,36.6666666666667,NA,NA,0,2.5
21,"ju6xezrw",2,0,143,143,"questionnaire","ThankYou","2026-06-09 08:45:01.720698",19.35,"demonstration",2,1780995842.36694,"ahosr93r",21,0,0,0,0,0,0,0,1,NA,"Petition (0 cost to you)",5,4,3,3,2,3,4,2,1,1,73.5294117647059,1,2,23,"German","Woman","Business Economics","1-2","MSc","1-2 years","BSc.","Part-time; In education","500",4,5,5,"No",7,2,14,140,50,45,NA,154,NA,5,NA,NA,"demonstration",7,7,"ahosr93r_5","2_1",0,"control",NA,NA,35.7142857142857,3.11111111111111,3.42222222222222,14,40,160,4,36.6666666666667,460,556,12.3555555555556,736,0,1,75.5434782608696,0,10,66.6666666666667,NA,NA,20,0
21,"ju6xezrw",2,0,143,143,"questionnaire","ThankYou","2026-06-09 08:45:01.720698",19.35,"demonstration",2,1780995842.36694,"ahosr93r",21,0,0,0,0,0,0,0,1,NA,"Petition (0 cost to you)",5,4,3,3,2,3,4,2,1,1,73.5294117647059,1,2,23,"German","Woman","Business Economics","1-2","MSc","1-2 years","BSc.","Part-time; In education","500",4,5,5,"No",8,2,8,80,10,45,0,104,NA,5,1,0,"demonstration",8,1,"ahosr93r_5","2_1",1,"demonstration",25,1,12.5,1.77777777777778,2.31111111111111,24,21.25,85,4,25,430,481,10.6888888888889,688,4,1,69.9127906976744,11.25,0,36.6666666666667,0,10,0,10
21,"ju6xezrw",2,0,143,143,"questionnaire","ThankYou","2026-06-09 08:45:01.720698",19.35,"demonstration",2,1780995842.36694,"ahosr93r",21,0,0,0,0,0,0,0,1,NA,"Petition (0 cost to you)",5,4,3,3,2,3,4,2,1,1,73.5294117647059,1,2,23,"German","Woman","Business Economics","1-2","MSc","1-2 years","BSc.","Part-time; In education","500",4,5,5,"No",9,2,9,90,20,45,0,134,NA,5,1,0,"demonstration",9,2,"ahosr93r_5","2_1",1,"demonstration",25,1,22.2222222222222,2,2.97777777777778,44,40,160,4,46.6666666666667,390,486,10.8,624,4,0,77.8846153846154,20,0,25,11.25,0,11.25,0
21,"ju6xezrw",2,0,143,143,"questionnaire","ThankYou","2026-06-09 08:45:01.720698",19.35,"demonstration",2,1780995842.36694,"ahosr93r",21,0,0,0,0,0,0,0,1,NA,"Petition (0 cost to you)",5,4,3,3,2,3,4,2,1,1,73.5294117647059,1,2,23,"German","Woman","Business Economics","1-2","MSc","1-2 years","BSc.","Part-time; In education","500",4,5,5,"No",10,2,14,140,25,45,0,149,NA,5,0,0,"demonstration",10,3,"ahosr93r_5","2_1",1,"demonstration",0,0,17.8571428571429,3.11111111111111,3.31111111111111,9,21.25,85,4,20,520,571,12.6888888888889,832,0,2,68.6298076923077,0,3.75,46.6666666666667,20,0,20,0
21,"ju6xezrw",2,0,143,143,"questionnaire","ThankYou","2026-06-09 08:45:01.720698",19.35,"demonstration",2,1780995842.36694,"ahosr93r",21,0,0,0,0,0,0,0,1,NA,"Petition (0 cost to you)",5,4,3,3,2,3,4,2,1,1,73.5294117647059,1,2,23,"German","Woman","Business Economics","1-2","MSc","1-2 years","BSc.","Part-time; In education","500",4,5,5,"No",11,2,11,110,28,45,0,93.2,NA,5,0,0,"demonstration",11,4,"ahosr93r_5","2_1",1,"demonstration",0,0,25.4545454545455,2.44444444444444,2.07111111111111,-16.8,7,28,4,0,470,486.8,10.8177777777778,752,0,3,64.7340425531915,0,21,20,0,3.75,0,3.75
21,"ju6xezrw",2,0,143,143,"questionnaire","ThankYou","2026-06-09 08:45:01.720698",19.35,"demonstration",2,1780995842.36694,"ahosr93r",21,0,0,0,0,0,0,0,1,NA,"Petition (0 cost to you)",5,4,3,3,2,3,4,2,1,1,73.5294117647059,1,2,23,"German","Woman","Business Economics","1-2","MSc","1-2 years","BSc.","Part-time; In education","500",4,5,5,"No",12,2,10,100,20,45,0,88,NA,5,0,0,"demonstration",12,5,"ahosr93r_5","2_1",1,"demonstration",0,0,20,2.22222222222222,1.95555555555556,-12,5,20,4,0,420,432,9.6,672,0,3,64.2857142857143,0,15,0,0,21,0,21
21,"ju6xezrw",2,0,143,143,"questionnaire","ThankYou","2026-06-09 08:45:01.720698",19.35,"demonstration",2,1780995842.36694,"ahosr93r",21,0,0,0,0,0,0,0,1,NA,"Petition (0 cost to you)",5,4,3,3,2,3,4,2,1,1,73.5294117647059,1,2,23,"German","Woman","Business Economics","1-2","MSc","1-2 years","BSc.","Part-time; In education","500",4,5,5,"No",13,2,12,120,10,45,0,114,NA,5,0,0,"demonstration",13,6,"ahosr93r_5","2_1",1,"demonstration",0,0,8.33333333333333,2.66666666666667,2.53333333333333,-6,2.5,10,4,0,510,516,11.4666666666667,816,0,3,63.2352941176471,0,7.5,0,0,15,0,15
21,"ju6xezrw",2,0,143,143,"questionnaire","ThankYou","2026-06-09 08:45:01.720698",19.35,"demonstration",2,1780995842.36694,"ahosr93r",21,0,0,0,0,0,0,0,1,NA,"Petition (0 cost to you)",5,4,3,3,2,3,4,2,1,1,73.5294117647059,1,2,23,"German","Woman","Business Economics","1-2","MSc","1-2 years","BSc.","Part-time; In education","500",4,5,5,"No",14,2,14,140,5,45,0,137,NA,5,0,0,"demonstration",14,7,"ahosr93r_5","2_1",1,"demonstration",0,0,3.57142857142857,3.11111111111111,3.04444444444444,-3,1.25,5,4,0,490,493,10.9555555555556,784,0,3,62.8826530612245,0,3.75,0,0,7.5,0,7.5
15,"kzsxshpe",26,0,37,143,"activism","Contribute","2026-06-09 08:45:00.892460",0,"petition",NA,NA,"ahosr93r",15,0,NA,NA,NA,NA,NA,NA,NA,NA,NA,NA,NA,NA,NA,NA,NA,NA,NA,1,1,40.8088235294118,1,26,21,"Swedish","Man","Business and Economics","3-4","BSc","1-2 years","Secondary School","In education","500",7,4,8,"Once",1,3,5,50,15,45,NA,69,26,7,NA,NA,"petition",1,1,"ahosr93r_7","26_1",0,"control",NA,NA,30,1.11111111111111,1.53333333333333,19,21.25,85,4,23.3333333333333,330,381,8.46666666666667,528,0,0,72.1590909090909,6.25,0,NA,NA,NA,NA,NA
15,"kzsxshpe",26,0,37,143,"activism","Contribute","2026-06-09 08:45:00.892460",0,"petition",NA,NA,"ahosr93r",15,0,NA,NA,NA,NA,NA,NA,NA,NA,NA,NA,NA,NA,NA,NA,NA,NA,NA,1,1,40.8088235294118,1,26,21,"Swedish","Man","Business and Economics","3-4","BSc","1-2 years","Secondary School","In education","500",7,4,8,"Once",2,3,10,100,30,45,NA,126,NA,7,NA,NA,"petition",2,2,"ahosr93r_7","26_1",0,"control",NA,NA,30,2.22222222222222,2.8,26,35,140,4,36.6666666666667,400,484,10.7555555555556,640,0,0,75.625,5,0,23.3333333333333,NA,NA,6.25,0
15,"kzsxshpe",26,0,37,143,"activism","Contribute","2026-06-09 08:45:00.892460",0,"petition",NA,NA,"ahosr93r",15,0,NA,NA,NA,NA,NA,NA,NA,NA,NA,NA,NA,NA,NA,NA,NA,NA,NA,1,1,40.8088235294118,1,26,21,"Swedish","Man","Business and Economics","3-4","BSc","1-2 years","Secondary School","In education","500",7,4,8,"Once",3,3,8,80,20,45,NA,NA,NA,7,NA,NA,"petition",3,3,"ahosr93r_7","26_1",0,"control",NA,NA,25,1.77777777777778,NA,NA,23.75,95,4,25,400,NA,NA,NA,NA,0,NA,3.75,0,36.6666666666667,NA,NA,5,0
23,"lbjc7cyh",10,0,143,143,"questionnaire","ThankYou","2026-06-09 08:45:02.360429",16.8,"roadblock",6,1780995748.97429,"ahosr93r",23,0,1,0,0,0,0,0,0,NA,"Petition (0 cost to you)",4,2,2,2,2,3,3,3,1,1,73.5294117647059,1,10,28,"Germany","Woman",NA,"7-8","Other","None","BSc.","In education",NA,2,5,5,"Once",1,3,5,50,10,45,NA,86,10,3,NA,NA,"roadblock",1,1,"ahosr93r_3","10_1",0,"control",NA,NA,20,1.11111111111111,1.91111111111111,36,28.75,115,4,35,290,359,7.97777777777778,464,0,0,77.3706896551724,18.75,0,NA,NA,NA,NA,NA
23,"lbjc7cyh",10,0,143,143,"questionnaire","ThankYou","2026-06-09 08:45:02.360429",16.8,"roadblock",6,1780995748.97429,"ahosr93r",23,0,1,0,0,0,0,0,0,NA,"Petition (0 cost to you)",4,2,2,2,2,3,3,3,1,1,73.5294117647059,1,10,28,"Germany","Woman",NA,"7-8","Other","None","BSc.","In education",NA,2,5,5,"Once",2,3,6,60,10,45,NA,112,NA,3,NA,NA,"roadblock",2,2,"ahosr93r_3","10_1",0,"control",NA,NA,16.6666666666667,1.33333333333333,2.48888888888889,52,38.75,155,4,48.3333333333333,360,453,10.0666666666667,576,0,0,78.6458333333333,28.75,0,35,NA,NA,18.75,0
23,"lbjc7cyh",10,0,143,143,"questionnaire","ThankYou","2026-06-09 08:45:02.360429",16.8,"roadblock",6,1780995748.97429,"ahosr93r",23,0,1,0,0,0,0,0,0,NA,"Petition (0 cost to you)",4,2,2,2,2,3,3,3,1,1,73.5294117647059,1,10,28,"Germany","Woman",NA,"7-8","Other","None","BSc.","In education",NA,2,5,5,"Once",3,3,7,70,10,45,NA,110,NA,3,NA,NA,"roadblock",3,3,"ahosr93r_3","10_1",0,"control",NA,NA,14.2857142857143,1.55555555555556,2.44444444444444,40,31.25,125,4,38.3333333333333,340,415,9.22222222222222,544,0,1,76.2867647058823,21.25,0,48.3333333333333,NA,NA,28.75,0
23,"lbjc7cyh",10,0,143,143,"questionnaire","ThankYou","2026-06-09 08:45:02.360429",16.8,"roadblock",6,1780995748.97429,"ahosr93r",23,0,1,0,0,0,0,0,0,NA,"Petition (0 cost to you)",4,2,2,2,2,3,3,3,1,1,73.5294117647059,1,10,28,"Germany","Woman",NA,"7-8","Other","None","BSc.","In education",NA,2,5,5,"Once",4,3,8,80,10,45,NA,134,NA,3,NA,NA,"roadblock",4,4,"ahosr93r_3","10_1",0,"control",NA,NA,12.5,1.77777777777778,2.97777777777778,54,40,160,4,50,370,466,10.3555555555556,592,0,0,78.7162162162162,30,0,38.3333333333333,NA,NA,21.25,0
23,"lbjc7cyh",10,0,143,143,"questionnaire","ThankYou","2026-06-09 08:45:02.360429",16.8,"roadblock",6,1780995748.97429,"ahosr93r",23,0,1,0,0,0,0,0,0,NA,"Petition (0 cost to you)",4,2,2,2,2,3,3,3,1,1,73.5294117647059,1,10,28,"Germany","Woman",NA,"7-8","Other","None","BSc.","In education",NA,2,5,5,"Once",5,3,9,90,10,45,NA,90,NA,3,NA,NA,"roadblock",5,5,"ahosr93r_3","10_1",0,"control",NA,NA,11.1111111111111,2,2,0,6.25,25,4,5,400,415,9.22222222222222,640,0,2,64.84375,0,3.75,50,NA,NA,30,0
23,"lbjc7cyh",10,0,143,143,"questionnaire","ThankYou","2026-06-09 08:45:02.360429",16.8,"roadblock",6,1780995748.97429,"ahosr93r",23,0,1,0,0,0,0,0,0,NA,"Petition (0 cost to you)",4,2,2,2,2,3,3,3,1,1,73.5294117647059,1,10,28,"Germany","Woman",NA,"7-8","Other","None","BSc.","In education",NA,2,5,5,"Once",6,3,9,90,10,45,NA,112,NA,3,NA,NA,"roadblock",6,6,"ahosr93r_3","10_1",0,"control",NA,NA,11.1111111111111,2,2.48888888888889,22,20,80,4,23.3333333333333,380,428,9.51111111111111,608,0,1,70.3947368421053,10,0,5,NA,NA,0,3.75
23,"lbjc7cyh",10,0,143,143,"questionnaire","ThankYou","2026-06-09 08:45:02.360429",16.8,"roadblock",6,1780995748.97429,"ahosr93r",23,0,1,0,0,0,0,0,0,NA,"Petition (0 cost to you)",4,2,2,2,2,3,3,3,1,1,73.5294117647059,1,10,28,"Germany","Woman",NA,"7-8","Other","None","BSc.","In education",NA,2,5,5,"Once",7,3,4,40,10,45,NA,38,NA,3,NA,NA,"roadblock",7,7,"ahosr93r_3","10_1",0,"control",NA,NA,25,0.888888888888889,0.844444444444444,-2,5,20,4,3.33333333333333,320,332,7.37777777777778,512,0,2,64.84375,0,5,23.3333333333333,NA,NA,10,0
23,"lbjc7cyh",10,0,143,143,"questionnaire","ThankYou","2026-06-09 08:45:02.360429",16.8,"roadblock",6,1780995748.97429,"ahosr93r",23,0,1,0,0,0,0,0,0,NA,"Petition (0 cost to you)",4,2,2,2,2,3,3,3,1,1,73.5294117647059,1,10,28,"Germany","Woman",NA,"7-8","Other","None","BSc.","In education",NA,2,5,5,"Once",8,3,6,60,10,35,1,114,NA,3,3,3,"roadblock",8,1,"ahosr93r_3","10_1",1,"roadblock",75,1,16.6666666666667,1.71428571428571,3.25714285714286,54,40,160,4,50,330,426,12.1714285714286,528,12,0,80.6818181818182,30,0,3.33333333333333,0,5,0,5
23,"lbjc7cyh",10,0,143,143,"questionnaire","ThankYou","2026-06-09 08:45:02.360429",16.8,"roadblock",6,1780995748.97429,"ahosr93r",23,0,1,0,0,0,0,0,0,NA,"Petition (0 cost to you)",4,2,2,2,2,3,3,3,1,1,73.5294117647059,1,10,28,"Germany","Woman",NA,"7-8","Other","None","BSc.","In education",NA,2,5,5,"Once",9,3,2,20,10,35,1,72,NA,3,4,4,"roadblock",9,2,"ahosr93r_3","10_1",1,"roadblock",100,1,50,0.571428571428571,2.05714285714286,52,38.75,155,4,48.3333333333333,260,353,10.0857142857143,416,16,0,84.8557692307692,28.75,0,50,30,0,30,0
23,"lbjc7cyh",10,0,143,143,"questionnaire","ThankYou","2026-06-09 08:45:02.360429",16.8,"roadblock",6,1780995748.97429,"ahosr93r",23,0,1,0,0,0,0,0,0,NA,"Petition (0 cost to you)",4,2,2,2,2,3,3,3,1,1,73.5294117647059,1,10,28,"Germany","Woman",NA,"7-8","Other","None","BSc.","In education",NA,2,5,5,"Once",10,3,5,50,5,35,1,123,NA,3,3,3,"roadblock",10,3,"ahosr93r_3","10_1",1,"roadblock",75,1,10,1.42857142857143,3.51428571428571,73,48.75,195,4,63.3333333333333,370,487,13.9142857142857,592,12,0,82.2635135135135,43.75,0,48.3333333333333,28.75,0,28.75,0
23,"lbjc7cyh",10,0,143,143,"questionnaire","ThankYou","2026-06-09 08:45:02.360429",16.8,"roadblock",6,1780995748.97429,"ahosr93r",23,0,1,0,0,0,0,0,0,NA,"Petition (0 cost to you)",4,2,2,2,2,3,3,3,1,1,73.5294117647059,1,10,28,"Germany","Woman",NA,"7-8","Other","None","BSc.","In education",NA,2,5,5,"Once",11,3,6,60,10,35,1,80,NA,3,3,3,"roadblock",11,4,"ahosr93r_3","10_1",1,"roadblock",75,1,16.6666666666667,1.71428571428571,2.28571428571429,20,18.75,75,4,21.6666666666667,360,405,11.5714285714286,576,12,1,70.3125,8.75,0,63.3333333333333,43.75,0,43.75,0
23,"lbjc7cyh",10,0,143,143,"questionnaire","ThankYou","2026-06-09 08:45:02.360429",16.8,"roadblock",6,1780995748.97429,"ahosr93r",23,0,1,0,0,0,0,0,0,NA,"Petition (0 cost to you)",4,2,2,2,2,3,3,3,1,1,73.5294117647059,1,10,28,"Germany","Woman",NA,"7-8","Other","None","BSc.","In education",NA,2,5,5,"Once",12,3,5,50,5,35,1,49,NA,3,2,2,"roadblock",12,5,"ahosr93r_3","10_1",1,"roadblock",50,1,10,1.42857142857143,1.4,-1,2.5,10,4,1.66666666666667,350,356,10.1714285714286,560,8,2,63.5714285714286,0,2.5,21.6666666666667,8.75,0,8.75,0
23,"lbjc7cyh",10,0,143,143,"questionnaire","ThankYou","2026-06-09 08:45:02.360429",16.8,"roadblock",6,1780995748.97429,"ahosr93r",23,0,1,0,0,0,0,0,0,NA,"Petition (0 cost to you)",4,2,2,2,2,3,3,3,1,1,73.5294117647059,1,10,28,"Germany","Woman",NA,"7-8","Other","None","BSc.","In education",NA,2,5,5,"Once",13,3,8,80,5,35,1,81,NA,3,2,2,"roadblock",13,6,"ahosr93r_3","10_1",1,"roadblock",50,1,6.25,2.28571428571429,2.31428571428571,1,3.75,15,4,3.33333333333333,360,369,10.5428571428571,576,8,2,64.0625,0,1.25,1.66666666666667,0,2.5,0,2.5
23,"lbjc7cyh",10,0,143,143,"questionnaire","ThankYou","2026-06-09 08:45:02.360429",16.8,"roadblock",6,1780995748.97429,"ahosr93r",23,0,1,0,0,0,0,0,0,NA,"Petition (0 cost to you)",4,2,2,2,2,3,3,3,1,1,73.5294117647059,1,10,28,"Germany","Woman",NA,"7-8","Other","None","BSc.","In education",NA,2,5,5,"Once",14,3,6,60,10,35,1,55.2,NA,3,2,2,"roadblock",14,7,"ahosr93r_3","10_1",1,"roadblock",50,1,16.6666666666667,1.71428571428571,1.57714285714286,-4.8,3.25,13,4,1,320,327.8,9.36571428571429,512,8,2,64.0234375,0,6.75,3.33333333333333,0,1.25,0,1.25
26,"mdfk29n4",2,0,143,143,"questionnaire","ThankYou","2026-06-09 13:35:32.470335",8.1,"demonstration",9,1781013254.9724,"tdmddbpq",26,0,1,0,0,0,0,0,0,NA,"Petition (0 cost to you)",4,1,2,2,1,3,2,5,1,1,78.6764705882353,2,2,29,"Austria","Man",NA,"5-6","BSc",">5 years","Bachelor's degree","In education studying","1500-2500",10,3,10,"No",1,3,9,90,0,45,NA,116,2,5,NA,NA,"demonstration",1,1,"tdmddbpq_5","2_2",0,"control",NA,NA,0,2,2.57777777777778,26,16.25,65,4,21.6666666666667,360,399,8.86666666666667,576,0,2,69.2708333333333,16.25,0,NA,NA,NA,NA,NA
26,"mdfk29n4",2,0,143,143,"questionnaire","ThankYou","2026-06-09 13:35:32.470335",8.1,"demonstration",9,1781013254.9724,"tdmddbpq",26,0,1,0,0,0,0,0,0,NA,"Petition (0 cost to you)",4,1,2,2,1,3,2,5,1,1,78.6764705882353,2,2,29,"Austria","Man",NA,"5-6","BSc",">5 years","Bachelor's degree","In education studying","1500-2500",10,3,10,"No",2,3,13,130,0,45,NA,158,NA,5,NA,NA,"demonstration",2,2,"tdmddbpq_5","2_2",0,"control",NA,NA,0,2.88888888888889,3.51111111111111,28,17.5,70,4,23.3333333333333,480,522,11.6,768,0,2,67.96875,17.5,0,21.6666666666667,NA,NA,16.25,0
26,"mdfk29n4",2,0,143,143,"questionnaire","ThankYou","2026-06-09 13:35:32.470335",8.1,"demonstration",9,1781013254.9724,"tdmddbpq",26,0,1,0,0,0,0,0,0,NA,"Petition (0 cost to you)",4,1,2,2,1,3,2,5,1,1,78.6764705882353,2,2,29,"Austria","Man",NA,"5-6","BSc",">5 years","Bachelor's degree","In education studying","1500-2500",10,3,10,"No",3,3,9,90,10,45,NA,106,NA,5,NA,NA,"demonstration",3,3,"tdmddbpq_5","2_2",0,"control",NA,NA,11.1111111111111,2,2.35555555555556,16,16.25,65,4,18.3333333333333,410,449,9.97777777777778,656,0,1,68.4451219512195,6.25,0,23.3333333333333,NA,NA,17.5,0
26,"mdfk29n4",2,0,143,143,"questionnaire","ThankYou","2026-06-09 13:35:32.470335",8.1,"demonstration",9,1781013254.9724,"tdmddbpq",26,0,1,0,0,0,0,0,0,NA,"Petition (0 cost to you)",4,1,2,2,1,3,2,5,1,1,78.6764705882353,2,2,29,"Austria","Man",NA,"5-6","BSc",">5 years","Bachelor's degree","In education studying","1500-2500",10,3,10,"No",4,3,12,120,0,45,NA,140,NA,5,NA,NA,"demonstration",4,4,"tdmddbpq_5","2_2",0,"control",NA,NA,0,2.66666666666667,3.11111111111111,20,12.5,50,4,16.6666666666667,400,430,9.55555555555556,640,0,2,67.1875,12.5,0,18.3333333333333,NA,NA,6.25,0
26,"mdfk29n4",2,0,143,143,"questionnaire","ThankYou","2026-06-09 13:35:32.470335",8.1,"demonstration",9,1781013254.9724,"tdmddbpq",26,0,1,0,0,0,0,0,0,NA,"Petition (0 cost to you)",4,1,2,2,1,3,2,5,1,1,78.6764705882353,2,2,29,"Austria","Man",NA,"5-6","BSc",">5 years","Bachelor's degree","In education studying","1500-2500",10,3,10,"No",5,3,11,110,0,45,NA,124,NA,5,NA,NA,"demonstration",5,5,"tdmddbpq_5","2_2",0,"control",NA,NA,0,2.44444444444444,2.75555555555556,14,8.75,35,4,11.6666666666667,410,431,9.57777777777778,656,0,3,65.7012195121951,8.75,0,16.6666666666667,NA,NA,12.5,0
26,"mdfk29n4",2,0,143,143,"questionnaire","ThankYou","2026-06-09 13:35:32.470335",8.1,"demonstration",9,1781013254.9724,"tdmddbpq",26,0,1,0,0,0,0,0,0,NA,"Petition (0 cost to you)",4,1,2,2,1,3,2,5,1,1,78.6764705882353,2,2,29,"Austria","Man",NA,"5-6","BSc",">5 years","Bachelor's degree","In education studying","1500-2500",10,3,10,"No",6,3,10,100,0,45,NA,114,NA,5,NA,NA,"demonstration",6,6,"tdmddbpq_5","2_2",0,"control",NA,NA,0,2.22222222222222,2.53333333333333,14,8.75,35,4,11.6666666666667,380,401,8.91111111111111,608,0,3,65.953947368421,8.75,0,11.6666666666667,NA,NA,8.75,0
26,"mdfk29n4",2,0,143,143,"questionnaire","ThankYou","2026-06-09 13:35:32.470335",8.1,"demonstration",9,1781013254.9724,"tdmddbpq",26,0,1,0,0,0,0,0,0,NA,"Petition (0 cost to you)",4,1,2,2,1,3,2,5,1,1,78.6764705882353,2,2,29,"Austria","Man",NA,"5-6","BSc",">5 years","Bachelor's degree","In education studying","1500-2500",10,3,10,"No",7,3,11,110,0,45,NA,116,NA,5,NA,NA,"demonstration",7,7,"tdmddbpq_5","2_2",0,"control",NA,NA,0,2.44444444444444,2.57777777777778,6,3.75,15,4,5,440,449,9.97777777777778,704,0,3,63.7784090909091,3.75,0,11.6666666666667,NA,NA,8.75,0
26,"mdfk29n4",2,0,143,143,"questionnaire","ThankYou","2026-06-09 13:35:32.470335",8.1,"demonstration",9,1781013254.9724,"tdmddbpq",26,0,1,0,0,0,0,0,0,NA,"Petition (0 cost to you)",4,1,2,2,1,3,2,5,1,1,78.6764705882353,2,2,29,"Austria","Man",NA,"5-6","BSc",">5 years","Bachelor's degree","In education studying","1500-2500",10,3,10,"No",8,3,8,80,80,35,1,48,NA,5,3,0,"demonstration",8,1,"tdmddbpq_5","2_2",1,"demonstration",75,1,100,2.28571428571429,1.37142857142857,-32,30,120,4,13.3333333333333,370,442,12.6285714285714,592,12,2,74.6621621621622,0,50,5,3.75,0,3.75,0
26,"mdfk29n4",2,0,143,143,"questionnaire","ThankYou","2026-06-09 13:35:32.470335",8.1,"demonstration",9,1781013254.9724,"tdmddbpq",26,0,1,0,0,0,0,0,0,NA,"Petition (0 cost to you)",4,1,2,2,1,3,2,5,1,1,78.6764705882353,2,2,29,"Austria","Man",NA,"5-6","BSc",">5 years","Bachelor's degree","In education studying","1500-2500",10,3,10,"No",9,3,10,100,100,35,1,54,NA,5,3,0,"demonstration",9,2,"tdmddbpq_5","2_2",1,"demonstration",75,1,100,2.85714285714286,1.54285714285714,-46,33.75,135,4,11.6666666666667,370,451,12.8857142857143,592,12,2,76.1824324324324,0,66.25,13.3333333333333,0,50,0,50
26,"mdfk29n4",2,0,143,143,"questionnaire","ThankYou","2026-06-09 13:35:32.470335",8.1,"demonstration",9,1781013254.9724,"tdmddbpq",26,0,1,0,0,0,0,0,0,NA,"Petition (0 cost to you)",4,1,2,2,1,3,2,5,1,1,78.6764705882353,2,2,29,"Austria","Man",NA,"5-6","BSc",">5 years","Bachelor's degree","In education studying","1500-2500",10,3,10,"No",10,3,11,110,0,45,0,122,NA,5,2,0,"demonstration",10,3,"tdmddbpq_5","2_2",1,"demonstration",50,1,0,2.44444444444444,2.71111111111111,12,7.5,30,4,10,390,408,9.06666666666667,624,8,3,65.3846153846154,7.5,0,11.6666666666667,0,66.25,0,66.25
26,"mdfk29n4",2,0,143,143,"questionnaire","ThankYou","2026-06-09 13:35:32.470335",8.1,"demonstration",9,1781013254.9724,"tdmddbpq",26,0,1,0,0,0,0,0,0,NA,"Petition (0 cost to you)",4,1,2,2,1,3,2,5,1,1,78.6764705882353,2,2,29,"Austria","Man",NA,"5-6","BSc",">5 years","Bachelor's degree","In education studying","1500-2500",10,3,10,"No",11,3,13,130,0,45,0,130,NA,5,0,0,"demonstration",11,4,"tdmddbpq_5","2_2",1,"demonstration",0,0,0,2.88888888888889,2.88888888888889,0,0,0,4,0,490,490,10.8888888888889,784,0,4,62.5,0,0,10,7.5,0,7.5,0
26,"mdfk29n4",2,0,143,143,"questionnaire","ThankYou","2026-06-09 13:35:32.470335",8.1,"demonstration",9,1781013254.9724,"tdmddbpq",26,0,1,0,0,0,0,0,0,NA,"Petition (0 cost to you)",4,1,2,2,1,3,2,5,1,1,78.6764705882353,2,2,29,"Austria","Man",NA,"5-6","BSc",">5 years","Bachelor's degree","In education studying","1500-2500",10,3,10,"No",12,3,13,130,0,45,0,130,NA,5,0,0,"demonstration",12,5,"tdmddbpq_5","2_2",1,"demonstration",0,0,0,2.88888888888889,2.88888888888889,0,0,0,4,0,460,460,10.2222222222222,736,0,4,62.5,0,0,0,0,0,0,0
26,"mdfk29n4",2,0,143,143,"questionnaire","ThankYou","2026-06-09 13:35:32.470335",8.1,"demonstration",9,1781013254.9724,"tdmddbpq",26,0,1,0,0,0,0,0,0,NA,"Petition (0 cost to you)",4,1,2,2,1,3,2,5,1,1,78.6764705882353,2,2,29,"Austria","Man",NA,"5-6","BSc",">5 years","Bachelor's degree","In education studying","1500-2500",10,3,10,"No",13,3,11,110,0,45,0,110,NA,5,0,0,"demonstration",13,6,"tdmddbpq_5","2_2",1,"demonstration",0,0,0,2.44444444444444,2.44444444444444,0,0,0,4,0,430,430,9.55555555555556,688,0,4,62.5,0,0,0,0,0,0,0
26,"mdfk29n4",2,0,143,143,"questionnaire","ThankYou","2026-06-09 13:35:32.470335",8.1,"demonstration",9,1781013254.9724,"tdmddbpq",26,0,1,0,0,0,0,0,0,NA,"Petition (0 cost to you)",4,1,2,2,1,3,2,5,1,1,78.6764705882353,2,2,29,"Austria","Man",NA,"5-6","BSc",">5 years","Bachelor's degree","In education studying","1500-2500",10,3,10,"No",14,3,14,140,0,45,0,140,NA,5,1,0,"demonstration",14,7,"tdmddbpq_5","2_2",1,"demonstration",25,1,0,3.11111111111111,3.11111111111111,0,0,0,4,0,490,490,10.8888888888889,784,4,4,62.5,0,0,0,0,0,0,0
4,"mo19ix9u",18,0,143,143,"questionnaire","ThankYou","2026-06-09 13:35:27.196561",17.1,"demonstration",9,1781013224.16484,"tdmddbpq",4,0,1,0,0,0,0,0,0,NA,"Petition (0 cost to you)",3,4,3,3,3,3,3,3,1,1,78.6764705882353,2,18,23,"Russia","Woman","International law","1-2","BSc","1-2 years","Secondary school","Not employed","1000",1,7,5,"Once",1,4,10,100,25,45,NA,101,18,5,NA,NA,"demonstration",1,1,"tdmddbpq_5","18_2",0,"control",NA,NA,25,2.22222222222222,2.24444444444444,1,16.25,65,4,13.3333333333333,360,399,8.86666666666667,576,0,2,69.2708333333333,0,8.75,NA,NA,NA,NA,NA
4,"mo19ix9u",18,0,143,143,"questionnaire","ThankYou","2026-06-09 13:35:27.196561",17.1,"demonstration",9,1781013224.16484,"tdmddbpq",4,0,1,0,0,0,0,0,0,NA,"Petition (0 cost to you)",3,4,3,3,3,3,3,3,1,1,78.6764705882353,2,18,23,"Russia","Woman","International law","1-2","BSc","1-2 years","Secondary school","Not employed","1000",1,7,5,"Once",2,4,12,120,20,45,NA,128,NA,5,NA,NA,"demonstration",2,2,"tdmddbpq_5","18_2",0,"control",NA,NA,16.6666666666667,2.66666666666667,2.84444444444444,8,17.5,70,4,16.6666666666667,480,522,11.6,768,0,2,67.96875,0,2.5,13.3333333333333,NA,NA,0,8.75
4,"mo19ix9u",18,0,143,143,"questionnaire","ThankYou","2026-06-09 13:35:27.196561",17.1,"demonstration",9,1781013224.16484,"tdmddbpq",4,0,1,0,0,0,0,0,0,NA,"Petition (0 cost to you)",3,4,3,3,3,3,3,3,1,1,78.6764705882353,2,18,23,"Russia","Woman","International law","1-2","BSc","1-2 years","Secondary school","Not employed","1000",1,7,5,"Once",3,4,10,100,25,45,NA,101,NA,5,NA,NA,"demonstration",3,3,"tdmddbpq_5","18_2",0,"control",NA,NA,25,2.22222222222222,2.24444444444444,1,16.25,65,4,13.3333333333333,410,449,9.97777777777778,656,0,1,68.4451219512195,0,8.75,16.6666666666667,NA,NA,0,2.5
4,"mo19ix9u",18,0,143,143,"questionnaire","ThankYou","2026-06-09 13:35:27.196561",17.1,"demonstration",9,1781013224.16484,"tdmddbpq",4,0,1,0,0,0,0,0,0,NA,"Petition (0 cost to you)",3,4,3,3,3,3,3,3,1,1,78.6764705882353,2,18,23,"Russia","Woman","International law","1-2","BSc","1-2 years","Secondary school","Not employed","1000",1,7,5,"Once",4,4,9,90,20,45,NA,90,NA,5,NA,NA,"demonstration",4,4,"tdmddbpq_5","18_2",0,"control",NA,NA,22.2222222222222,2,2,0,12.5,50,4,10,400,430,9.55555555555556,640,0,2,67.1875,0,7.5,13.3333333333333,NA,NA,0,8.75
4,"mo19ix9u",18,0,143,143,"questionnaire","ThankYou","2026-06-09 13:35:27.196561",17.1,"demonstration",9,1781013224.16484,"tdmddbpq",4,0,1,0,0,0,0,0,0,NA,"Petition (0 cost to you)",3,4,3,3,3,3,3,3,1,1,78.6764705882353,2,18,23,"Russia","Woman","International law","1-2","BSc","1-2 years","Secondary school","Not employed","1000",1,7,5,"Once",5,4,10,100,0,45,NA,114,NA,5,NA,NA,"demonstration",5,5,"tdmddbpq_5","18_2",0,"control",NA,NA,0,2.22222222222222,2.53333333333333,14,8.75,35,4,11.6666666666667,410,431,9.57777777777778,656,0,3,65.7012195121951,8.75,0,10,NA,NA,0,7.5
4,"mo19ix9u",18,0,143,143,"questionnaire","ThankYou","2026-06-09 13:35:27.196561",17.1,"demonstration",9,1781013224.16484,"tdmddbpq",4,0,1,0,0,0,0,0,0,NA,"Petition (0 cost to you)",3,4,3,3,3,3,3,3,1,1,78.6764705882353,2,18,23,"Russia","Woman","International law","1-2","BSc","1-2 years","Secondary school","Not employed","1000",1,7,5,"Once",6,4,9,90,0,45,NA,104,NA,5,NA,NA,"demonstration",6,6,"tdmddbpq_5","18_2",0,"control",NA,NA,0,2,2.31111111111111,14,8.75,35,4,11.6666666666667,380,401,8.91111111111111,608,0,3,65.953947368421,8.75,0,11.6666666666667,NA,NA,8.75,0
4,"mo19ix9u",18,0,143,143,"questionnaire","ThankYou","2026-06-09 13:35:27.196561",17.1,"demonstration",9,1781013224.16484,"tdmddbpq",4,0,1,0,0,0,0,0,0,NA,"Petition (0 cost to you)",3,4,3,3,3,3,3,3,1,1,78.6764705882353,2,18,23,"Russia","Woman","International law","1-2","BSc","1-2 years","Secondary school","Not employed","1000",1,7,5,"Once",7,4,10,100,0,45,NA,106,NA,5,NA,NA,"demonstration",7,7,"tdmddbpq_5","18_2",0,"control",NA,NA,0,2.22222222222222,2.35555555555556,6,3.75,15,4,5,440,449,9.97777777777778,704,0,3,63.7784090909091,3.75,0,11.6666666666667,NA,NA,8.75,0
4,"mo19ix9u",18,0,143,143,"questionnaire","ThankYou","2026-06-09 13:35:27.196561",17.1,"demonstration",9,1781013224.16484,"tdmddbpq",4,0,1,0,0,0,0,0,0,NA,"Petition (0 cost to you)",3,4,3,3,3,3,3,3,1,1,78.6764705882353,2,18,23,"Russia","Woman","International law","1-2","BSc","1-2 years","Secondary school","Not employed","1000",1,7,5,"Once",8,4,9,90,0,35,1,138,NA,5,3,0,"demonstration",8,1,"tdmddbpq_5","18_2",1,"demonstration",75,1,0,2.57142857142857,3.94285714285714,48,30,120,4,40,370,442,12.6285714285714,592,12,2,74.6621621621622,30,0,5,3.75,0,3.75,0
4,"mo19ix9u",18,0,143,143,"questionnaire","ThankYou","2026-06-09 13:35:27.196561",17.1,"demonstration",9,1781013224.16484,"tdmddbpq",4,0,1,0,0,0,0,0,0,NA,"Petition (0 cost to you)",3,4,3,3,3,3,3,3,1,1,78.6764705882353,2,18,23,"Russia","Woman","International law","1-2","BSc","1-2 years","Secondary school","Not employed","1000",1,7,5,"Once",9,4,6,60,0,35,1,114,NA,5,3,0,"demonstration",9,2,"tdmddbpq_5","18_2",1,"demonstration",75,1,0,1.71428571428571,3.25714285714286,54,33.75,135,4,45,370,451,12.8857142857143,592,12,2,76.1824324324324,33.75,0,40,30,0,30,0
4,"mo19ix9u",18,0,143,143,"questionnaire","ThankYou","2026-06-09 13:35:27.196561",17.1,"demonstration",9,1781013224.16484,"tdmddbpq",4,0,1,0,0,0,0,0,0,NA,"Petition (0 cost to you)",3,4,3,3,3,3,3,3,1,1,78.6764705882353,2,18,23,"Russia","Woman","International law","1-2","BSc","1-2 years","Secondary school","Not employed","1000",1,7,5,"Once",10,4,8,80,0,35,1,92,NA,5,2,0,"demonstration",10,3,"tdmddbpq_5","18_2",1,"demonstration",50,1,0,2.28571428571429,2.62857142857143,12,7.5,30,4,10,390,408,11.6571428571429,624,8,3,65.3846153846154,7.5,0,45,33.75,0,33.75,0
4,"mo19ix9u",18,0,143,143,"questionnaire","ThankYou","2026-06-09 13:35:27.196561",17.1,"demonstration",9,1781013224.16484,"tdmddbpq",4,0,1,0,0,0,0,0,0,NA,"Petition (0 cost to you)",3,4,3,3,3,3,3,3,1,1,78.6764705882353,2,18,23,"Russia","Woman","International law","1-2","BSc","1-2 years","Secondary school","Not employed","1000",1,7,5,"Once",11,4,12,120,0,45,0,120,NA,5,0,0,"demonstration",11,4,"tdmddbpq_5","18_2",1,"demonstration",0,0,0,2.66666666666667,2.66666666666667,0,0,0,4,0,490,490,10.8888888888889,784,0,4,62.5,0,0,10,7.5,0,7.5,0
4,"mo19ix9u",18,0,143,143,"questionnaire","ThankYou","2026-06-09 13:35:27.196561",17.1,"demonstration",9,1781013224.16484,"tdmddbpq",4,0,1,0,0,0,0,0,0,NA,"Petition (0 cost to you)",3,4,3,3,3,3,3,3,1,1,78.6764705882353,2,18,23,"Russia","Woman","International law","1-2","BSc","1-2 years","Secondary school","Not employed","1000",1,7,5,"Once",12,4,10,100,0,45,0,100,NA,5,0,0,"demonstration",12,5,"tdmddbpq_5","18_2",1,"demonstration",0,0,0,2.22222222222222,2.22222222222222,0,0,0,4,0,460,460,10.2222222222222,736,0,4,62.5,0,0,0,0,0,0,0
4,"mo19ix9u",18,0,143,143,"questionnaire","ThankYou","2026-06-09 13:35:27.196561",17.1,"demonstration",9,1781013224.16484,"tdmddbpq",4,0,1,0,0,0,0,0,0,NA,"Petition (0 cost to you)",3,4,3,3,3,3,3,3,1,1,78.6764705882353,2,18,23,"Russia","Woman","International law","1-2","BSc","1-2 years","Secondary school","Not employed","1000",1,7,5,"Once",13,4,8,80,0,45,0,80,NA,5,0,0,"demonstration",13,6,"tdmddbpq_5","18_2",1,"demonstration",0,0,0,1.77777777777778,1.77777777777778,0,0,0,4,0,430,430,9.55555555555556,688,0,4,62.5,0,0,0,0,0,0,0
4,"mo19ix9u",18,0,143,143,"questionnaire","ThankYou","2026-06-09 13:35:27.196561",17.1,"demonstration",9,1781013224.16484,"tdmddbpq",4,0,1,0,0,0,0,0,0,NA,"Petition (0 cost to you)",3,4,3,3,3,3,3,3,1,1,78.6764705882353,2,18,23,"Russia","Woman","International law","1-2","BSc","1-2 years","Secondary school","Not employed","1000",1,7,5,"Once",14,4,9,90,0,35,1,90,NA,5,1,0,"demonstration",14,7,"tdmddbpq_5","18_2",1,"demonstration",25,1,0,2.57142857142857,2.57142857142857,0,0,0,4,0,490,490,14,784,4,4,62.5,0,0,0,0,0,0,0
14,"nnn3u3ee",1,0,143,143,"questionnaire","ThankYou","2026-06-09 08:45:00.881050",21.9,"petition",6,1780995881.90571,"ahosr93r",14,0,1,0,0,0,1,0,0,NA,"Petition (0 cost to you)",1,4,4,4,4,3,3,1,1,1,73.1617647058823,1,1,19,"German, Hungarian","Woman","Business and Economics & Social Sciences","1-2","BSc","None","Secondary School","In education","500",6,5,6,"No",1,4,5,50,20,45,NA,62,1,4,NA,NA,"petition",1,1,"ahosr93r_4","1_1",0,"control",NA,NA,40,1.11111111111111,1.37777777777778,12,20,80,4,20,300,348,7.73333333333333,480,0,0,72.5,0,0,NA,NA,NA,NA,NA
14,"nnn3u3ee",1,0,143,143,"questionnaire","ThankYou","2026-06-09 08:45:00.881050",21.9,"petition",6,1780995881.90571,"ahosr93r",14,0,1,0,0,0,1,0,0,NA,"Petition (0 cost to you)",1,4,4,4,4,3,3,1,1,1,73.1617647058823,1,1,19,"German, Hungarian","Woman","Business and Economics & Social Sciences","1-2","BSc","None","Secondary School","In education","500",6,5,6,"No",2,4,7,70,20,45,NA,102,NA,4,NA,NA,"petition",2,2,"ahosr93r_4","1_1",0,"control",NA,NA,28.5714285714286,1.55555555555556,2.26666666666667,32,32.5,130,4,36.6666666666667,380,458,10.1777777777778,608,0,0,75.328947368421,12.5,0,20,NA,NA,0,0
14,"nnn3u3ee",1,0,143,143,"questionnaire","ThankYou","2026-06-09 08:45:00.881050",21.9,"petition",6,1780995881.90571,"ahosr93r",14,0,1,0,0,0,1,0,0,NA,"Petition (0 cost to you)",1,4,4,4,4,3,3,1,1,1,73.1617647058823,1,1,19,"German, Hungarian","Woman","Business and Economics & Social Sciences","1-2","BSc","None","Secondary School","In education","500",6,5,6,"No",3,4,7,70,0,45,NA,118,NA,4,NA,NA,"petition",3,3,"ahosr93r_4","1_1",0,"control",NA,NA,0,1.55555555555556,2.62222222222222,48,30,120,4,40,360,432,9.6,576,0,1,75,30,0,36.6666666666667,NA,NA,12.5,0
14,"nnn3u3ee",1,0,143,143,"questionnaire","ThankYou","2026-06-09 08:45:00.881050",21.9,"petition",6,1780995881.90571,"ahosr93r",14,0,1,0,0,0,1,0,0,NA,"Petition (0 cost to you)",1,4,4,4,4,3,3,1,1,1,73.1617647058823,1,1,19,"German, Hungarian","Woman","Business and Economics & Social Sciences","1-2","BSc","None","Secondary School","In education","500",6,5,6,"No",4,4,4,40,40,45,NA,62,NA,4,NA,NA,"petition",4,4,"ahosr93r_4","1_1",0,"control",NA,NA,100,0.888888888888889,1.37777777777778,22,38.75,155,4,38.3333333333333,370,463,10.2888888888889,592,0,0,78.2094594594595,0,1.25,40,NA,NA,30,0
14,"nnn3u3ee",1,0,143,143,"questionnaire","ThankYou","2026-06-09 08:45:00.881050",21.9,"petition",6,1780995881.90571,"ahosr93r",14,0,1,0,0,0,1,0,0,NA,"Petition (0 cost to you)",1,4,4,4,4,3,3,1,1,1,73.1617647058823,1,1,19,"German, Hungarian","Woman","Business and Economics & Social Sciences","1-2","BSc","None","Secondary School","In education","500",6,5,6,"No",5,4,6,60,10,45,NA,96,NA,4,NA,NA,"petition",5,5,"ahosr93r_4","1_1",0,"control",NA,NA,16.6666666666667,1.33333333333333,2.13333333333333,36,28.75,115,4,35,390,459,10.2,624,0,0,73.5576923076923,18.75,0,38.3333333333333,NA,NA,0,1.25
14,"nnn3u3ee",1,0,143,143,"questionnaire","ThankYou","2026-06-09 08:45:00.881050",21.9,"petition",6,1780995881.90571,"ahosr93r",14,0,1,0,0,0,1,0,0,NA,"Petition (0 cost to you)",1,4,4,4,4,3,3,1,1,1,73.1617647058823,1,1,19,"German, Hungarian","Woman","Business and Economics & Social Sciences","1-2","BSc","None","Secondary School","In education","500",6,5,6,"No",6,4,10,100,0,45,NA,146,NA,4,NA,NA,"petition",6,6,"ahosr93r_4","1_1",0,"control",NA,NA,0,2.22222222222222,3.24444444444444,46,28.75,115,4,38.3333333333333,440,509,11.3111111111111,704,0,1,72.3011363636364,28.75,0,35,NA,NA,18.75,0
14,"nnn3u3ee",1,0,143,143,"questionnaire","ThankYou","2026-06-09 08:45:00.881050",21.9,"petition",6,1780995881.90571,"ahosr93r",14,0,1,0,0,0,1,0,0,NA,"Petition (0 cost to you)",1,4,4,4,4,3,3,1,1,1,73.1617647058823,1,1,19,"German, Hungarian","Woman","Business and Economics & Social Sciences","1-2","BSc","None","Secondary School","In education","500",6,5,6,"No",7,4,7,70,17,45,NA,81.8,NA,4,NA,NA,"petition",7,7,"ahosr93r_4","1_1",0,"control",NA,NA,24.2857142857143,1.55555555555556,1.81777777777778,11.8,18,72,4,18.3333333333333,390,433.2,9.62666666666667,624,0,1,69.4230769230769,1,0,38.3333333333333,NA,NA,28.75,0
14,"nnn3u3ee",1,0,143,143,"questionnaire","ThankYou","2026-06-09 08:45:00.881050",21.9,"petition",6,1780995881.90571,"ahosr93r",14,0,1,0,0,0,1,0,0,NA,"Petition (0 cost to you)",1,4,4,4,4,3,3,1,1,1,73.1617647058823,1,1,19,"German, Hungarian","Woman","Business and Economics & Social Sciences","1-2","BSc","None","Secondary School","In education","500",6,5,6,"No",8,4,6,60,40,45,1,100,NA,4,4,NA,"petition",8,1,"ahosr93r_4","1_1",1,"petition",100,1,66.6666666666667,1.33333333333333,2.22222222222222,40,50,200,4,53.3333333333333,350,470,10.4444444444444,560,16,0,83.9285714285714,10,0,18.3333333333333,1,0,1,0
14,"nnn3u3ee",1,0,143,143,"questionnaire","ThankYou","2026-06-09 08:45:00.881050",21.9,"petition",6,1780995881.90571,"ahosr93r",14,0,1,0,0,0,1,0,0,NA,"Petition (0 cost to you)",1,4,4,4,4,3,3,1,1,1,73.1617647058823,1,1,19,"German, Hungarian","Woman","Business and Economics & Social Sciences","1-2","BSc","None","Secondary School","In education","500",6,5,6,"No",9,4,8,80,80,45,1,68,NA,4,4,0,"petition",9,2,"ahosr93r_4","1_1",1,"petition",100,1,100,1.77777777777778,1.51111111111111,-12,42.5,170,4,30,360,462,10.2666666666667,576,16,0,80.2083333333333,0,37.5,53.3333333333333,10,0,10,0
14,"nnn3u3ee",1,0,143,143,"questionnaire","ThankYou","2026-06-09 08:45:00.881050",21.9,"petition",6,1780995881.90571,"ahosr93r",14,0,1,0,0,0,1,0,0,NA,"Petition (0 cost to you)",1,4,4,4,4,3,3,1,1,1,73.1617647058823,1,1,19,"German, Hungarian","Woman","Business and Economics & Social Sciences","1-2","BSc","None","Secondary School","In education","500",6,5,6,"No",10,4,9,90,30,45,1,116,NA,4,3,0,"petition",10,3,"ahosr93r_4","1_1",1,"petition",75,1,33.3333333333333,2,2.57777777777778,26,35,140,4,36.6666666666667,440,524,11.6444444444444,704,12,0,74.4318181818182,5,0,30,0,37.5,0,37.5
14,"nnn3u3ee",1,0,143,143,"questionnaire","ThankYou","2026-06-09 08:45:00.881050",21.9,"petition",6,1780995881.90571,"ahosr93r",14,0,1,0,0,0,1,0,0,NA,"Petition (0 cost to you)",1,4,4,4,4,3,3,1,1,1,73.1617647058823,1,1,19,"German, Hungarian","Woman","Business and Economics & Social Sciences","1-2","BSc","None","Secondary School","In education","500",6,5,6,"No",11,4,6,60,20,45,1,80,NA,4,2,0,"petition",11,4,"ahosr93r_4","1_1",1,"petition",50,1,33.3333333333333,1.33333333333333,1.77777777777778,20,25,100,4,26.6666666666667,430,490,10.8888888888889,688,8,1,71.2209302325581,5,0,36.6666666666667,5,0,5,0
14,"nnn3u3ee",1,0,143,143,"questionnaire","ThankYou","2026-06-09 08:45:00.881050",21.9,"petition",6,1780995881.90571,"ahosr93r",14,0,1,0,0,0,1,0,0,NA,"Petition (0 cost to you)",1,4,4,4,4,3,3,1,1,1,73.1617647058823,1,1,19,"German, Hungarian","Woman","Business and Economics & Social Sciences","1-2","BSc","None","Secondary School","In education","500",6,5,6,"No",12,4,9,90,50,45,1,88,NA,4,4,0,"petition",12,5,"ahosr93r_4","1_1",1,"petition",100,1,55.5555555555556,2,1.95555555555556,-2,30,120,4,23.3333333333333,380,452,10.0444444444444,608,16,0,74.3421052631579,0,20,26.6666666666667,5,0,5,0
14,"nnn3u3ee",1,0,143,143,"questionnaire","ThankYou","2026-06-09 08:45:00.881050",21.9,"petition",6,1780995881.90571,"ahosr93r",14,0,1,0,0,0,1,0,0,NA,"Petition (0 cost to you)",1,4,4,4,4,3,3,1,1,1,73.1617647058823,1,1,19,"German, Hungarian","Woman","Business and Economics & Social Sciences","1-2","BSc","None","Secondary School","In education","500",6,5,6,"No",13,4,9,90,0,45,0,110,NA,4,1,0,"petition",13,6,"ahosr93r_4","1_1",1,"petition",25,1,0,2,2.44444444444444,20,12.5,50,4,16.6666666666667,440,470,10.4444444444444,704,4,2,66.7613636363636,12.5,0,23.3333333333333,0,20,0,20
14,"nnn3u3ee",1,0,143,143,"questionnaire","ThankYou","2026-06-09 08:45:00.881050",21.9,"petition",6,1780995881.90571,"ahosr93r",14,0,1,0,0,0,1,0,0,NA,"Petition (0 cost to you)",1,4,4,4,4,3,3,1,1,1,73.1617647058823,1,1,19,"German, Hungarian","Woman","Business and Economics & Social Sciences","1-2","BSc","None","Secondary School","In education","500",6,5,6,"No",14,4,10,100,40,45,1,96,NA,4,4,0,"petition",14,7,"ahosr93r_4","1_1",1,"petition",100,1,40,2.22222222222222,2.13333333333333,-4,22.5,90,4,16.6666666666667,450,504,11.2,720,16,1,70,0,17.5,16.6666666666667,12.5,0,12.5,0
22,"nqzcesvm",11,0,76,143,"activism","EffortTask","2026-06-09 13:35:29.522660",0,"roadblock",NA,NA,"tdmddbpq",22,0,NA,NA,NA,NA,NA,NA,NA,NA,NA,NA,NA,NA,NA,NA,NA,NA,NA,1,1,50,2,11,28,"Indian","Woman","Media Informatics","5-6","MSc","1-2 years","Bachelor's degree","Part-time","55",6,6,6,"Once",1,2,8,80,5,45,NA,141,11,6,NA,NA,"roadblock",1,1,"tdmddbpq_6","11_2",0,"control",NA,NA,6.25,1.77777777777778,3.13333333333333,61,41.25,165,4,53.3333333333333,370,469,10.4222222222222,592,0,0,79.222972972973,36.25,0,NA,NA,NA,NA,NA
22,"nqzcesvm",11,0,76,143,"activism","EffortTask","2026-06-09 13:35:29.522660",0,"roadblock",NA,NA,"tdmddbpq",22,0,NA,NA,NA,NA,NA,NA,NA,NA,NA,NA,NA,NA,NA,NA,NA,NA,NA,1,1,50,2,11,28,"Indian","Woman","Media Informatics","5-6","MSc","1-2 years","Bachelor's degree","Part-time","55",6,6,6,"Once",2,2,6,60,0,45,NA,156,NA,6,NA,NA,"roadblock",2,2,"tdmddbpq_6","11_2",0,"control",NA,NA,0,1.33333333333333,3.46666666666667,96,60,240,4,80,420,564,12.5333333333333,672,0,1,83.9285714285714,60,0,53.3333333333333,NA,NA,36.25,0
22,"nqzcesvm",11,0,76,143,"activism","EffortTask","2026-06-09 13:35:29.522660",0,"roadblock",NA,NA,"tdmddbpq",22,0,NA,NA,NA,NA,NA,NA,NA,NA,NA,NA,NA,NA,NA,NA,NA,NA,NA,1,1,50,2,11,28,"Indian","Woman","Media Informatics","5-6","MSc","1-2 years","Bachelor's degree","Part-time","55",6,6,6,"Once",3,2,6,60,6,45,NA,148.4,NA,6,NA,NA,"roadblock",3,3,"tdmddbpq_6","11_2",0,"control",NA,NA,10,1.33333333333333,3.29777777777778,88.4,59,236,4,76.6666666666667,410,551.6,12.2577777777778,656,0,0,84.0853658536585,53,0,80,NA,NA,60,0
22,"nqzcesvm",11,0,76,143,"activism","EffortTask","2026-06-09 13:35:29.522660",0,"roadblock",NA,NA,"tdmddbpq",22,0,NA,NA,NA,NA,NA,NA,NA,NA,NA,NA,NA,NA,NA,NA,NA,NA,NA,1,1,50,2,11,28,"Indian","Woman","Media Informatics","5-6","MSc","1-2 years","Bachelor's degree","Part-time","55",6,6,6,"Once",4,2,8,80,5,45,NA,169,NA,6,NA,NA,"roadblock",4,4,"tdmddbpq_6","11_2",0,"control",NA,NA,6.25,1.77777777777778,3.75555555555556,89,58.75,235,4,76.6666666666667,440,581,12.9111111111111,704,0,0,82.5284090909091,53.75,0,76.6666666666667,NA,NA,53,0
22,"nqzcesvm",11,0,76,143,"activism","EffortTask","2026-06-09 13:35:29.522660",0,"roadblock",NA,NA,"tdmddbpq",22,0,NA,NA,NA,NA,NA,NA,NA,NA,NA,NA,NA,NA,NA,NA,NA,NA,NA,1,1,50,2,11,28,"Indian","Woman","Media Informatics","5-6","MSc","1-2 years","Bachelor's degree","Part-time","55",6,6,6,"Once",5,2,8,80,3,45,NA,142.2,NA,6,NA,NA,"roadblock",5,5,"tdmddbpq_6","11_2",0,"control",NA,NA,3.75,1.77777777777778,3.16,62.2,40.75,163,4,53.3333333333333,410,507.8,11.2844444444444,656,0,1,77.4085365853659,37.75,0,76.6666666666667,NA,NA,53.75,0
22,"nqzcesvm",11,0,76,143,"activism","EffortTask","2026-06-09 13:35:29.522660",0,"roadblock",NA,NA,"tdmddbpq",22,0,NA,NA,NA,NA,NA,NA,NA,NA,NA,NA,NA,NA,NA,NA,NA,NA,NA,1,1,50,2,11,28,"Indian","Woman","Media Informatics","5-6","MSc","1-2 years","Bachelor's degree","Part-time","55",6,6,6,"Once",6,2,5,50,50,45,NA,78,NA,6,NA,NA,"roadblock",6,6,"tdmddbpq_6","11_2",0,"control",NA,NA,100,1.11111111111111,1.73333333333333,28,48.75,195,4,48.3333333333333,380,497,11.0444444444444,608,0,0,81.7434210526316,0,1.25,53.3333333333333,NA,NA,37.75,0
22,"nqzcesvm",11,0,76,143,"activism","EffortTask","2026-06-09 13:35:29.522660",0,"roadblock",NA,NA,"tdmddbpq",22,0,NA,NA,NA,NA,NA,NA,NA,NA,NA,NA,NA,NA,NA,NA,NA,NA,NA,1,1,50,2,11,28,"Indian","Woman","Media Informatics","5-6","MSc","1-2 years","Bachelor's degree","Part-time","55",6,6,6,"Once",7,2,8,80,0,45,NA,112,NA,6,NA,NA,"roadblock",7,7,"tdmddbpq_6","11_2",0,"control",NA,NA,0,1.77777777777778,2.48888888888889,32,20,80,4,26.6666666666667,430,478,10.6222222222222,688,0,2,69.4767441860465,20,0,48.3333333333333,NA,NA,0,1.25
22,"odojvl0k",18,0,143,143,"questionnaire","ThankYou","2026-06-09 08:45:02.175733",4.35,"demonstration",7,1780995898.76812,"ahosr93r",22,0,0,0,0,0,1,0,0,"Not regarding that but sometimes the numbers got changed to an incorrect number","Petition (0 cost to you)",4,2,4,4,4,3,3,3,1,1,73.8970588235294,1,18,26,"Austria","Woman",NA,"7-8","BSc.","> 5 years","BSc.","In education","4000",8,2,10,"Regularly",1,2,4,40,20,45,NA,40,18,2,NA,NA,"demonstration",1,1,"ahosr93r_2","18_1",0,"control",NA,NA,50,0.888888888888889,0.888888888888889,0,12.5,50,4,10,310,340,7.55555555555556,496,0,2,68.5483870967742,0,7.5,NA,NA,NA,NA,NA
22,"odojvl0k",18,0,143,143,"questionnaire","ThankYou","2026-06-09 08:45:02.175733",4.35,"demonstration",7,1780995898.76812,"ahosr93r",22,0,0,0,0,0,1,0,0,"Not regarding that but sometimes the numbers got changed to an incorrect number","Petition (0 cost to you)",4,2,4,4,4,3,3,3,1,1,73.8970588235294,1,18,26,"Austria","Woman",NA,"7-8","BSc.","> 5 years","BSc.","In education","4000",8,2,10,"Regularly",2,2,6,60,20,45,NA,60,NA,2,NA,NA,"demonstration",2,2,"ahosr93r_2","18_1",0,"control",NA,NA,33.3333333333333,1.33333333333333,1.33333333333333,0,12.5,50,4,10,360,390,8.66666666666667,576,0,1,67.7083333333333,0,7.5,10,NA,NA,0,7.5
22,"odojvl0k",18,0,143,143,"questionnaire","ThankYou","2026-06-09 08:45:02.175733",4.35,"demonstration",7,1780995898.76812,"ahosr93r",22,0,0,0,0,0,1,0,0,"Not regarding that but sometimes the numbers got changed to an incorrect number","Petition (0 cost to you)",4,2,4,4,4,3,3,3,1,1,73.8970588235294,1,18,26,"Austria","Woman",NA,"7-8","BSc.","> 5 years","BSc.","In education","4000",8,2,10,"Regularly",3,2,6,60,10,45,NA,64,NA,2,NA,NA,"demonstration",3,3,"ahosr93r_2","18_1",0,"control",NA,NA,16.6666666666667,1.33333333333333,1.42222222222222,4,8.75,35,4,8.33333333333333,380,401,8.91111111111111,608,0,1,65.953947368421,0,1.25,10,NA,NA,0,7.5
22,"odojvl0k",18,0,143,143,"questionnaire","ThankYou","2026-06-09 08:45:02.175733",4.35,"demonstration",7,1780995898.76812,"ahosr93r",22,0,0,0,0,0,1,0,0,"Not regarding that but sometimes the numbers got changed to an incorrect number","Petition (0 cost to you)",4,2,4,4,4,3,3,3,1,1,73.8970588235294,1,18,26,"Austria","Woman",NA,"7-8","BSc.","> 5 years","BSc.","In education","4000",8,2,10,"Regularly",4,2,6,60,20,45,NA,50,NA,2,NA,NA,"demonstration",4,4,"ahosr93r_2","18_1",0,"control",NA,NA,33.3333333333333,1.33333333333333,1.11111111111111,-10,6.25,25,4,1.66666666666667,320,335,7.44444444444444,512,0,2,65.4296875,0,13.75,8.33333333333333,NA,NA,0,1.25
22,"odojvl0k",18,0,143,143,"questionnaire","ThankYou","2026-06-09 08:45:02.175733",4.35,"demonstration",7,1780995898.76812,"ahosr93r",22,0,0,0,0,0,1,0,0,"Not regarding that but sometimes the numbers got changed to an incorrect number","Petition (0 cost to you)",4,2,4,4,4,3,3,3,1,1,73.8970588235294,1,18,26,"Austria","Woman",NA,"7-8","BSc.","> 5 years","BSc.","In education","4000",8,2,10,"Regularly",5,2,7,70,5,45,NA,77,NA,2,NA,NA,"demonstration",5,5,"ahosr93r_2","18_1",0,"control",NA,NA,7.14285714285714,1.55555555555556,1.71111111111111,7,7.5,30,4,8.33333333333333,420,438,9.73333333333333,672,0,1,65.1785714285714,2.5,0,1.66666666666667,NA,NA,0,13.75
22,"odojvl0k",18,0,143,143,"questionnaire","ThankYou","2026-06-09 08:45:02.175733",4.35,"demonstration",7,1780995898.76812,"ahosr93r",22,0,0,0,0,0,1,0,0,"Not regarding that but sometimes the numbers got changed to an incorrect number","Petition (0 cost to you)",4,2,4,4,4,3,3,3,1,1,73.8970588235294,1,18,26,"Austria","Woman",NA,"7-8","BSc.","> 5 years","BSc.","In education","4000",8,2,10,"Regularly",6,2,9,90,5,45,NA,93,NA,2,NA,NA,"demonstration",6,6,"ahosr93r_2","18_1",0,"control",NA,NA,5.55555555555556,2,2.06666666666667,3,5,20,4,5,450,462,10.2666666666667,720,0,2,64.1666666666667,0,0,8.33333333333333,NA,NA,2.5,0
22,"odojvl0k",18,0,143,143,"questionnaire","ThankYou","2026-06-09 08:45:02.175733",4.35,"demonstration",7,1780995898.76812,"ahosr93r",22,0,0,0,0,0,1,0,0,"Not regarding that but sometimes the numbers got changed to an incorrect number","Petition (0 cost to you)",4,2,4,4,4,3,3,3,1,1,73.8970588235294,1,18,26,"Austria","Woman",NA,"7-8","BSc.","> 5 years","BSc.","In education","4000",8,2,10,"Regularly",7,2,3,30,5,45,NA,29,NA,2,NA,NA,"demonstration",7,7,"ahosr93r_2","18_1",0,"control",NA,NA,16.6666666666667,0.666666666666667,0.644444444444444,-1,2.5,10,4,1.66666666666667,370,376,8.35555555555556,592,0,2,63.5135135135135,0,2.5,5,NA,NA,0,0
22,"odojvl0k",18,0,143,143,"questionnaire","ThankYou","2026-06-09 08:45:02.175733",4.35,"demonstration",7,1780995898.76812,"ahosr93r",22,0,0,0,0,0,1,0,0,"Not regarding that but sometimes the numbers got changed to an incorrect number","Petition (0 cost to you)",4,2,4,4,4,3,3,3,1,1,73.8970588235294,1,18,26,"Austria","Woman",NA,"7-8","BSc.","> 5 years","BSc.","In education","4000",8,2,10,"Regularly",8,2,4,40,0,45,0,40,NA,2,0,0,"demonstration",8,1,"ahosr93r_2","18_1",1,"demonstration",0,0,0,0.888888888888889,0.888888888888889,0,0,0,4,0,410,410,9.11111111111111,656,0,4,62.5,0,0,1.66666666666667,0,2.5,0,2.5
22,"odojvl0k",18,0,143,143,"questionnaire","ThankYou","2026-06-09 08:45:02.175733",4.35,"demonstration",7,1780995898.76812,"ahosr93r",22,0,0,0,0,0,1,0,0,"Not regarding that but sometimes the numbers got changed to an incorrect number","Petition (0 cost to you)",4,2,4,4,4,3,3,3,1,1,73.8970588235294,1,18,26,"Austria","Woman",NA,"7-8","BSc.","> 5 years","BSc.","In education","4000",8,2,10,"Regularly",9,2,5,50,0,45,0,50,NA,2,0,0,"demonstration",9,2,"ahosr93r_2","18_1",1,"demonstration",0,0,0,1.11111111111111,1.11111111111111,0,0,0,4,0,390,390,8.66666666666667,624,0,4,62.5,0,0,0,0,0,0,0
22,"odojvl0k",18,0,143,143,"questionnaire","ThankYou","2026-06-09 08:45:02.175733",4.35,"demonstration",7,1780995898.76812,"ahosr93r",22,0,0,0,0,0,1,0,0,"Not regarding that but sometimes the numbers got changed to an incorrect number","Petition (0 cost to you)",4,2,4,4,4,3,3,3,1,1,73.8970588235294,1,18,26,"Austria","Woman",NA,"7-8","BSc.","> 5 years","BSc.","In education","4000",8,2,10,"Regularly",10,2,9,90,0,45,0,90,NA,2,0,0,"demonstration",10,3,"ahosr93r_2","18_1",1,"demonstration",0,0,0,2,2,0,0,0,4,0,510,510,11.3333333333333,816,0,4,62.5,0,0,0,0,0,0,0
22,"odojvl0k",18,0,143,143,"questionnaire","ThankYou","2026-06-09 08:45:02.175733",4.35,"demonstration",7,1780995898.76812,"ahosr93r",22,0,0,0,0,0,1,0,0,"Not regarding that but sometimes the numbers got changed to an incorrect number","Petition (0 cost to you)",4,2,4,4,4,3,3,3,1,1,73.8970588235294,1,18,26,"Austria","Woman",NA,"7-8","BSc.","> 5 years","BSc.","In education","4000",8,2,10,"Regularly",11,2,9,90,0,45,0,90,NA,2,0,0,"demonstration",11,4,"ahosr93r_2","18_1",1,"demonstration",0,0,0,2,2,0,0,0,4,0,510,510,11.3333333333333,816,0,4,62.5,0,0,0,0,0,0,0
22,"odojvl0k",18,0,143,143,"questionnaire","ThankYou","2026-06-09 08:45:02.175733",4.35,"demonstration",7,1780995898.76812,"ahosr93r",22,0,0,0,0,0,1,0,0,"Not regarding that but sometimes the numbers got changed to an incorrect number","Petition (0 cost to you)",4,2,4,4,4,3,3,3,1,1,73.8970588235294,1,18,26,"Austria","Woman",NA,"7-8","BSc.","> 5 years","BSc.","In education","4000",8,2,10,"Regularly",12,2,8,80,0,45,0,80,NA,2,0,0,"demonstration",12,5,"ahosr93r_2","18_1",1,"demonstration",0,0,0,1.77777777777778,1.77777777777778,0,0,0,4,0,430,430,9.55555555555556,688,0,4,62.5,0,0,0,0,0,0,0
22,"odojvl0k",18,0,143,143,"questionnaire","ThankYou","2026-06-09 08:45:02.175733",4.35,"demonstration",7,1780995898.76812,"ahosr93r",22,0,0,0,0,0,1,0,0,"Not regarding that but sometimes the numbers got changed to an incorrect number","Petition (0 cost to you)",4,2,4,4,4,3,3,3,1,1,73.8970588235294,1,18,26,"Austria","Woman",NA,"7-8","BSc.","> 5 years","BSc.","In education","4000",8,2,10,"Regularly",13,2,8,80,0,45,0,80,NA,2,0,0,"demonstration",13,6,"ahosr93r_2","18_1",1,"demonstration",0,0,0,1.77777777777778,1.77777777777778,0,0,0,4,0,410,410,9.11111111111111,656,0,4,62.5,0,0,0,0,0,0,0
22,"odojvl0k",18,0,143,143,"questionnaire","ThankYou","2026-06-09 08:45:02.175733",4.35,"demonstration",7,1780995898.76812,"ahosr93r",22,0,0,0,0,0,1,0,0,"Not regarding that but sometimes the numbers got changed to an incorrect number","Petition (0 cost to you)",4,2,4,4,4,3,3,3,1,1,73.8970588235294,1,18,26,"Austria","Woman",NA,"7-8","BSc.","> 5 years","BSc.","In education","4000",8,2,10,"Regularly",14,2,5,50,10,35,1,48,NA,2,1,0,"demonstration",14,7,"ahosr93r_2","18_1",1,"demonstration",25,1,20,1.42857142857143,1.37142857142857,-2,5,20,4,3.33333333333333,410,422,12.0571428571429,656,4,2,64.3292682926829,0,5,0,0,0,0,0
5,"omy7uxz8",25,0,143,143,"questionnaire","ThankYou","2026-06-09 13:35:27.442889",30,"petition",12,1781013415.14801,"tdmddbpq",5,0,1,0,0,0,0,0,0,NA,"Petition (0 cost to you)",1,4,3,4,3,3,3,3,1,1,78.6764705882353,2,25,23,"Austria","Woman",NA,"5-6","BSc","3-5 years","Bachelor's degree","Part-time","120",7,3,3,"Once",1,1,10,100,25,45,NA,123,25,7,NA,NA,"petition",1,1,"tdmddbpq_7","25_2",0,"control",NA,NA,25,2.22222222222222,2.73333333333333,23,30,120,4,31.6666666666667,470,542,12.0444444444444,752,0,1,72.0744680851064,5,0,NA,NA,NA,NA,NA
5,"omy7uxz8",25,0,143,143,"questionnaire","ThankYou","2026-06-09 13:35:27.442889",30,"petition",12,1781013415.14801,"tdmddbpq",5,0,1,0,0,0,0,0,0,NA,"Petition (0 cost to you)",1,4,3,4,3,3,3,3,1,1,78.6764705882353,2,25,23,"Austria","Woman",NA,"5-6","BSc","3-5 years","Bachelor's degree","Part-time","120",7,3,3,"Once",2,1,13,130,30,45,NA,140,NA,7,NA,NA,"petition",2,2,"tdmddbpq_7","25_2",0,"control",NA,NA,23.0769230769231,2.88888888888889,3.11111111111111,10,25,100,4,23.3333333333333,530,590,13.1111111111111,848,0,1,69.5754716981132,0,5,31.6666666666667,NA,NA,5,0
5,"omy7uxz8",25,0,143,143,"questionnaire","ThankYou","2026-06-09 13:35:27.442889",30,"petition",12,1781013415.14801,"tdmddbpq",5,0,1,0,0,0,0,0,0,NA,"Petition (0 cost to you)",1,4,3,4,3,3,3,3,1,1,78.6764705882353,2,25,23,"Austria","Woman",NA,"5-6","BSc","3-5 years","Bachelor's degree","Part-time","120",7,3,3,"Once",3,1,14,140,30,45,NA,150,NA,7,NA,NA,"petition",3,3,"tdmddbpq_7","25_2",0,"control",NA,NA,21.4285714285714,3.11111111111111,3.33333333333333,10,25,100,4,23.3333333333333,520,580,12.8888888888889,832,0,1,69.7115384615385,0,5,23.3333333333333,NA,NA,0,5
5,"omy7uxz8",25,0,143,143,"questionnaire","ThankYou","2026-06-09 13:35:27.442889",30,"petition",12,1781013415.14801,"tdmddbpq",5,0,1,0,0,0,0,0,0,NA,"Petition (0 cost to you)",1,4,3,4,3,3,3,3,1,1,78.6764705882353,2,25,23,"Austria","Woman",NA,"5-6","BSc","3-5 years","Bachelor's degree","Part-time","120",7,3,3,"Once",4,1,12,120,120,45,NA,56,NA,7,NA,NA,"petition",4,4,"tdmddbpq_7","25_2",0,"control",NA,NA,100,2.66666666666667,1.24444444444444,-64,35,140,4,6.66666666666667,450,534,11.8666666666667,720,0,1,74.1666666666667,0,85,23.3333333333333,NA,NA,0,5
5,"omy7uxz8",25,0,143,143,"questionnaire","ThankYou","2026-06-09 13:35:27.442889",30,"petition",12,1781013415.14801,"tdmddbpq",5,0,1,0,0,0,0,0,0,NA,"Petition (0 cost to you)",1,4,3,4,3,3,3,3,1,1,78.6764705882353,2,25,23,"Austria","Woman",NA,"5-6","BSc","3-5 years","Bachelor's degree","Part-time","120",7,3,3,"Once",5,1,12,120,120,45,NA,88,NA,7,NA,NA,"petition",5,5,"tdmddbpq_7","25_2",0,"control",NA,NA,100,2.66666666666667,1.95555555555556,-32,55,220,4,33.3333333333333,460,592,13.1555555555556,736,0,0,80.4347826086957,0,65,6.66666666666667,NA,NA,0,85
5,"omy7uxz8",25,0,143,143,"questionnaire","ThankYou","2026-06-09 13:35:27.442889",30,"petition",12,1781013415.14801,"tdmddbpq",5,0,1,0,0,0,0,0,0,NA,"Petition (0 cost to you)",1,4,3,4,3,3,3,3,1,1,78.6764705882353,2,25,23,"Austria","Woman",NA,"5-6","BSc","3-5 years","Bachelor's degree","Part-time","120",7,3,3,"Once",6,1,12,120,80,45,NA,120,NA,7,NA,NA,"petition",6,6,"tdmddbpq_7","25_2",0,"control",NA,NA,66.6666666666667,2.66666666666667,2.66666666666667,0,50,200,4,40,450,570,12.6666666666667,720,0,0,79.1666666666667,0,30,33.3333333333333,NA,NA,0,65
5,"omy7uxz8",25,0,143,143,"questionnaire","ThankYou","2026-06-09 13:35:27.442889",30,"petition",12,1781013415.14801,"tdmddbpq",5,0,1,0,0,0,0,0,0,NA,"Petition (0 cost to you)",1,4,3,4,3,3,3,3,1,1,78.6764705882353,2,25,23,"Austria","Woman",NA,"5-6","BSc","3-5 years","Bachelor's degree","Part-time","120",7,3,3,"Once",7,1,11,110,0,45,NA,142,NA,7,NA,NA,"petition",7,7,"tdmddbpq_7","25_2",0,"control",NA,NA,0,2.44444444444444,3.15555555555556,32,20,80,4,26.6666666666667,430,478,10.6222222222222,688,0,2,69.4767441860465,20,0,40,NA,NA,0,30
5,"omy7uxz8",25,0,143,143,"questionnaire","ThankYou","2026-06-09 13:35:27.442889",30,"petition",12,1781013415.14801,"tdmddbpq",5,0,1,0,0,0,0,0,0,NA,"Petition (0 cost to you)",1,4,3,4,3,3,3,3,1,1,78.6764705882353,2,25,23,"Austria","Woman",NA,"5-6","BSc","3-5 years","Bachelor's degree","Part-time","120",7,3,3,"Once",8,1,13,130,100,45,1,158,NA,7,4,0,"petition",8,1,"tdmddbpq_7","25_2",1,"petition",100,1,76.9230769230769,2.88888888888889,3.51111111111111,28,80,320,4,73.3333333333333,520,712,15.8222222222222,832,16,0,85.5769230769231,0,20,26.6666666666667,20,0,20,0
5,"omy7uxz8",25,0,143,143,"questionnaire","ThankYou","2026-06-09 13:35:27.442889",30,"petition",12,1781013415.14801,"tdmddbpq",5,0,1,0,0,0,0,0,0,NA,"Petition (0 cost to you)",1,4,3,4,3,3,3,3,1,1,78.6764705882353,2,25,23,"Austria","Woman",NA,"5-6","BSc","3-5 years","Bachelor's degree","Part-time","120",7,3,3,"Once",9,1,13,130,100,45,1,170,NA,7,4,0,"petition",9,2,"tdmddbpq_7","25_2",1,"petition",100,1,76.9230769230769,2.88888888888889,3.77777777777778,40,87.5,350,4,83.3333333333333,480,690,15.3333333333333,768,16,0,89.84375,0,12.5,73.3333333333333,0,20,0,20
5,"omy7uxz8",25,0,143,143,"questionnaire","ThankYou","2026-06-09 13:35:27.442889",30,"petition",12,1781013415.14801,"tdmddbpq",5,0,1,0,0,0,0,0,0,NA,"Petition (0 cost to you)",1,4,3,4,3,3,3,3,1,1,78.6764705882353,2,25,23,"Austria","Woman",NA,"5-6","BSc","3-5 years","Bachelor's degree","Part-time","120",7,3,3,"Once",10,1,14,140,90,45,1,186,NA,7,4,0,"petition",10,3,"tdmddbpq_7","25_2",1,"petition",100,1,64.2857142857143,3.11111111111111,4.13333333333333,46,85,340,4,83.3333333333333,490,694,15.4222222222222,784,16,0,88.5204081632653,0,5,83.3333333333333,0,12.5,0,12.5
5,"omy7uxz8",25,0,143,143,"questionnaire","ThankYou","2026-06-09 13:35:27.442889",30,"petition",12,1781013415.14801,"tdmddbpq",5,0,1,0,0,0,0,0,0,NA,"Petition (0 cost to you)",1,4,3,4,3,3,3,3,1,1,78.6764705882353,2,25,23,"Austria","Woman",NA,"5-6","BSc","3-5 years","Bachelor's degree","Part-time","120",7,3,3,"Once",11,1,15,150,90,45,1,212,NA,7,4,0,"petition",11,4,"tdmddbpq_7","25_2",1,"petition",100,1,60,3.33333333333333,4.71111111111111,62,95,380,4,96.6666666666667,520,748,16.6222222222222,832,16,0,89.9038461538462,5,0,83.3333333333333,0,5,0,5
5,"omy7uxz8",25,0,143,143,"questionnaire","ThankYou","2026-06-09 13:35:27.442889",30,"petition",12,1781013415.14801,"tdmddbpq",5,0,1,0,0,0,0,0,0,NA,"Petition (0 cost to you)",1,4,3,4,3,3,3,3,1,1,78.6764705882353,2,25,23,"Austria","Woman",NA,"5-6","BSc","3-5 years","Bachelor's degree","Part-time","120",7,3,3,"Once",12,1,14,140,100,45,1,200,NA,7,4,0,"petition",12,5,"tdmddbpq_7","25_2",1,"petition",100,1,71.4285714285714,3.11111111111111,4.44444444444444,60,100,400,4,100,530,770,17.1111111111111,848,16,0,90.8018867924528,0,0,96.6666666666667,5,0,5,0
5,"omy7uxz8",25,0,143,143,"questionnaire","ThankYou","2026-06-09 13:35:27.442889",30,"petition",12,1781013415.14801,"tdmddbpq",5,0,1,0,0,0,0,0,0,NA,"Petition (0 cost to you)",1,4,3,4,3,3,3,3,1,1,78.6764705882353,2,25,23,"Austria","Woman",NA,"5-6","BSc","3-5 years","Bachelor's degree","Part-time","120",7,3,3,"Once",13,1,14,140,90,45,1,218,NA,7,4,0,"petition",13,6,"tdmddbpq_7","25_2",1,"petition",100,1,64.2857142857143,3.11111111111111,4.84444444444444,78,105,420,4,110,520,772,17.1555555555556,832,16,0,92.7884615384615,15,0,100,0,0,0,0
5,"omy7uxz8",25,0,143,143,"questionnaire","ThankYou","2026-06-09 13:35:27.442889",30,"petition",12,1781013415.14801,"tdmddbpq",5,0,1,0,0,0,0,0,0,NA,"Petition (0 cost to you)",1,4,3,4,3,3,3,3,1,1,78.6764705882353,2,25,23,"Austria","Woman",NA,"5-6","BSc","3-5 years","Bachelor's degree","Part-time","120",7,3,3,"Once",14,1,13,130,0,45,1,186,NA,7,4,0,"petition",14,7,"tdmddbpq_7","25_2",1,"petition",100,1,0,2.88888888888889,4.13333333333333,56,35,140,4,46.6666666666667,490,574,12.7555555555556,784,16,2,73.2142857142857,35,0,110,15,0,15,0
13,"ozjziflj",21,0,38,143,"activism","WaitForResults","2026-06-09 08:45:00.717451",0,"petition",NA,NA,"ahosr93r",13,0,NA,NA,NA,NA,NA,NA,NA,NA,NA,NA,NA,NA,NA,NA,NA,NA,NA,1,1,41.5441176470588,1,21,20,"Austria","Man",NA,"1-2","BSc.","< 1 year","Secondary School","Part-time","300",6,4,2,"No",1,2,11,110,25,45,NA,119,21,7,NA,NA,"petition",1,1,"ahosr93r_7","21_1",0,"control",NA,NA,22.7272727272727,2.44444444444444,2.64444444444444,9,21.25,85,4,20,330,381,8.46666666666667,528,0,0,72.1590909090909,0,3.75,NA,NA,NA,NA,NA
13,"ozjziflj",21,0,38,143,"activism","WaitForResults","2026-06-09 08:45:00.717451",0,"petition",NA,NA,"ahosr93r",13,0,NA,NA,NA,NA,NA,NA,NA,NA,NA,NA,NA,NA,NA,NA,NA,NA,NA,1,1,41.5441176470588,1,21,20,"Austria","Man",NA,"1-2","BSc.","< 1 year","Secondary School","Part-time","300",6,4,2,"No",2,2,13,130,60,45,NA,126,NA,7,NA,NA,"petition",2,2,"ahosr93r_7","21_1",0,"control",NA,NA,46.1538461538462,2.88888888888889,2.8,-4,35,140,4,26.6666666666667,400,484,10.7555555555556,640,0,0,75.625,0,25,20,NA,NA,0,3.75
13,"ozjziflj",21,0,38,143,"activism","WaitForResults","2026-06-09 08:45:00.717451",0,"petition",NA,NA,"ahosr93r",13,0,NA,NA,NA,NA,NA,NA,NA,NA,NA,NA,NA,NA,NA,NA,NA,NA,NA,1,1,41.5441176470588,1,21,20,"Austria","Man",NA,"1-2","BSc.","< 1 year","Secondary School","Part-time","300",6,4,2,"No",3,2,15,150,30,45,NA,158,NA,7,NA,NA,"petition",3,3,"ahosr93r_7","21_1",0,"control",NA,NA,20,3.33333333333333,3.51111111111111,8,23.75,95,4,21.6666666666667,400,359,7.97777777777778,640,0,0,56.09375,0,6.25,26.6666666666667,NA,NA,0,25
9,"pj0tky4n",24,0,58,143,"activism","WaitForResults","2026-06-09 08:45:00.452987",0,"roadblock",NA,NA,"ahosr93r",9,0,NA,NA,NA,NA,NA,NA,NA,NA,NA,NA,NA,NA,NA,NA,NA,NA,NA,1,1,44.4852941176471,1,24,26,"Iran","Man","Economics","1-2","MSc.","3-5","BSc.","Part-time","300",7,2,8,"Regularly",1,3,2,20,10,45,NA,80,24,6,NA,NA,"roadblock",1,1,"ahosr93r_6","24_1",0,"control",NA,NA,50,0.444444444444444,1.77777777777778,60,43.75,175,4,55,300,405,9,480,0,0,84.375,33.75,0,NA,NA,NA,NA,NA
9,"pj0tky4n",24,0,58,143,"activism","WaitForResults","2026-06-09 08:45:00.452987",0,"roadblock",NA,NA,"ahosr93r",9,0,NA,NA,NA,NA,NA,NA,NA,NA,NA,NA,NA,NA,NA,NA,NA,NA,NA,1,1,44.4852941176471,1,24,26,"Iran","Man","Economics","1-2","MSc.","3-5","BSc.","Part-time","300",7,2,8,"Regularly",2,3,6,60,40,45,NA,116,NA,6,NA,NA,"roadblock",2,2,"ahosr93r_6","24_1",0,"control",NA,NA,66.6666666666667,1.33333333333333,2.57777777777778,56,60,240,4,66.6666666666667,360,504,11.2,576,0,0,87.5,20,0,55,NA,NA,33.75,0
9,"pj0tky4n",24,0,58,143,"activism","WaitForResults","2026-06-09 08:45:00.452987",0,"roadblock",NA,NA,"ahosr93r",9,0,NA,NA,NA,NA,NA,NA,NA,NA,NA,NA,NA,NA,NA,NA,NA,NA,NA,1,1,44.4852941176471,1,24,26,"Iran","Man","Economics","1-2","MSc.","3-5","BSc.","Part-time","300",7,2,8,"Regularly",3,3,9,90,0,45,NA,180,NA,6,NA,NA,"roadblock",3,3,"ahosr93r_6","24_1",0,"control",NA,NA,0,2,4,90,56.25,225,4,75,360,495,11,576,0,1,85.9375,56.25,0,66.6666666666667,NA,NA,20,0
9,"pj0tky4n",24,0,58,143,"activism","WaitForResults","2026-06-09 08:45:00.452987",0,"roadblock",NA,NA,"ahosr93r",9,0,NA,NA,NA,NA,NA,NA,NA,NA,NA,NA,NA,NA,NA,NA,NA,NA,NA,1,1,44.4852941176471,1,24,26,"Iran","Man","Economics","1-2","MSc.","3-5","BSc.","Part-time","300",7,2,8,"Regularly",4,3,8,80,10,45,NA,178,NA,6,NA,NA,"roadblock",4,4,"ahosr93r_6","24_1",0,"control",NA,NA,12.5,1.77777777777778,3.95555555555556,98,67.5,270,4,86.6666666666667,400,562,12.4888888888889,640,0,0,87.8125,57.5,0,75,NA,NA,56.25,0
9,"pj0tky4n",24,0,58,143,"activism","WaitForResults","2026-06-09 08:45:00.452987",0,"roadblock",NA,NA,"ahosr93r",9,0,NA,NA,NA,NA,NA,NA,NA,NA,NA,NA,NA,NA,NA,NA,NA,NA,NA,1,1,44.4852941176471,1,24,26,"Iran","Man","Economics","1-2","MSc.","3-5","BSc.","Part-time","300",7,2,8,"Regularly",5,3,10,100,0,45,NA,140,NA,6,NA,NA,"roadblock",5,5,"ahosr93r_6","24_1",0,"control",NA,NA,0,2.22222222222222,3.11111111111111,40,25,100,4,33.3333333333333,370,430,9.55555555555556,592,0,2,72.6351351351351,25,0,86.6666666666667,NA,NA,57.5,0
28,"r3xrntnr",20,0,143,143,"questionnaire","ThankYou","2026-06-09 13:35:38.867208",21.9,"petition",14,1781013374.86795,"tdmddbpq",28,0,1,0,0,0,1,0,0,NA,"Petition (0 cost to you)",1,3,2,5,5,2,3,1,1,1,78.6764705882353,2,20,22,"Austria","Man","Business Administration","5-6","BSc","<1 year","Bachelor's degree","In education studying","200",4,5,3,"No",1,1,9,90,20,45,NA,126,20,4,NA,NA,"petition",1,1,"tdmddbpq_4","20_2",0,"control",NA,NA,22.2222222222222,2,2.8,36,35,140,4,40,300,384,8.53333333333333,480,0,0,80,15,0,NA,NA,NA,NA,NA
28,"r3xrntnr",20,0,143,143,"questionnaire","ThankYou","2026-06-09 13:35:38.867208",21.9,"petition",14,1781013374.86795,"tdmddbpq",28,0,1,0,0,0,1,0,0,NA,"Petition (0 cost to you)",1,3,2,5,5,2,3,1,1,1,78.6764705882353,2,20,22,"Austria","Man","Business Administration","5-6","BSc","<1 year","Bachelor's degree","In education studying","200",4,5,3,"No",2,1,11,110,30,45,NA,156,NA,4,NA,NA,"petition",2,2,"tdmddbpq_4","20_2",0,"control",NA,NA,27.2727272727273,2.44444444444444,3.46666666666667,46,47.5,190,4,53.3333333333333,360,474,10.5333333333333,576,0,0,82.2916666666667,17.5,0,40,NA,NA,15,0
28,"r3xrntnr",20,0,143,143,"questionnaire","ThankYou","2026-06-09 13:35:38.867208",21.9,"petition",14,1781013374.86795,"tdmddbpq",28,0,1,0,0,0,1,0,0,NA,"Petition (0 cost to you)",1,3,2,5,5,2,3,1,1,1,78.6764705882353,2,20,22,"Austria","Man","Business Administration","5-6","BSc","<1 year","Bachelor's degree","In education studying","200",4,5,3,"No",3,1,8,80,15,45,NA,113,NA,4,NA,NA,"petition",3,3,"tdmddbpq_4","20_2",0,"control",NA,NA,18.75,1.77777777777778,2.51111111111111,33,30,120,4,35,290,362,8.04444444444444,464,0,0,78.0172413793103,15,0,53.3333333333333,NA,NA,17.5,0
28,"r3xrntnr",20,0,143,143,"questionnaire","ThankYou","2026-06-09 13:35:38.867208",21.9,"petition",14,1781013374.86795,"tdmddbpq",28,0,1,0,0,0,1,0,0,NA,"Petition (0 cost to you)",1,3,2,5,5,2,3,1,1,1,78.6764705882353,2,20,22,"Austria","Man","Business Administration","5-6","BSc","<1 year","Bachelor's degree","In education studying","200",4,5,3,"No",4,1,11,110,20,45,NA,146,NA,4,NA,NA,"petition",4,4,"tdmddbpq_4","20_2",0,"control",NA,NA,18.1818181818182,2.44444444444444,3.24444444444444,36,35,140,4,40,350,434,9.64444444444444,560,0,0,77.5,15,0,35,NA,NA,15,0
28,"r3xrntnr",20,0,143,143,"questionnaire","ThankYou","2026-06-09 13:35:38.867208",21.9,"petition",14,1781013374.86795,"tdmddbpq",28,0,1,0,0,0,1,0,0,NA,"Petition (0 cost to you)",1,3,2,5,5,2,3,1,1,1,78.6764705882353,2,20,22,"Austria","Man","Business Administration","5-6","BSc","<1 year","Bachelor's degree","In education studying","200",4,5,3,"No",5,1,11,110,20,45,NA,144,NA,4,NA,NA,"petition",5,5,"tdmddbpq_4","20_2",0,"control",NA,NA,18.1818181818182,2.44444444444444,3.2,34,33.75,135,4,38.3333333333333,350,431,9.57777777777778,560,0,0,76.9642857142857,13.75,0,40,NA,NA,15,0
28,"r3xrntnr",20,0,143,143,"questionnaire","ThankYou","2026-06-09 13:35:38.867208",21.9,"petition",14,1781013374.86795,"tdmddbpq",28,0,1,0,0,0,1,0,0,NA,"Petition (0 cost to you)",1,3,2,5,5,2,3,1,1,1,78.6764705882353,2,20,22,"Austria","Man","Business Administration","5-6","BSc","<1 year","Bachelor's degree","In education studying","200",4,5,3,"No",6,1,8,80,0,45,NA,112,NA,4,NA,NA,"petition",6,6,"tdmddbpq_4","20_2",0,"control",NA,NA,0,1.77777777777778,2.48888888888889,32,20,80,4,26.6666666666667,310,358,7.95555555555556,496,0,1,72.1774193548387,20,0,38.3333333333333,NA,NA,13.75,0
28,"r3xrntnr",20,0,143,143,"questionnaire","ThankYou","2026-06-09 13:35:38.867208",21.9,"petition",14,1781013374.86795,"tdmddbpq",28,0,1,0,0,0,1,0,0,NA,"Petition (0 cost to you)",1,3,2,5,5,2,3,1,1,1,78.6764705882353,2,20,22,"Austria","Man","Business Administration","5-6","BSc","<1 year","Bachelor's degree","In education studying","200",4,5,3,"No",7,1,10,100,10,45,NA,124,NA,4,NA,NA,"petition",7,7,"tdmddbpq_4","20_2",0,"control",NA,NA,10,2.22222222222222,2.75555555555556,24,21.25,85,4,25,340,391,8.68888888888889,544,0,0,71.875,11.25,0,26.6666666666667,NA,NA,20,0
28,"r3xrntnr",20,0,143,143,"questionnaire","ThankYou","2026-06-09 13:35:38.867208",21.9,"petition",14,1781013374.86795,"tdmddbpq",28,0,1,0,0,0,1,0,0,NA,"Petition (0 cost to you)",1,3,2,5,5,2,3,1,1,1,78.6764705882353,2,20,22,"Austria","Man","Business Administration","5-6","BSc","<1 year","Bachelor's degree","In education studying","200",4,5,3,"No",8,1,10,100,20,45,1,134,NA,4,4,0,"petition",8,1,"tdmddbpq_4","20_2",1,"petition",100,1,20,2.22222222222222,2.97777777777778,34,33.75,135,4,38.3333333333333,370,451,10.0222222222222,592,16,0,76.1824324324324,13.75,0,25,11.25,0,11.25,0
28,"r3xrntnr",20,0,143,143,"questionnaire","ThankYou","2026-06-09 13:35:38.867208",21.9,"petition",14,1781013374.86795,"tdmddbpq",28,0,1,0,0,0,1,0,0,NA,"Petition (0 cost to you)",1,3,2,5,5,2,3,1,1,1,78.6764705882353,2,20,22,"Austria","Man","Business Administration","5-6","BSc","<1 year","Bachelor's degree","In education studying","200",4,5,3,"No",9,1,9,90,10,45,1,122,NA,4,4,0,"petition",9,2,"tdmddbpq_4","20_2",1,"petition",100,1,11.1111111111111,2,2.71111111111111,32,26.25,105,4,31.6666666666667,340,403,8.95555555555556,544,16,0,74.0808823529412,16.25,0,38.3333333333333,13.75,0,13.75,0
28,"r3xrntnr",20,0,143,143,"questionnaire","ThankYou","2026-06-09 13:35:38.867208",21.9,"petition",14,1781013374.86795,"tdmddbpq",28,0,1,0,0,0,1,0,0,NA,"Petition (0 cost to you)",1,3,2,5,5,2,3,1,1,1,78.6764705882353,2,20,22,"Austria","Man","Business Administration","5-6","BSc","<1 year","Bachelor's degree","In education studying","200",4,5,3,"No",10,1,10,100,20,45,1,112,NA,4,4,0,"petition",10,3,"tdmddbpq_4","20_2",1,"petition",100,1,20,2.22222222222222,2.48888888888889,12,20,80,4,20,350,398,8.84444444444444,560,16,0,71.0714285714286,0,0,31.6666666666667,16.25,0,16.25,0
28,"r3xrntnr",20,0,143,143,"questionnaire","ThankYou","2026-06-09 13:35:38.867208",21.9,"petition",14,1781013374.86795,"tdmddbpq",28,0,1,0,0,0,1,0,0,NA,"Petition (0 cost to you)",1,3,2,5,5,2,3,1,1,1,78.6764705882353,2,20,22,"Austria","Man","Business Administration","5-6","BSc","<1 year","Bachelor's degree","In education studying","200",4,5,3,"No",11,1,12,120,20,45,1,128,NA,4,3,0,"petition",11,4,"tdmddbpq_4","20_2",1,"petition",75,1,16.6666666666667,2.66666666666667,2.84444444444444,8,17.5,70,4,16.6666666666667,360,402,8.93333333333333,576,12,1,69.7916666666667,0,2.5,20,0,0,0,0
28,"r3xrntnr",20,0,143,143,"questionnaire","ThankYou","2026-06-09 13:35:38.867208",21.9,"petition",14,1781013374.86795,"tdmddbpq",28,0,1,0,0,0,1,0,0,NA,"Petition (0 cost to you)",1,3,2,5,5,2,3,1,1,1,78.6764705882353,2,20,22,"Austria","Man","Business Administration","5-6","BSc","<1 year","Bachelor's degree","In education studying","200",4,5,3,"No",12,1,11,110,10,45,0,126,NA,4,3,0,"petition",12,5,"tdmddbpq_4","20_2",1,"petition",75,1,9.09090909090909,2.44444444444444,2.8,16,16.25,65,4,18.3333333333333,350,389,8.64444444444444,560,12,0,69.4642857142857,6.25,0,16.6666666666667,0,2.5,0,2.5
28,"r3xrntnr",20,0,143,143,"questionnaire","ThankYou","2026-06-09 13:35:38.867208",21.9,"petition",14,1781013374.86795,"tdmddbpq",28,0,1,0,0,0,1,0,0,NA,"Petition (0 cost to you)",1,3,2,5,5,2,3,1,1,1,78.6764705882353,2,20,22,"Austria","Man","Business Administration","5-6","BSc","<1 year","Bachelor's degree","In education studying","200",4,5,3,"No",13,1,12,120,20,45,1,140,NA,4,4,0,"petition",13,6,"tdmddbpq_4","20_2",1,"petition",100,1,16.6666666666667,2.66666666666667,3.11111111111111,20,25,100,4,26.6666666666667,350,410,9.11111111111111,560,16,0,73.2142857142857,5,0,18.3333333333333,6.25,0,6.25,0
28,"r3xrntnr",20,0,143,143,"questionnaire","ThankYou","2026-06-09 13:35:38.867208",21.9,"petition",14,1781013374.86795,"tdmddbpq",28,0,1,0,0,0,1,0,0,NA,"Petition (0 cost to you)",1,3,2,5,5,2,3,1,1,1,78.6764705882353,2,20,22,"Austria","Man","Business Administration","5-6","BSc","<1 year","Bachelor's degree","In education studying","200",4,5,3,"No",14,1,13,130,30,45,1,146,NA,4,4,0,"petition",14,7,"tdmddbpq_4","20_2",1,"petition",100,1,23.0769230769231,2.88888888888889,3.24444444444444,16,28.75,115,4,28.3333333333333,390,459,10.2,624,16,0,73.5576923076923,0,1.25,26.6666666666667,5,0,5,0
1,"r6cd7e3m",28,0,143,143,"questionnaire","ThankYou","2026-06-09 13:35:26.336893",19.5,"petition",9,1781013278.51127,"tdmddbpq",1,0,0,1,0,0,0,0,0,NA,"Petition (0 cost to you)",4,2,3,3,3,3,4,2,1,1,78.6764705882353,2,28,19,"Slovakian","Woman","WISO","1-2","BSc","<1 year","Secondary school","In education studying","200",5,6,8,"Once",1,3,10,100,33,45,NA,128.2,28,1,NA,NA,"petition",1,1,"tdmddbpq_1","28_2",0,"control",NA,NA,33,2.22222222222222,2.84888888888889,28.2,38.25,153,4,40,400,491.8,10.9288888888889,640,0,2,76.84375,5.25,0,NA,NA,NA,NA,NA
1,"r6cd7e3m",28,0,143,143,"questionnaire","ThankYou","2026-06-09 13:35:26.336893",19.5,"petition",9,1781013278.51127,"tdmddbpq",1,0,0,1,0,0,0,0,0,NA,"Petition (0 cost to you)",4,2,3,3,3,3,4,2,1,1,78.6764705882353,2,28,19,"Slovakian","Woman","WISO","1-2","BSc","<1 year","Secondary school","In education studying","200",5,6,8,"Once",2,3,12,120,20,45,NA,108,NA,1,NA,NA,"petition",2,2,"tdmddbpq_1","28_2",0,"control",NA,NA,16.6666666666667,2.66666666666667,2.4,-12,5,20,4,0,490,502,11.1555555555556,784,0,3,64.030612244898,0,15,40,NA,NA,5.25,0
1,"r6cd7e3m",28,0,143,143,"questionnaire","ThankYou","2026-06-09 13:35:26.336893",19.5,"petition",9,1781013278.51127,"tdmddbpq",1,0,0,1,0,0,0,0,0,NA,"Petition (0 cost to you)",4,2,3,3,3,3,4,2,1,1,78.6764705882353,2,28,19,"Slovakian","Woman","WISO","1-2","BSc","<1 year","Secondary school","In education studying","200",5,6,8,"Once",3,3,11,110,0,45,NA,118,NA,1,NA,NA,"petition",3,3,"tdmddbpq_1","28_2",0,"control",NA,NA,0,2.44444444444444,2.62222222222222,8,5,20,4,6.66666666666667,420,432,9.6,672,0,3,64.2857142857143,5,0,0,NA,NA,0,15
1,"r6cd7e3m",28,0,143,143,"questionnaire","ThankYou","2026-06-09 13:35:26.336893",19.5,"petition",9,1781013278.51127,"tdmddbpq",1,0,0,1,0,0,0,0,0,NA,"Petition (0 cost to you)",4,2,3,3,3,3,4,2,1,1,78.6764705882353,2,28,19,"Slovakian","Woman","WISO","1-2","BSc","<1 year","Secondary school","In education studying","200",5,6,8,"Once",4,3,10,100,0,45,NA,100,NA,1,NA,NA,"petition",4,4,"tdmddbpq_1","28_2",0,"control",NA,NA,0,2.22222222222222,2.22222222222222,0,0,0,4,0,430,430,9.55555555555556,688,0,4,62.5,0,0,6.66666666666667,NA,NA,5,0
1,"r6cd7e3m",28,0,143,143,"questionnaire","ThankYou","2026-06-09 13:35:26.336893",19.5,"petition",9,1781013278.51127,"tdmddbpq",1,0,0,1,0,0,0,0,0,NA,"Petition (0 cost to you)",4,2,3,3,3,3,4,2,1,1,78.6764705882353,2,28,19,"Slovakian","Woman","WISO","1-2","BSc","<1 year","Secondary school","In education studying","200",5,6,8,"Once",5,3,10,100,0,45,NA,100,NA,1,NA,NA,"petition",5,5,"tdmddbpq_1","28_2",0,"control",NA,NA,0,2.22222222222222,2.22222222222222,0,0,0,4,0,490,490,10.8888888888889,784,0,4,62.5,0,0,0,NA,NA,0,0
1,"r6cd7e3m",28,0,143,143,"questionnaire","ThankYou","2026-06-09 13:35:26.336893",19.5,"petition",9,1781013278.51127,"tdmddbpq",1,0,0,1,0,0,0,0,0,NA,"Petition (0 cost to you)",4,2,3,3,3,3,4,2,1,1,78.6764705882353,2,28,19,"Slovakian","Woman","WISO","1-2","BSc","<1 year","Secondary school","In education studying","200",5,6,8,"Once",6,3,10,100,0,45,NA,100,NA,1,NA,NA,"petition",6,6,"tdmddbpq_1","28_2",0,"control",NA,NA,0,2.22222222222222,2.22222222222222,0,0,0,4,0,450,450,10,720,0,4,62.5,0,0,0,NA,NA,0,0
1,"r6cd7e3m",28,0,143,143,"questionnaire","ThankYou","2026-06-09 13:35:26.336893",19.5,"petition",9,1781013278.51127,"tdmddbpq",1,0,0,1,0,0,0,0,0,NA,"Petition (0 cost to you)",4,2,3,3,3,3,4,2,1,1,78.6764705882353,2,28,19,"Slovakian","Woman","WISO","1-2","BSc","<1 year","Secondary school","In education studying","200",5,6,8,"Once",7,3,10,100,0,45,NA,100,NA,1,NA,NA,"petition",7,7,"tdmddbpq_1","28_2",0,"control",NA,NA,0,2.22222222222222,2.22222222222222,0,0,0,4,0,440,440,9.77777777777778,704,0,4,62.5,0,0,0,NA,NA,0,0
1,"r6cd7e3m",28,0,143,143,"questionnaire","ThankYou","2026-06-09 13:35:26.336893",19.5,"petition",9,1781013278.51127,"tdmddbpq",1,0,0,1,0,0,0,0,0,NA,"Petition (0 cost to you)",4,2,3,3,3,3,4,2,1,1,78.6764705882353,2,28,19,"Slovakian","Woman","WISO","1-2","BSc","<1 year","Secondary school","In education studying","200",5,6,8,"Once",8,3,12,120,0,45,0,186,NA,1,3,0,"petition",8,1,"tdmddbpq_1","28_2",1,"petition",75,1,0,2.66666666666667,4.13333333333333,66,41.25,165,4,55,500,599,13.3111111111111,800,12,1,74.875,41.25,0,0,0,0,0,0
1,"r6cd7e3m",28,0,143,143,"questionnaire","ThankYou","2026-06-09 13:35:26.336893",19.5,"petition",9,1781013278.51127,"tdmddbpq",1,0,0,1,0,0,0,0,0,NA,"Petition (0 cost to you)",4,2,3,3,3,3,4,2,1,1,78.6764705882353,2,28,19,"Slovakian","Woman","WISO","1-2","BSc","<1 year","Secondary school","In education studying","200",5,6,8,"Once",9,3,13,130,30,45,1,130,NA,1,3,0,"petition",9,2,"tdmddbpq_1","28_2",1,"petition",75,1,23.0769230769231,2.88888888888889,2.88888888888889,0,18.75,75,4,15,460,505,11.2222222222222,736,12,1,68.6141304347826,0,11.25,55,41.25,0,41.25,0
1,"r6cd7e3m",28,0,143,143,"questionnaire","ThankYou","2026-06-09 13:35:26.336893",19.5,"petition",9,1781013278.51127,"tdmddbpq",1,0,0,1,0,0,0,0,0,NA,"Petition (0 cost to you)",4,2,3,3,3,3,4,2,1,1,78.6764705882353,2,28,19,"Slovakian","Woman","WISO","1-2","BSc","<1 year","Secondary school","In education studying","200",5,6,8,"Once",10,3,12,120,30,45,1,116,NA,1,3,0,"petition",10,3,"tdmddbpq_1","28_2",1,"petition",75,1,25,2.66666666666667,2.57777777777778,-4,16.25,65,4,11.6666666666667,490,529,11.7555555555556,784,12,1,67.4744897959184,0,13.75,15,0,11.25,0,11.25
1,"r6cd7e3m",28,0,143,143,"questionnaire","ThankYou","2026-06-09 13:35:26.336893",19.5,"petition",9,1781013278.51127,"tdmddbpq",1,0,0,1,0,0,0,0,0,NA,"Petition (0 cost to you)",4,2,3,3,3,3,4,2,1,1,78.6764705882353,2,28,19,"Slovakian","Woman","WISO","1-2","BSc","<1 year","Secondary school","In education studying","200",5,6,8,"Once",11,3,13,130,20,45,1,138,NA,1,3,0,"petition",11,4,"tdmddbpq_1","28_2",1,"petition",75,1,15.3846153846154,2.88888888888889,3.06666666666667,8,17.5,70,4,16.6666666666667,540,582,12.9333333333333,864,12,1,67.3611111111111,0,2.5,11.6666666666667,0,13.75,0,13.75
1,"r6cd7e3m",28,0,143,143,"questionnaire","ThankYou","2026-06-09 13:35:26.336893",19.5,"petition",9,1781013278.51127,"tdmddbpq",1,0,0,1,0,0,0,0,0,NA,"Petition (0 cost to you)",4,2,3,3,3,3,4,2,1,1,78.6764705882353,2,28,19,"Slovakian","Woman","WISO","1-2","BSc","<1 year","Secondary school","In education studying","200",5,6,8,"Once",12,3,11,110,20,45,1,110,NA,1,3,0,"petition",12,5,"tdmddbpq_1","28_2",1,"petition",75,1,18.1818181818182,2.44444444444444,2.44444444444444,0,12.5,50,4,10,510,540,12,816,12,1,66.1764705882353,0,7.5,16.6666666666667,0,2.5,0,2.5
1,"r6cd7e3m",28,0,143,143,"questionnaire","ThankYou","2026-06-09 13:35:26.336893",19.5,"petition",9,1781013278.51127,"tdmddbpq",1,0,0,1,0,0,0,0,0,NA,"Petition (0 cost to you)",4,2,3,3,3,3,4,2,1,1,78.6764705882353,2,28,19,"Slovakian","Woman","WISO","1-2","BSc","<1 year","Secondary school","In education studying","200",5,6,8,"Once",13,3,12,120,20,45,1,126,NA,1,3,0,"petition",13,6,"tdmddbpq_1","28_2",1,"petition",75,1,16.6666666666667,2.66666666666667,2.8,6,16.25,65,4,15,500,539,11.9777777777778,800,12,1,67.375,0,3.75,10,0,7.5,0,7.5
1,"r6cd7e3m",28,0,143,143,"questionnaire","ThankYou","2026-06-09 13:35:26.336893",19.5,"petition",9,1781013278.51127,"tdmddbpq",1,0,0,1,0,0,0,0,0,NA,"Petition (0 cost to you)",4,2,3,3,3,3,4,2,1,1,78.6764705882353,2,28,19,"Slovakian","Woman","WISO","1-2","BSc","<1 year","Secondary school","In education studying","200",5,6,8,"Once",14,3,14,140,0,45,1,148,NA,1,3,0,"petition",14,7,"tdmddbpq_1","28_2",1,"petition",75,1,0,3.11111111111111,3.28888888888889,8,5,20,4,6.66666666666667,540,552,12.2666666666667,864,12,3,63.8888888888889,5,0,15,0,3.75,0,3.75
20,"re1bvtsn",8,0,143,143,"questionnaire","ThankYou","2026-06-09 13:35:28.829410",18.84,"roadblock",13,1781013205.03333,"tdmddbpq",20,0,0,0,0,0,1,0,0,NA,"Petition (0 cost to you)",3,3,2,5,2,4,4,1,1,1,78.6764705882353,2,8,22,"Ukraine","Woman","Business Administration","7-8","BSc","<1 year","Bachelor's degree","Not employed",NA,3,6,7,"No",1,3,12,120,0,45,NA,136.4,8,3,NA,NA,"roadblock",1,1,"tdmddbpq_3","8_2",0,"control",NA,NA,0,2.66666666666667,3.03111111111111,16.4,10.25,41,4,13.6666666666667,440,464.6,10.3244444444444,704,0,1,65.9943181818182,10.25,0,NA,NA,NA,NA,NA
20,"re1bvtsn",8,0,143,143,"questionnaire","ThankYou","2026-06-09 13:35:28.829410",18.84,"roadblock",13,1781013205.03333,"tdmddbpq",20,0,0,0,0,0,1,0,0,NA,"Petition (0 cost to you)",3,3,2,5,2,4,4,1,1,1,78.6764705882353,2,8,22,"Ukraine","Woman","Business Administration","7-8","BSc","<1 year","Bachelor's degree","Not employed",NA,3,6,7,"No",2,3,12,120,0,45,NA,137.2,NA,3,NA,NA,"roadblock",2,2,"tdmddbpq_3","8_2",0,"control",NA,NA,0,2.66666666666667,3.04888888888889,17.2,10.75,43,4,14.3333333333333,460,485.8,10.7955555555556,736,0,1,66.0054347826087,10.75,0,13.6666666666667,NA,NA,10.25,0
20,"re1bvtsn",8,0,143,143,"questionnaire","ThankYou","2026-06-09 13:35:28.829410",18.84,"roadblock",13,1781013205.03333,"tdmddbpq",20,0,0,0,0,0,1,0,0,NA,"Petition (0 cost to you)",3,3,2,5,2,4,4,1,1,1,78.6764705882353,2,8,22,"Ukraine","Woman","Business Administration","7-8","BSc","<1 year","Bachelor's degree","Not employed",NA,3,6,7,"No",3,3,13,130,0,45,NA,148.8,NA,3,NA,NA,"roadblock",3,3,"tdmddbpq_3","8_2",0,"control",NA,NA,0,2.88888888888889,3.30666666666667,18.8,11.75,47,4,15.6666666666667,520,548.2,12.1822222222222,832,0,1,65.8894230769231,11.75,0,14.3333333333333,NA,NA,10.75,0
20,"re1bvtsn",8,0,143,143,"questionnaire","ThankYou","2026-06-09 13:35:28.829410",18.84,"roadblock",13,1781013205.03333,"tdmddbpq",20,0,0,0,0,0,1,0,0,NA,"Petition (0 cost to you)",3,3,2,5,2,4,4,1,1,1,78.6764705882353,2,8,22,"Ukraine","Woman","Business Administration","7-8","BSc","<1 year","Bachelor's degree","Not employed",NA,3,6,7,"No",4,3,11,110,0,45,NA,123.6,NA,3,NA,NA,"roadblock",4,4,"tdmddbpq_3","8_2",0,"control",NA,NA,0,2.44444444444444,2.74666666666667,13.6,8.5,34,4,11.3333333333333,400,420.4,9.34222222222222,640,0,1,65.6875,8.5,0,15.6666666666667,NA,NA,11.75,0
20,"re1bvtsn",8,0,143,143,"questionnaire","ThankYou","2026-06-09 13:35:28.829410",18.84,"roadblock",13,1781013205.03333,"tdmddbpq",20,0,0,0,0,0,1,0,0,NA,"Petition (0 cost to you)",3,3,2,5,2,4,4,1,1,1,78.6764705882353,2,8,22,"Ukraine","Woman","Business Administration","7-8","BSc","<1 year","Bachelor's degree","Not employed",NA,3,6,7,"No",5,3,14,140,0,45,NA,152.4,NA,3,NA,NA,"roadblock",5,5,"tdmddbpq_3","8_2",0,"control",NA,NA,0,3.11111111111111,3.38666666666667,12.4,7.75,31,4,10.3333333333333,430,448.6,9.96888888888889,688,0,2,65.203488372093,7.75,0,11.3333333333333,NA,NA,8.5,0
20,"re1bvtsn",8,0,143,143,"questionnaire","ThankYou","2026-06-09 13:35:28.829410",18.84,"roadblock",13,1781013205.03333,"tdmddbpq",20,0,0,0,0,0,1,0,0,NA,"Petition (0 cost to you)",3,3,2,5,2,4,4,1,1,1,78.6764705882353,2,8,22,"Ukraine","Woman","Business Administration","7-8","BSc","<1 year","Bachelor's degree","Not employed",NA,3,6,7,"No",6,3,12,120,0,45,NA,133.2,NA,3,NA,NA,"roadblock",6,6,"tdmddbpq_3","8_2",0,"control",NA,NA,0,2.66666666666667,2.96,13.2,8.25,33,4,11,460,479.8,10.6622222222222,736,0,1,65.1902173913043,8.25,0,10.3333333333333,NA,NA,7.75,0
20,"re1bvtsn",8,0,143,143,"questionnaire","ThankYou","2026-06-09 13:35:28.829410",18.84,"roadblock",13,1781013205.03333,"tdmddbpq",20,0,0,0,0,0,1,0,0,NA,"Petition (0 cost to you)",3,3,2,5,2,4,4,1,1,1,78.6764705882353,2,8,22,"Ukraine","Woman","Business Administration","7-8","BSc","<1 year","Bachelor's degree","Not employed",NA,3,6,7,"No",7,3,12,120,0,45,NA,136,NA,3,NA,NA,"roadblock",7,7,"tdmddbpq_3","8_2",0,"control",NA,NA,0,2.66666666666667,3.02222222222222,16,10,40,4,13.3333333333333,420,444,9.86666666666667,672,0,2,66.0714285714286,10,0,11,NA,NA,8.25,0
20,"re1bvtsn",8,0,143,143,"questionnaire","ThankYou","2026-06-09 13:35:28.829410",18.84,"roadblock",13,1781013205.03333,"tdmddbpq",20,0,0,0,0,0,1,0,0,NA,"Petition (0 cost to you)",3,3,2,5,2,4,4,1,1,1,78.6764705882353,2,8,22,"Ukraine","Woman","Business Administration","7-8","BSc","<1 year","Bachelor's degree","Not employed",NA,3,6,7,"No",8,3,12,120,0,40,0,132.4,NA,3,2,2,"roadblock",8,1,"tdmddbpq_3","8_2",1,"roadblock",50,1,0,3,3.31,12.4,7.75,31,4,10.3333333333333,410,428.6,10.715,656,8,1,65.3353658536585,7.75,0,13.3333333333333,10,0,10,0
20,"re1bvtsn",8,0,143,143,"questionnaire","ThankYou","2026-06-09 13:35:28.829410",18.84,"roadblock",13,1781013205.03333,"tdmddbpq",20,0,0,0,0,0,1,0,0,NA,"Petition (0 cost to you)",3,3,2,5,2,4,4,1,1,1,78.6764705882353,2,8,22,"Ukraine","Woman","Business Administration","7-8","BSc","<1 year","Bachelor's degree","Not employed",NA,3,6,7,"No",9,3,13,130,0,40,0,142,NA,3,2,2,"roadblock",9,2,"tdmddbpq_3","8_2",1,"roadblock",50,1,0,3.25,3.55,12,7.5,30,4,10,420,438,10.95,672,8,1,65.1785714285714,7.5,0,10.3333333333333,7.75,0,7.75,0
20,"re1bvtsn",8,0,143,143,"questionnaire","ThankYou","2026-06-09 13:35:28.829410",18.84,"roadblock",13,1781013205.03333,"tdmddbpq",20,0,0,0,0,0,1,0,0,NA,"Petition (0 cost to you)",3,3,2,5,2,4,4,1,1,1,78.6764705882353,2,8,22,"Ukraine","Woman","Business Administration","7-8","BSc","<1 year","Bachelor's degree","Not employed",NA,3,6,7,"No",10,3,10,100,0,40,0,110.4,NA,3,1,1,"roadblock",10,3,"tdmddbpq_3","8_2",1,"roadblock",25,1,0,2.5,2.76,10.4,6.5,26,4,8.66666666666667,390,405.6,10.14,624,4,1,65,6.5,0,10,7.5,0,7.5,0
20,"re1bvtsn",8,0,143,143,"questionnaire","ThankYou","2026-06-09 13:35:28.829410",18.84,"roadblock",13,1781013205.03333,"tdmddbpq",20,0,0,0,0,0,1,0,0,NA,"Petition (0 cost to you)",3,3,2,5,2,4,4,1,1,1,78.6764705882353,2,8,22,"Ukraine","Woman","Business Administration","7-8","BSc","<1 year","Bachelor's degree","Not employed",NA,3,6,7,"No",11,3,13,130,0,40,0,138.4,NA,3,1,1,"roadblock",11,4,"tdmddbpq_3","8_2",1,"roadblock",25,1,0,3.25,3.46,8.40000000000001,5.25,21,4,7,430,442.6,11.065,688,4,1,64.3313953488372,5.25,0,8.66666666666667,6.5,0,6.5,0
20,"re1bvtsn",8,0,143,143,"questionnaire","ThankYou","2026-06-09 13:35:28.829410",18.84,"roadblock",13,1781013205.03333,"tdmddbpq",20,0,0,0,0,0,1,0,0,NA,"Petition (0 cost to you)",3,3,2,5,2,4,4,1,1,1,78.6764705882353,2,8,22,"Ukraine","Woman","Business Administration","7-8","BSc","<1 year","Bachelor's degree","Not employed",NA,3,6,7,"No",12,3,11,110,0,40,0,116.4,NA,3,1,1,"roadblock",12,5,"tdmddbpq_3","8_2",1,"roadblock",25,1,0,2.75,2.91,6.40000000000001,4,16,4,5.33333333333333,400,409.6,10.24,640,4,1,64,4,0,7,5.25,0,5.25,0
20,"re1bvtsn",8,0,143,143,"questionnaire","ThankYou","2026-06-09 13:35:28.829410",18.84,"roadblock",13,1781013205.03333,"tdmddbpq",20,0,0,0,0,0,1,0,0,NA,"Petition (0 cost to you)",3,3,2,5,2,4,4,1,1,1,78.6764705882353,2,8,22,"Ukraine","Woman","Business Administration","7-8","BSc","<1 year","Bachelor's degree","Not employed",NA,3,6,7,"No",13,3,12,120,0,40,0,125.6,NA,3,2,2,"roadblock",13,6,"tdmddbpq_3","8_2",1,"roadblock",50,1,0,3,3.14,5.59999999999999,3.5,14,4,4.66666666666667,400,408.4,10.21,640,8,1,63.8125,3.5,0,5.33333333333333,4,0,4,0
20,"re1bvtsn",8,0,143,143,"questionnaire","ThankYou","2026-06-09 13:35:28.829410",18.84,"roadblock",13,1781013205.03333,"tdmddbpq",20,0,0,0,0,0,1,0,0,NA,"Petition (0 cost to you)",3,3,2,5,2,4,4,1,1,1,78.6764705882353,2,8,22,"Ukraine","Woman","Business Administration","7-8","BSc","<1 year","Bachelor's degree","Not employed",NA,3,6,7,"No",14,3,12,120,0,40,0,126.4,NA,3,2,2,"roadblock",14,7,"tdmddbpq_3","8_2",1,"roadblock",50,1,0,3,3.16,6.40000000000001,4,16,4,5.33333333333333,430,439.6,10.99,688,8,1,63.8953488372093,4,0,4.66666666666667,3.5,0,3.5,0
14,"s4fdfqql",23,0,78,143,"activism","WaitForResults","2026-06-09 13:35:28.285298",0,"roadblock",NA,NA,"tdmddbpq",14,0,NA,NA,NA,NA,NA,NA,NA,NA,NA,NA,NA,NA,NA,NA,NA,NA,NA,1,1,51.4705882352941,2,23,24,"Slovakian","Woman",NA,"1-2","BSc","3-5 years","Vocational training/apprenticeship","Part-time","500",3,6,7,"Once",1,3,5,50,30,45,NA,86,23,6,NA,NA,"roadblock",1,1,"tdmddbpq_6","23_2",0,"control",NA,NA,60,1.11111111111111,1.91111111111111,36,41.25,165,4,45,370,469,10.4222222222222,592,0,0,79.222972972973,11.25,0,NA,NA,NA,NA,NA
14,"s4fdfqql",23,0,78,143,"activism","WaitForResults","2026-06-09 13:35:28.285298",0,"roadblock",NA,NA,"tdmddbpq",14,0,NA,NA,NA,NA,NA,NA,NA,NA,NA,NA,NA,NA,NA,NA,NA,NA,NA,1,1,51.4705882352941,2,23,24,"Slovakian","Woman",NA,"1-2","BSc","3-5 years","Vocational training/apprenticeship","Part-time","500",3,6,7,"Once",2,3,9,90,90,45,NA,96,NA,6,NA,NA,"roadblock",2,2,"tdmddbpq_6","23_2",0,"control",NA,NA,100,2,2.13333333333333,6,60,240,4,50,420,564,12.5333333333333,672,0,1,83.9285714285714,0,30,45,NA,NA,11.25,0
14,"s4fdfqql",23,0,78,143,"activism","WaitForResults","2026-06-09 13:35:28.285298",0,"roadblock",NA,NA,"tdmddbpq",14,0,NA,NA,NA,NA,NA,NA,NA,NA,NA,NA,NA,NA,NA,NA,NA,NA,NA,1,1,51.4705882352941,2,23,24,"Slovakian","Woman",NA,"1-2","BSc","3-5 years","Vocational training/apprenticeship","Part-time","500",3,6,7,"Once",3,3,11,110,110,45,NA,94.4,NA,6,NA,NA,"roadblock",3,3,"tdmddbpq_6","23_2",0,"control",NA,NA,100,2.44444444444444,2.09777777777778,-15.6,59,236,4,42,410,551.6,12.2577777777778,656,0,0,84.0853658536585,0,51,50,NA,NA,0,30
14,"s4fdfqql",23,0,78,143,"activism","WaitForResults","2026-06-09 13:35:28.285298",0,"roadblock",NA,NA,"tdmddbpq",14,0,NA,NA,NA,NA,NA,NA,NA,NA,NA,NA,NA,NA,NA,NA,NA,NA,NA,1,1,51.4705882352941,2,23,24,"Slovakian","Woman",NA,"1-2","BSc","3-5 years","Vocational training/apprenticeship","Part-time","500",3,6,7,"Once",4,3,11,110,100,45,NA,104,NA,6,NA,NA,"roadblock",4,4,"tdmddbpq_6","23_2",0,"control",NA,NA,90.9090909090909,2.44444444444444,2.31111111111111,-6,58.75,235,4,45,440,581,12.9111111111111,704,0,0,82.5284090909091,0,41.25,42,NA,NA,0,51
14,"s4fdfqql",23,0,78,143,"activism","WaitForResults","2026-06-09 13:35:28.285298",0,"roadblock",NA,NA,"tdmddbpq",14,0,NA,NA,NA,NA,NA,NA,NA,NA,NA,NA,NA,NA,NA,NA,NA,NA,NA,1,1,51.4705882352941,2,23,24,"Slovakian","Woman",NA,"1-2","BSc","3-5 years","Vocational training/apprenticeship","Part-time","500",3,6,7,"Once",5,3,10,100,100,45,NA,65.2,NA,6,NA,NA,"roadblock",5,5,"tdmddbpq_6","23_2",0,"control",NA,NA,100,2.22222222222222,1.44888888888889,-34.8,40.75,163,4,21,410,507.8,11.2844444444444,656,0,1,77.4085365853659,0,59.25,45,NA,NA,0,41.25
14,"s4fdfqql",23,0,78,143,"activism","WaitForResults","2026-06-09 13:35:28.285298",0,"roadblock",NA,NA,"tdmddbpq",14,0,NA,NA,NA,NA,NA,NA,NA,NA,NA,NA,NA,NA,NA,NA,NA,NA,NA,1,1,51.4705882352941,2,23,24,"Slovakian","Woman",NA,"1-2","BSc","3-5 years","Vocational training/apprenticeship","Part-time","500",3,6,7,"Once",6,3,9,90,80,45,NA,88,NA,6,NA,NA,"roadblock",6,6,"tdmddbpq_6","23_2",0,"control",NA,NA,88.8888888888889,2,1.95555555555556,-2,48.75,195,4,38.3333333333333,380,497,11.0444444444444,608,0,0,81.7434210526316,0,31.25,21,NA,NA,0,59.25
14,"s4fdfqql",23,0,78,143,"activism","WaitForResults","2026-06-09 13:35:28.285298",0,"roadblock",NA,NA,"tdmddbpq",14,0,NA,NA,NA,NA,NA,NA,NA,NA,NA,NA,NA,NA,NA,NA,NA,NA,NA,1,1,51.4705882352941,2,23,24,"Slovakian","Woman",NA,"1-2","BSc","3-5 years","Vocational training/apprenticeship","Part-time","500",3,6,7,"Once",7,3,9,90,70,45,NA,52,NA,6,NA,NA,"roadblock",7,7,"tdmddbpq_6","23_2",0,"control",NA,NA,77.7777777777778,2,1.15555555555556,-38,20,80,4,3.33333333333333,430,478,10.6222222222222,688,0,2,69.4767441860465,0,50,38.3333333333333,NA,NA,0,31.25
12,"sp2jqls4",23,0,58,143,"activism","WaitForResults","2026-06-09 08:45:00.705771",0,"roadblock",NA,NA,"ahosr93r",12,0,NA,NA,NA,NA,NA,NA,NA,NA,NA,NA,NA,NA,NA,NA,NA,NA,NA,1,1,44.4852941176471,1,23,41,"USA","Man","MBA","3-4","Other","> 5 years","Doctoral Degree or Higher","In education","1000",3,9,6,"No",1,2,13,130,130,45,NA,70,23,6,NA,NA,"roadblock",1,1,"ahosr93r_6","23_1",0,"control",NA,NA,100,2.88888888888889,1.55555555555556,-60,43.75,175,4,15,300,405,9,480,0,0,84.375,0,86.25,NA,NA,NA,NA,NA
12,"sp2jqls4",23,0,58,143,"activism","WaitForResults","2026-06-09 08:45:00.705771",0,"roadblock",NA,NA,"ahosr93r",12,0,NA,NA,NA,NA,NA,NA,NA,NA,NA,NA,NA,NA,NA,NA,NA,NA,NA,1,1,44.4852941176471,1,23,41,"USA","Man","MBA","3-4","Other","> 5 years","Doctoral Degree or Higher","In education","1000",3,9,6,"No",2,2,13,130,130,45,NA,96,NA,6,NA,NA,"roadblock",2,2,"ahosr93r_6","23_1",0,"control",NA,NA,100,2.88888888888889,2.13333333333333,-34,60,240,4,36.6666666666667,360,504,11.2,576,0,0,87.5,0,70,15,NA,NA,0,86.25
12,"sp2jqls4",23,0,58,143,"activism","WaitForResults","2026-06-09 08:45:00.705771",0,"roadblock",NA,NA,"ahosr93r",12,0,NA,NA,NA,NA,NA,NA,NA,NA,NA,NA,NA,NA,NA,NA,NA,NA,NA,1,1,44.4852941176471,1,23,41,"USA","Man","MBA","3-4","Other","> 5 years","Doctoral Degree or Higher","In education","1000",3,9,6,"No",3,2,11,110,110,45,NA,90,NA,6,NA,NA,"roadblock",3,3,"ahosr93r_6","23_1",0,"control",NA,NA,100,2.44444444444444,2,-20,56.25,225,4,38.3333333333333,360,495,11,576,0,1,85.9375,0,53.75,36.6666666666667,NA,NA,0,70
12,"sp2jqls4",23,0,58,143,"activism","WaitForResults","2026-06-09 08:45:00.705771",0,"roadblock",NA,NA,"ahosr93r",12,0,NA,NA,NA,NA,NA,NA,NA,NA,NA,NA,NA,NA,NA,NA,NA,NA,NA,1,1,44.4852941176471,1,23,41,"USA","Man","MBA","3-4","Other","> 5 years","Doctoral Degree or Higher","In education","1000",3,9,6,"No",4,2,13,130,130,45,NA,108,NA,6,NA,NA,"roadblock",4,4,"ahosr93r_6","23_1",0,"control",NA,NA,100,2.88888888888889,2.4,-22,67.5,270,4,46.6666666666667,400,562,12.4888888888889,640,0,0,87.8125,0,62.5,38.3333333333333,NA,NA,0,53.75
12,"sp2jqls4",23,0,58,143,"activism","WaitForResults","2026-06-09 08:45:00.705771",0,"roadblock",NA,NA,"ahosr93r",12,0,NA,NA,NA,NA,NA,NA,NA,NA,NA,NA,NA,NA,NA,NA,NA,NA,NA,1,1,44.4852941176471,1,23,41,"USA","Man","MBA","3-4","Other","> 5 years","Doctoral Degree or Higher","In education","1000",3,9,6,"No",5,2,11,110,0,45,NA,150,NA,6,NA,NA,"roadblock",5,5,"ahosr93r_6","23_1",0,"control",NA,NA,0,2.44444444444444,3.33333333333333,40,25,100,4,33.3333333333333,370,430,9.55555555555556,592,0,2,72.6351351351351,25,0,46.6666666666667,NA,NA,0,62.5
23,"t5bft775",3,0,58,143,"activism","WaitForResults","2026-06-09 13:35:29.603915",0,"demonstration",NA,NA,"tdmddbpq",23,0,NA,NA,NA,NA,NA,NA,NA,NA,NA,NA,NA,NA,NA,NA,NA,NA,NA,1,1,46.3235294117647,2,3,20,"Romanian","Man","Economics","3-4","BSc","<1 year","Secondary school","Part-time","600",2,5,9,"Once",1,2,9,90,0,45,NA,118,3,2,NA,NA,"demonstration",1,1,"tdmddbpq_2","3_2",0,"control",NA,NA,0,2,2.62222222222222,28,17.5,70,4,23.3333333333333,380,422,9.37777777777778,608,0,1,69.4078947368421,17.5,0,NA,NA,NA,NA,NA
23,"t5bft775",3,0,58,143,"activism","WaitForResults","2026-06-09 13:35:29.603915",0,"demonstration",NA,NA,"tdmddbpq",23,0,NA,NA,NA,NA,NA,NA,NA,NA,NA,NA,NA,NA,NA,NA,NA,NA,NA,1,1,46.3235294117647,2,3,20,"Romanian","Man","Economics","3-4","BSc","<1 year","Secondary school","Part-time","600",2,5,9,"Once",2,2,9,90,10,45,NA,104,NA,2,NA,NA,"demonstration",2,2,"tdmddbpq_2","3_2",0,"control",NA,NA,11.1111111111111,2,2.31111111111111,14,15,60,4,16.6666666666667,460,496,11.0222222222222,736,0,1,67.3913043478261,5,0,23.3333333333333,NA,NA,17.5,0
23,"t5bft775",3,0,58,143,"activism","WaitForResults","2026-06-09 13:35:29.603915",0,"demonstration",NA,NA,"tdmddbpq",23,0,NA,NA,NA,NA,NA,NA,NA,NA,NA,NA,NA,NA,NA,NA,NA,NA,NA,1,1,46.3235294117647,2,3,20,"Romanian","Man","Economics","3-4","BSc","<1 year","Secondary school","Part-time","600",2,5,9,"Once",3,2,8,80,0,45,NA,100,NA,2,NA,NA,"demonstration",3,3,"tdmddbpq_2","3_2",0,"control",NA,NA,0,1.77777777777778,2.22222222222222,20,12.5,50,4,16.6666666666667,470,500,11.1111111111111,752,0,2,66.4893617021277,12.5,0,16.6666666666667,NA,NA,5,0
23,"t5bft775",3,0,58,143,"activism","WaitForResults","2026-06-09 13:35:29.603915",0,"demonstration",NA,NA,"tdmddbpq",23,0,NA,NA,NA,NA,NA,NA,NA,NA,NA,NA,NA,NA,NA,NA,NA,NA,NA,1,1,46.3235294117647,2,3,20,"Romanian","Man","Economics","3-4","BSc","<1 year","Secondary school","Part-time","600",2,5,9,"Once",4,2,8,80,10,45,NA,86,NA,2,NA,NA,"demonstration",4,4,"tdmddbpq_2","3_2",0,"control",NA,NA,12.5,1.77777777777778,1.91111111111111,6,10,40,4,10,400,424,9.42222222222222,640,0,1,66.25,0,0,16.6666666666667,NA,NA,12.5,0
23,"t5bft775",3,0,58,143,"activism","WaitForResults","2026-06-09 13:35:29.603915",0,"demonstration",NA,NA,"tdmddbpq",23,0,NA,NA,NA,NA,NA,NA,NA,NA,NA,NA,NA,NA,NA,NA,NA,NA,NA,1,1,46.3235294117647,2,3,20,"Romanian","Man","Economics","3-4","BSc","<1 year","Secondary school","Part-time","600",2,5,9,"Once",5,2,8,80,0,45,NA,96,NA,2,NA,NA,"demonstration",5,5,"tdmddbpq_2","3_2",0,"control",NA,NA,0,1.77777777777778,2.13333333333333,16,10,40,4,13.3333333333333,430,338,7.51111111111111,688,0,2,49.1279069767442,10,0,10,NA,NA,0,0
11,"usmgmves",8,0,143,143,"questionnaire","ThankYou","2026-06-09 08:45:00.682839",17.85,"demonstration",7,1780995856.14349,"ahosr93r",11,0,0,0,0,1,0,0,0,"taking away time did not seem like a good idea to me","Petition (0 cost to you)",5,1,2,3,4,3,4,2,1,1,73.8970588235294,1,8,22,"Austria","Woman","WISO","5-6","BSc",">5 years","Secondary School","Part-time; In education","300",3,4,6,"No",1,1,8,80,30,45,NA,70,8,2,NA,NA,"demonstration",1,1,"ahosr93r_2","8_1",0,"control",NA,NA,37.5,1.77777777777778,1.55555555555556,-10,12.5,50,4,6.66666666666667,310,340,7.55555555555556,496,0,2,68.5483870967742,0,17.5,NA,NA,NA,NA,NA
11,"usmgmves",8,0,143,143,"questionnaire","ThankYou","2026-06-09 08:45:00.682839",17.85,"demonstration",7,1780995856.14349,"ahosr93r",11,0,0,0,0,1,0,0,0,"taking away time did not seem like a good idea to me","Petition (0 cost to you)",5,1,2,3,4,3,4,2,1,1,73.8970588235294,1,8,22,"Austria","Woman","WISO","5-6","BSc",">5 years","Secondary School","Part-time; In education","300",3,4,6,"No",2,1,11,110,20,45,NA,110,NA,2,NA,NA,"demonstration",2,2,"ahosr93r_2","8_1",0,"control",NA,NA,18.1818181818182,2.44444444444444,2.44444444444444,0,12.5,50,4,10,360,390,8.66666666666667,576,0,1,67.7083333333333,0,7.5,6.66666666666667,NA,NA,0,17.5
11,"usmgmves",8,0,143,143,"questionnaire","ThankYou","2026-06-09 08:45:00.682839",17.85,"demonstration",7,1780995856.14349,"ahosr93r",11,0,0,0,0,1,0,0,0,"taking away time did not seem like a good idea to me","Petition (0 cost to you)",5,1,2,3,4,3,4,2,1,1,73.8970588235294,1,8,22,"Austria","Woman","WISO","5-6","BSc",">5 years","Secondary School","Part-time; In education","300",3,4,6,"No",3,1,11,110,20,45,NA,104,NA,2,NA,NA,"demonstration",3,3,"ahosr93r_2","8_1",0,"control",NA,NA,18.1818181818182,2.44444444444444,2.31111111111111,-6,8.75,35,4,5,380,401,8.91111111111111,608,0,1,65.953947368421,0,11.25,10,NA,NA,0,7.5
11,"usmgmves",8,0,143,143,"questionnaire","ThankYou","2026-06-09 08:45:00.682839",17.85,"demonstration",7,1780995856.14349,"ahosr93r",11,0,0,0,0,1,0,0,0,"taking away time did not seem like a good idea to me","Petition (0 cost to you)",5,1,2,3,4,3,4,2,1,1,73.8970588235294,1,8,22,"Austria","Woman","WISO","5-6","BSc",">5 years","Secondary School","Part-time; In education","300",3,4,6,"No",4,1,10,100,5,45,NA,105,NA,2,NA,NA,"demonstration",4,4,"ahosr93r_2","8_1",0,"control",NA,NA,5,2.22222222222222,2.33333333333333,5,6.25,25,4,6.66666666666667,320,335,7.44444444444444,512,0,2,65.4296875,1.25,0,5,NA,NA,0,11.25
11,"usmgmves",8,0,143,143,"questionnaire","ThankYou","2026-06-09 08:45:00.682839",17.85,"demonstration",7,1780995856.14349,"ahosr93r",11,0,0,0,0,1,0,0,0,"taking away time did not seem like a good idea to me","Petition (0 cost to you)",5,1,2,3,4,3,4,2,1,1,73.8970588235294,1,8,22,"Austria","Woman","WISO","5-6","BSc",">5 years","Secondary School","Part-time; In education","300",3,4,6,"No",5,1,12,120,10,45,NA,122,NA,2,NA,NA,"demonstration",5,5,"ahosr93r_2","8_1",0,"control",NA,NA,8.33333333333333,2.66666666666667,2.71111111111111,2,7.5,30,4,6.66666666666667,420,438,9.73333333333333,672,0,1,65.1785714285714,0,2.5,6.66666666666667,NA,NA,1.25,0
11,"usmgmves",8,0,143,143,"questionnaire","ThankYou","2026-06-09 08:45:00.682839",17.85,"demonstration",7,1780995856.14349,"ahosr93r",11,0,0,0,0,1,0,0,0,"taking away time did not seem like a good idea to me","Petition (0 cost to you)",5,1,2,3,4,3,4,2,1,1,73.8970588235294,1,8,22,"Austria","Woman","WISO","5-6","BSc",">5 years","Secondary School","Part-time; In education","300",3,4,6,"No",6,1,12,120,0,45,NA,128,NA,2,NA,NA,"demonstration",6,6,"ahosr93r_2","8_1",0,"control",NA,NA,0,2.66666666666667,2.84444444444444,8,5,20,4,6.66666666666667,450,462,10.2666666666667,720,0,2,64.1666666666667,5,0,6.66666666666667,NA,NA,0,2.5
11,"usmgmves",8,0,143,143,"questionnaire","ThankYou","2026-06-09 08:45:00.682839",17.85,"demonstration",7,1780995856.14349,"ahosr93r",11,0,0,0,0,1,0,0,0,"taking away time did not seem like a good idea to me","Petition (0 cost to you)",5,1,2,3,4,3,4,2,1,1,73.8970588235294,1,8,22,"Austria","Woman","WISO","5-6","BSc",">5 years","Secondary School","Part-time; In education","300",3,4,6,"No",7,1,12,120,5,45,NA,119,NA,2,NA,NA,"demonstration",7,7,"ahosr93r_2","8_1",0,"control",NA,NA,4.16666666666667,2.66666666666667,2.64444444444444,-1,2.5,10,4,1.66666666666667,370,376,8.35555555555556,592,0,2,63.5135135135135,0,2.5,6.66666666666667,NA,NA,5,0
11,"usmgmves",8,0,143,143,"questionnaire","ThankYou","2026-06-09 08:45:00.682839",17.85,"demonstration",7,1780995856.14349,"ahosr93r",11,0,0,0,0,1,0,0,0,"taking away time did not seem like a good idea to me","Petition (0 cost to you)",5,1,2,3,4,3,4,2,1,1,73.8970588235294,1,8,22,"Austria","Woman","WISO","5-6","BSc",">5 years","Secondary School","Part-time; In education","300",3,4,6,"No",8,1,12,120,0,45,0,120,NA,2,0,0,"demonstration",8,1,"ahosr93r_2","8_1",1,"demonstration",0,0,0,2.66666666666667,2.66666666666667,0,0,0,4,0,410,410,9.11111111111111,656,0,4,62.5,0,0,1.66666666666667,0,2.5,0,2.5
11,"usmgmves",8,0,143,143,"questionnaire","ThankYou","2026-06-09 08:45:00.682839",17.85,"demonstration",7,1780995856.14349,"ahosr93r",11,0,0,0,0,1,0,0,0,"taking away time did not seem like a good idea to me","Petition (0 cost to you)",5,1,2,3,4,3,4,2,1,1,73.8970588235294,1,8,22,"Austria","Woman","WISO","5-6","BSc",">5 years","Secondary School","Part-time; In education","300",3,4,6,"No",9,1,11,110,0,45,0,110,NA,2,0,0,"demonstration",9,2,"ahosr93r_2","8_1",1,"demonstration",0,0,0,2.44444444444444,2.44444444444444,0,0,0,4,0,390,390,8.66666666666667,624,0,4,62.5,0,0,0,0,0,0,0
11,"usmgmves",8,0,143,143,"questionnaire","ThankYou","2026-06-09 08:45:00.682839",17.85,"demonstration",7,1780995856.14349,"ahosr93r",11,0,0,0,0,1,0,0,0,"taking away time did not seem like a good idea to me","Petition (0 cost to you)",5,1,2,3,4,3,4,2,1,1,73.8970588235294,1,8,22,"Austria","Woman","WISO","5-6","BSc",">5 years","Secondary School","Part-time; In education","300",3,4,6,"No",10,1,15,150,0,45,0,150,NA,2,0,0,"demonstration",10,3,"ahosr93r_2","8_1",1,"demonstration",0,0,0,3.33333333333333,3.33333333333333,0,0,0,4,0,510,510,11.3333333333333,816,0,4,62.5,0,0,0,0,0,0,0
11,"usmgmves",8,0,143,143,"questionnaire","ThankYou","2026-06-09 08:45:00.682839",17.85,"demonstration",7,1780995856.14349,"ahosr93r",11,0,0,0,0,1,0,0,0,"taking away time did not seem like a good idea to me","Petition (0 cost to you)",5,1,2,3,4,3,4,2,1,1,73.8970588235294,1,8,22,"Austria","Woman","WISO","5-6","BSc",">5 years","Secondary School","Part-time; In education","300",3,4,6,"No",11,1,15,150,0,45,0,150,NA,2,0,0,"demonstration",11,4,"ahosr93r_2","8_1",1,"demonstration",0,0,0,3.33333333333333,3.33333333333333,0,0,0,4,0,510,510,11.3333333333333,816,0,4,62.5,0,0,0,0,0,0,0
11,"usmgmves",8,0,143,143,"questionnaire","ThankYou","2026-06-09 08:45:00.682839",17.85,"demonstration",7,1780995856.14349,"ahosr93r",11,0,0,0,0,1,0,0,0,"taking away time did not seem like a good idea to me","Petition (0 cost to you)",5,1,2,3,4,3,4,2,1,1,73.8970588235294,1,8,22,"Austria","Woman","WISO","5-6","BSc",">5 years","Secondary School","Part-time; In education","300",3,4,6,"No",12,1,13,130,0,45,0,130,NA,2,0,0,"demonstration",12,5,"ahosr93r_2","8_1",1,"demonstration",0,0,0,2.88888888888889,2.88888888888889,0,0,0,4,0,430,430,9.55555555555556,688,0,4,62.5,0,0,0,0,0,0,0
11,"usmgmves",8,0,143,143,"questionnaire","ThankYou","2026-06-09 08:45:00.682839",17.85,"demonstration",7,1780995856.14349,"ahosr93r",11,0,0,0,0,1,0,0,0,"taking away time did not seem like a good idea to me","Petition (0 cost to you)",5,1,2,3,4,3,4,2,1,1,73.8970588235294,1,8,22,"Austria","Woman","WISO","5-6","BSc",">5 years","Secondary School","Part-time; In education","300",3,4,6,"No",13,1,12,120,0,45,0,120,NA,2,0,0,"demonstration",13,6,"ahosr93r_2","8_1",1,"demonstration",0,0,0,2.66666666666667,2.66666666666667,0,0,0,4,0,410,410,9.11111111111111,656,0,4,62.5,0,0,0,0,0,0,0
11,"usmgmves",8,0,143,143,"questionnaire","ThankYou","2026-06-09 08:45:00.682839",17.85,"demonstration",7,1780995856.14349,"ahosr93r",11,0,0,0,0,1,0,0,0,"taking away time did not seem like a good idea to me","Petition (0 cost to you)",5,1,2,3,4,3,4,2,1,1,73.8970588235294,1,8,22,"Austria","Woman","WISO","5-6","BSc",">5 years","Secondary School","Part-time; In education","300",3,4,6,"No",14,1,14,140,0,45,0,148,NA,2,1,0,"demonstration",14,7,"ahosr93r_2","8_1",1,"demonstration",25,1,0,3.11111111111111,3.28888888888889,8,5,20,4,6.66666666666667,410,422,9.37777777777778,656,4,2,64.3292682926829,5,0,0,0,0,0,0
18,"vw2fpivq",4,0,38,143,"activism","WaitForResults","2026-06-09 08:45:01.205107",0,"petition",NA,NA,"ahosr93r",18,0,NA,NA,NA,NA,NA,NA,NA,NA,NA,NA,NA,NA,NA,NA,NA,NA,NA,1,1,41.5441176470588,1,4,19,"Austria","Woman","Business & Social Science","3-4","BSc","None","Secondary School","Part-time","700",3,7,7,"Once",1,1,11,110,20,45,NA,124,4,7,NA,NA,"petition",1,1,"ahosr93r_7","4_1",0,"control",NA,NA,18.1818181818182,2.44444444444444,2.75555555555556,14,21.25,85,4,21.6666666666667,330,381,8.46666666666667,528,0,0,72.1590909090909,1.25,0,NA,NA,NA,NA,NA
18,"vw2fpivq",4,0,38,143,"activism","WaitForResults","2026-06-09 08:45:01.205107",0,"petition",NA,NA,"ahosr93r",18,0,NA,NA,NA,NA,NA,NA,NA,NA,NA,NA,NA,NA,NA,NA,NA,NA,NA,1,1,41.5441176470588,1,4,19,"Austria","Woman","Business & Social Science","3-4","BSc","None","Secondary School","Part-time","700",3,7,7,"Once",2,1,10,100,20,45,NA,136,NA,7,NA,NA,"petition",2,2,"ahosr93r_7","4_1",0,"control",NA,NA,20,2.22222222222222,3.02222222222222,36,35,140,4,40,400,484,10.7555555555556,640,0,0,75.625,15,0,21.6666666666667,NA,NA,1.25,0
18,"vw2fpivq",4,0,38,143,"activism","WaitForResults","2026-06-09 08:45:01.205107",0,"petition",NA,NA,"ahosr93r",18,0,NA,NA,NA,NA,NA,NA,NA,NA,NA,NA,NA,NA,NA,NA,NA,NA,NA,1,1,41.5441176470588,1,4,19,"Austria","Woman","Business & Social Science","3-4","BSc","None","Secondary School","Part-time","700",3,7,7,"Once",3,1,11,110,20,45,NA,128,NA,7,NA,NA,"petition",3,3,"ahosr93r_7","4_1",0,"control",NA,NA,18.1818181818182,2.44444444444444,2.84444444444444,18,23.75,95,4,25,400,359,7.97777777777778,640,0,0,56.09375,3.75,0,40,NA,NA,15,0
27,"wlo53l7c",11,0,58,143,"activism","WaitForResults","2026-06-09 08:45:03.947866",0,"roadblock",NA,NA,"ahosr93r",27,0,NA,NA,NA,NA,NA,NA,NA,NA,NA,NA,NA,NA,NA,NA,NA,NA,NA,1,1,44.4852941176471,1,11,19,"Austria","Non-binary / Diverse",NA,"1-2","BSc.","None","Secondary School","In education","150",0,8,7,"Once",1,4,8,80,15,45,NA,135,11,6,NA,NA,"roadblock",1,1,"ahosr93r_6","11_1",0,"control",NA,NA,18.75,1.77777777777778,3,55,43.75,175,4,53.3333333333333,300,405,9,480,0,0,84.375,28.75,0,NA,NA,NA,NA,NA
27,"wlo53l7c",11,0,58,143,"activism","WaitForResults","2026-06-09 08:45:03.947866",0,"roadblock",NA,NA,"ahosr93r",27,0,NA,NA,NA,NA,NA,NA,NA,NA,NA,NA,NA,NA,NA,NA,NA,NA,NA,1,1,44.4852941176471,1,11,19,"Austria","Non-binary / Diverse",NA,"1-2","BSc.","None","Secondary School","In education","150",0,8,7,"Once",2,4,8,80,30,45,NA,146,NA,6,NA,NA,"roadblock",2,2,"ahosr93r_6","11_1",0,"control",NA,NA,37.5,1.77777777777778,3.24444444444444,66,60,240,4,70,360,504,11.2,576,0,0,87.5,30,0,53.3333333333333,NA,NA,28.75,0
27,"wlo53l7c",11,0,58,143,"activism","WaitForResults","2026-06-09 08:45:03.947866",0,"roadblock",NA,NA,"ahosr93r",27,0,NA,NA,NA,NA,NA,NA,NA,NA,NA,NA,NA,NA,NA,NA,NA,NA,NA,1,1,44.4852941176471,1,11,19,"Austria","Non-binary / Diverse",NA,"1-2","BSc.","None","Secondary School","In education","150",0,8,7,"Once",3,4,7,70,70,45,NA,90,NA,6,NA,NA,"roadblock",3,3,"ahosr93r_6","11_1",0,"control",NA,NA,100,1.55555555555556,2,20,56.25,225,4,51.6666666666667,360,495,11,576,0,1,85.9375,0,13.75,70,NA,NA,30,0
27,"wlo53l7c",11,0,58,143,"activism","WaitForResults","2026-06-09 08:45:03.947866",0,"roadblock",NA,NA,"ahosr93r",27,0,NA,NA,NA,NA,NA,NA,NA,NA,NA,NA,NA,NA,NA,NA,NA,NA,NA,1,1,44.4852941176471,1,11,19,"Austria","Non-binary / Diverse",NA,"1-2","BSc.","None","Secondary School","In education","150",0,8,7,"Once",4,4,8,80,80,45,NA,108,NA,6,NA,NA,"roadblock",4,4,"ahosr93r_6","11_1",0,"control",NA,NA,100,1.77777777777778,2.4,28,67.5,270,4,63.3333333333333,400,562,12.4888888888889,640,0,0,87.8125,0,12.5,51.6666666666667,NA,NA,0,13.75
27,"wlo53l7c",11,0,58,143,"activism","WaitForResults","2026-06-09 08:45:03.947866",0,"roadblock",NA,NA,"ahosr93r",27,0,NA,NA,NA,NA,NA,NA,NA,NA,NA,NA,NA,NA,NA,NA,NA,NA,NA,1,1,44.4852941176471,1,11,19,"Austria","Non-binary / Diverse",NA,"1-2","BSc.","None","Secondary School","In education","150",0,8,7,"Once",5,4,8,80,80,45,NA,40,NA,6,NA,NA,"roadblock",5,5,"ahosr93r_6","11_1",0,"control",NA,NA,100,1.77777777777778,0.888888888888889,-40,25,100,4,6.66666666666667,370,430,9.55555555555556,592,0,2,72.6351351351351,0,55,63.3333333333333,NA,NA,0,12.5
20,"ykenmho2",5,0,143,143,"questionnaire","ThankYou","2026-06-09 08:45:01.509512",15.3,"roadblock",6,1780995764.41842,"ahosr93r",20,0,1,0,0,0,0,0,0,"I wanted to put the money in a pot but hardly anyone else participated so it was no good deal for me in the end.","Petition (0 cost to you)",3,4,2,3,2,2,2,3,1,1,73.8970588235294,1,5,20,"Austria","Man",NA,"1-2","BSc","1-2 years","Secondary School","Part-time; In education","550",4,8,6,"Once",1,2,11,110,55,45,NA,101,5,3,NA,NA,"roadblock",1,1,"ahosr93r_3","5_1",0,"control",NA,NA,50,2.44444444444444,2.24444444444444,-9,28.75,115,4,20,290,359,7.97777777777778,464,0,0,77.3706896551724,0,26.25,NA,NA,NA,NA,NA
20,"ykenmho2",5,0,143,143,"questionnaire","ThankYou","2026-06-09 08:45:01.509512",15.3,"roadblock",6,1780995764.41842,"ahosr93r",20,0,1,0,0,0,0,0,0,"I wanted to put the money in a pot but hardly anyone else participated so it was no good deal for me in the end.","Petition (0 cost to you)",3,4,2,3,2,2,2,3,1,1,73.8970588235294,1,5,20,"Austria","Man",NA,"1-2","BSc","1-2 years","Secondary School","Part-time; In education","550",4,8,6,"Once",2,2,12,120,60,45,NA,122,NA,3,NA,NA,"roadblock",2,2,"ahosr93r_3","5_1",0,"control",NA,NA,50,2.66666666666667,2.71111111111111,2,38.75,155,4,31.6666666666667,360,453,10.0666666666667,576,0,0,78.6458333333333,0,21.25,20,NA,NA,0,26.25
20,"ykenmho2",5,0,143,143,"questionnaire","ThankYou","2026-06-09 08:45:01.509512",15.3,"roadblock",6,1780995764.41842,"ahosr93r",20,0,1,0,0,0,0,0,0,"I wanted to put the money in a pot but hardly anyone else participated so it was no good deal for me in the end.","Petition (0 cost to you)",3,4,2,3,2,2,2,3,1,1,73.8970588235294,1,5,20,"Austria","Man",NA,"1-2","BSc","1-2 years","Secondary School","Part-time; In education","550",4,8,6,"Once",3,2,11,110,0,45,NA,160,NA,3,NA,NA,"roadblock",3,3,"ahosr93r_3","5_1",0,"control",NA,NA,0,2.44444444444444,3.55555555555556,50,31.25,125,4,41.6666666666667,340,415,9.22222222222222,544,0,1,76.2867647058823,31.25,0,31.6666666666667,NA,NA,0,21.25
20,"ykenmho2",5,0,143,143,"questionnaire","ThankYou","2026-06-09 08:45:01.509512",15.3,"roadblock",6,1780995764.41842,"ahosr93r",20,0,1,0,0,0,0,0,0,"I wanted to put the money in a pot but hardly anyone else participated so it was no good deal for me in the end.","Petition (0 cost to you)",3,4,2,3,2,2,2,3,1,1,73.8970588235294,1,5,20,"Austria","Man",NA,"1-2","BSc","1-2 years","Secondary School","Part-time; In education","550",4,8,6,"Once",4,2,12,120,60,45,NA,124,NA,3,NA,NA,"roadblock",4,4,"ahosr93r_3","5_1",0,"control",NA,NA,50,2.66666666666667,2.75555555555556,4,40,160,4,33.3333333333333,370,466,10.3555555555556,592,0,0,78.7162162162162,0,20,41.6666666666667,NA,NA,31.25,0
20,"ykenmho2",5,0,143,143,"questionnaire","ThankYou","2026-06-09 08:45:01.509512",15.3,"roadblock",6,1780995764.41842,"ahosr93r",20,0,1,0,0,0,0,0,0,"I wanted to put the money in a pot but hardly anyone else participated so it was no good deal for me in the end.","Petition (0 cost to you)",3,4,2,3,2,2,2,3,1,1,73.8970588235294,1,5,20,"Austria","Man",NA,"1-2","BSc","1-2 years","Secondary School","Part-time; In education","550",4,8,6,"Once",5,2,14,140,0,45,NA,150,NA,3,NA,NA,"roadblock",5,5,"ahosr93r_3","5_1",0,"control",NA,NA,0,3.11111111111111,3.33333333333333,10,6.25,25,4,8.33333333333333,400,415,9.22222222222222,640,0,2,64.84375,6.25,0,33.3333333333333,NA,NA,0,20
20,"ykenmho2",5,0,143,143,"questionnaire","ThankYou","2026-06-09 08:45:01.509512",15.3,"roadblock",6,1780995764.41842,"ahosr93r",20,0,1,0,0,0,0,0,0,"I wanted to put the money in a pot but hardly anyone else participated so it was no good deal for me in the end.","Petition (0 cost to you)",3,4,2,3,2,2,2,3,1,1,73.8970588235294,1,5,20,"Austria","Man",NA,"1-2","BSc","1-2 years","Secondary School","Part-time; In education","550",4,8,6,"Once",6,2,13,130,60,45,NA,102,NA,3,NA,NA,"roadblock",6,6,"ahosr93r_3","5_1",0,"control",NA,NA,46.1538461538462,2.88888888888889,2.26666666666667,-28,20,80,4,6.66666666666667,380,428,9.51111111111111,608,0,1,70.3947368421053,0,40,8.33333333333333,NA,NA,6.25,0
20,"ykenmho2",5,0,143,143,"questionnaire","ThankYou","2026-06-09 08:45:01.509512",15.3,"roadblock",6,1780995764.41842,"ahosr93r",20,0,1,0,0,0,0,0,0,"I wanted to put the money in a pot but hardly anyone else participated so it was no good deal for me in the end.","Petition (0 cost to you)",3,4,2,3,2,2,2,3,1,1,73.8970588235294,1,5,20,"Austria","Man",NA,"1-2","BSc","1-2 years","Secondary School","Part-time; In education","550",4,8,6,"Once",7,2,11,110,0,45,NA,118,NA,3,NA,NA,"roadblock",7,7,"ahosr93r_3","5_1",0,"control",NA,NA,0,2.44444444444444,2.62222222222222,8,5,20,4,6.66666666666667,320,332,7.37777777777778,512,0,2,64.84375,5,0,6.66666666666667,NA,NA,0,40
20,"ykenmho2",5,0,143,143,"questionnaire","ThankYou","2026-06-09 08:45:01.509512",15.3,"roadblock",6,1780995764.41842,"ahosr93r",20,0,1,0,0,0,0,0,0,"I wanted to put the money in a pot but hardly anyone else participated so it was no good deal for me in the end.","Petition (0 cost to you)",3,4,2,3,2,2,2,3,1,1,73.8970588235294,1,5,20,"Austria","Man",NA,"1-2","BSc","1-2 years","Secondary School","Part-time; In education","550",4,8,6,"Once",8,2,10,100,100,35,1,64,NA,3,3,3,"roadblock",8,1,"ahosr93r_3","5_1",1,"roadblock",75,1,100,2.85714285714286,1.82857142857143,-36,40,160,4,20,330,426,12.1714285714286,528,12,0,80.6818181818182,0,60,6.66666666666667,5,0,5,0
20,"ykenmho2",5,0,143,143,"questionnaire","ThankYou","2026-06-09 08:45:01.509512",15.3,"roadblock",6,1780995764.41842,"ahosr93r",20,0,1,0,0,0,0,0,0,"I wanted to put the money in a pot but hardly anyone else participated so it was no good deal for me in the end.","Petition (0 cost to you)",3,4,2,3,2,2,2,3,1,1,73.8970588235294,1,5,20,"Austria","Man",NA,"1-2","BSc","1-2 years","Secondary School","Part-time; In education","550",4,8,6,"Once",9,2,10,100,100,35,1,62,NA,3,4,4,"roadblock",9,2,"ahosr93r_3","5_1",1,"roadblock",100,1,100,2.85714285714286,1.77142857142857,-38,38.75,155,4,18.3333333333333,260,353,10.0857142857143,416,16,0,84.8557692307692,0,61.25,20,0,60,0,60
20,"ykenmho2",5,0,143,143,"questionnaire","ThankYou","2026-06-09 08:45:01.509512",15.3,"roadblock",6,1780995764.41842,"ahosr93r",20,0,1,0,0,0,0,0,0,"I wanted to put the money in a pot but hardly anyone else participated so it was no good deal for me in the end.","Petition (0 cost to you)",3,4,2,3,2,2,2,3,1,1,73.8970588235294,1,5,20,"Austria","Man",NA,"1-2","BSc","1-2 years","Secondary School","Part-time; In education","550",4,8,6,"Once",10,2,12,120,120,35,1,78,NA,3,3,3,"roadblock",10,3,"ahosr93r_3","5_1",1,"roadblock",75,1,100,3.42857142857143,2.22857142857143,-42,48.75,195,4,25,370,487,13.9142857142857,592,12,0,82.2635135135135,0,71.25,18.3333333333333,0,61.25,0,61.25
20,"ykenmho2",5,0,143,143,"questionnaire","ThankYou","2026-06-09 08:45:01.509512",15.3,"roadblock",6,1780995764.41842,"ahosr93r",20,0,1,0,0,0,0,0,0,"I wanted to put the money in a pot but hardly anyone else participated so it was no good deal for me in the end.","Petition (0 cost to you)",3,4,2,3,2,2,2,3,1,1,73.8970588235294,1,5,20,"Austria","Man",NA,"1-2","BSc","1-2 years","Secondary School","Part-time; In education","550",4,8,6,"Once",11,2,12,120,0,40,0,150,NA,3,3,3,"roadblock",11,4,"ahosr93r_3","5_1",1,"roadblock",75,1,0,3,3.75,30,18.75,75,4,25,360,405,10.125,576,12,1,70.3125,18.75,0,25,0,71.25,0,71.25
20,"ykenmho2",5,0,143,143,"questionnaire","ThankYou","2026-06-09 08:45:01.509512",15.3,"roadblock",6,1780995764.41842,"ahosr93r",20,0,1,0,0,0,0,0,0,"I wanted to put the money in a pot but hardly anyone else participated so it was no good deal for me in the end.","Petition (0 cost to you)",3,4,2,3,2,2,2,3,1,1,73.8970588235294,1,5,20,"Austria","Man",NA,"1-2","BSc","1-2 years","Secondary School","Part-time; In education","550",4,8,6,"Once",12,2,12,120,0,40,0,124,NA,3,2,2,"roadblock",12,5,"ahosr93r_3","5_1",1,"roadblock",50,1,0,3,3.1,4,2.5,10,4,3.33333333333333,350,356,8.9,560,8,2,63.5714285714286,2.5,0,25,18.75,0,18.75,0
20,"ykenmho2",5,0,143,143,"questionnaire","ThankYou","2026-06-09 08:45:01.509512",15.3,"roadblock",6,1780995764.41842,"ahosr93r",20,0,1,0,0,0,0,0,0,"I wanted to put the money in a pot but hardly anyone else participated so it was no good deal for me in the end.","Petition (0 cost to you)",3,4,2,3,2,2,2,3,1,1,73.8970588235294,1,5,20,"Austria","Man",NA,"1-2","BSc","1-2 years","Secondary School","Part-time; In education","550",4,8,6,"Once",13,2,10,100,0,40,0,106,NA,3,2,2,"roadblock",13,6,"ahosr93r_3","5_1",1,"roadblock",50,1,0,2.5,2.65,6,3.75,15,4,5,360,369,9.225,576,8,2,64.0625,3.75,0,3.33333333333333,2.5,0,2.5,0
20,"ykenmho2",5,0,143,143,"questionnaire","ThankYou","2026-06-09 08:45:01.509512",15.3,"roadblock",6,1780995764.41842,"ahosr93r",20,0,1,0,0,0,0,0,0,"I wanted to put the money in a pot but hardly anyone else participated so it was no good deal for me in the end.","Petition (0 cost to you)",3,4,2,3,2,2,2,3,1,1,73.8970588235294,1,5,20,"Austria","Man",NA,"1-2","BSc","1-2 years","Secondary School","Part-time; In education","550",4,8,6,"Once",14,2,12,120,0,40,0,125.2,NA,3,2,2,"roadblock",14,7,"ahosr93r_3","5_1",1,"roadblock",50,1,0,3,3.13,5.2,3.25,13,4,4.33333333333333,320,327.8,8.195,512,8,2,64.0234375,3.25,0,5,3.75,0,3.75,0
17,"zu7f4eup",13,0,143,143,"questionnaire","ThankYou","2026-06-09 08:45:00.980261",14.1,"demonstration",7,1780995869.18468,"ahosr93r",17,0,0,0,0,0,0,0,0,"I am not interested, I dislike group projects","None of the above",5,2,3,3,4,3,3,3,1,1,73.8970588235294,1,13,26,"Austria","Woman","Applied Arts","3-4","Other","3-5","BSc.","Part-time","200",5,0,6,"Once",1,4,7,70,0,45,NA,90,13,2,NA,NA,"demonstration",1,1,"ahosr93r_2","13_1",0,"control",NA,NA,0,1.55555555555556,2,20,12.5,50,4,16.6666666666667,310,340,7.55555555555556,496,0,2,68.5483870967742,12.5,0,NA,NA,NA,NA,NA
17,"zu7f4eup",13,0,143,143,"questionnaire","ThankYou","2026-06-09 08:45:00.980261",14.1,"demonstration",7,1780995869.18468,"ahosr93r",17,0,0,0,0,0,0,0,0,"I am not interested, I dislike group projects","None of the above",5,2,3,3,4,3,3,3,1,1,73.8970588235294,1,13,26,"Austria","Woman","Applied Arts","3-4","Other","3-5","BSc.","Part-time","200",5,0,6,"Once",2,4,9,90,10,45,NA,100,NA,2,NA,NA,"demonstration",2,2,"ahosr93r_2","13_1",0,"control",NA,NA,11.1111111111111,2,2.22222222222222,10,12.5,50,4,13.3333333333333,360,390,8.66666666666667,576,0,1,67.7083333333333,2.5,0,16.6666666666667,NA,NA,12.5,0
17,"zu7f4eup",13,0,143,143,"questionnaire","ThankYou","2026-06-09 08:45:00.980261",14.1,"demonstration",7,1780995869.18468,"ahosr93r",17,0,0,0,0,0,0,0,0,"I am not interested, I dislike group projects","None of the above",5,2,3,3,4,3,3,3,1,1,73.8970588235294,1,13,26,"Austria","Woman","Applied Arts","3-4","Other","3-5","BSc.","Part-time","200",5,0,6,"Once",3,4,8,80,5,45,NA,89,NA,2,NA,NA,"demonstration",3,3,"ahosr93r_2","13_1",0,"control",NA,NA,6.25,1.77777777777778,1.97777777777778,9,8.75,35,4,10,380,401,8.91111111111111,608,0,1,65.953947368421,3.75,0,13.3333333333333,NA,NA,2.5,0
17,"zu7f4eup",13,0,143,143,"questionnaire","ThankYou","2026-06-09 08:45:00.980261",14.1,"demonstration",7,1780995869.18468,"ahosr93r",17,0,0,0,0,0,0,0,0,"I am not interested, I dislike group projects","None of the above",5,2,3,3,4,3,3,3,1,1,73.8970588235294,1,13,26,"Austria","Woman","Applied Arts","3-4","Other","3-5","BSc.","Part-time","200",5,0,6,"Once",4,4,6,60,0,45,NA,70,NA,2,NA,NA,"demonstration",4,4,"ahosr93r_2","13_1",0,"control",NA,NA,0,1.33333333333333,1.55555555555556,10,6.25,25,4,8.33333333333333,320,335,7.44444444444444,512,0,2,65.4296875,6.25,0,10,NA,NA,3.75,0
17,"zu7f4eup",13,0,143,143,"questionnaire","ThankYou","2026-06-09 08:45:00.980261",14.1,"demonstration",7,1780995869.18468,"ahosr93r",17,0,0,0,0,0,0,0,0,"I am not interested, I dislike group projects","None of the above",5,2,3,3,4,3,3,3,1,1,73.8970588235294,1,13,26,"Austria","Woman","Applied Arts","3-4","Other","3-5","BSc.","Part-time","200",5,0,6,"Once",5,4,10,100,15,45,NA,97,NA,2,NA,NA,"demonstration",5,5,"ahosr93r_2","13_1",0,"control",NA,NA,15,2.22222222222222,2.15555555555556,-3,7.5,30,4,5,420,438,9.73333333333333,672,0,1,65.1785714285714,0,7.5,8.33333333333333,NA,NA,6.25,0
17,"zu7f4eup",13,0,143,143,"questionnaire","ThankYou","2026-06-09 08:45:00.980261",14.1,"demonstration",7,1780995869.18468,"ahosr93r",17,0,0,0,0,0,0,0,0,"I am not interested, I dislike group projects","None of the above",5,2,3,3,4,3,3,3,1,1,73.8970588235294,1,13,26,"Austria","Woman","Applied Arts","3-4","Other","3-5","BSc.","Part-time","200",5,0,6,"Once",6,4,11,110,15,45,NA,103,NA,2,NA,NA,"demonstration",6,6,"ahosr93r_2","13_1",0,"control",NA,NA,13.6363636363636,2.44444444444444,2.28888888888889,-7,5,20,4,1.66666666666667,450,462,10.2666666666667,720,0,2,64.1666666666667,0,10,5,NA,NA,0,7.5
17,"zu7f4eup",13,0,143,143,"questionnaire","ThankYou","2026-06-09 08:45:00.980261",14.1,"demonstration",7,1780995869.18468,"ahosr93r",17,0,0,0,0,0,0,0,0,"I am not interested, I dislike group projects","None of the above",5,2,3,3,4,3,3,3,1,1,73.8970588235294,1,13,26,"Austria","Woman","Applied Arts","3-4","Other","3-5","BSc.","Part-time","200",5,0,6,"Once",7,4,9,90,0,45,NA,94,NA,2,NA,NA,"demonstration",7,7,"ahosr93r_2","13_1",0,"control",NA,NA,0,2,2.08888888888889,4,2.5,10,4,3.33333333333333,370,376,8.35555555555556,592,0,2,63.5135135135135,2.5,0,1.66666666666667,NA,NA,0,10
17,"zu7f4eup",13,0,143,143,"questionnaire","ThankYou","2026-06-09 08:45:00.980261",14.1,"demonstration",7,1780995869.18468,"ahosr93r",17,0,0,0,0,0,0,0,0,"I am not interested, I dislike group projects","None of the above",5,2,3,3,4,3,3,3,1,1,73.8970588235294,1,13,26,"Austria","Woman","Applied Arts","3-4","Other","3-5","BSc.","Part-time","200",5,0,6,"Once",8,4,11,110,0,45,0,110,NA,2,0,0,"demonstration",8,1,"ahosr93r_2","13_1",1,"demonstration",0,0,0,2.44444444444444,2.44444444444444,0,0,0,4,0,410,410,9.11111111111111,656,0,4,62.5,0,0,3.33333333333333,2.5,0,2.5,0
17,"zu7f4eup",13,0,143,143,"questionnaire","ThankYou","2026-06-09 08:45:00.980261",14.1,"demonstration",7,1780995869.18468,"ahosr93r",17,0,0,0,0,0,0,0,0,"I am not interested, I dislike group projects","None of the above",5,2,3,3,4,3,3,3,1,1,73.8970588235294,1,13,26,"Austria","Woman","Applied Arts","3-4","Other","3-5","BSc.","Part-time","200",5,0,6,"Once",9,4,11,110,0,45,0,110,NA,2,0,0,"demonstration",9,2,"ahosr93r_2","13_1",1,"demonstration",0,0,0,2.44444444444444,2.44444444444444,0,0,0,4,0,390,390,8.66666666666667,624,0,4,62.5,0,0,0,0,0,0,0
17,"zu7f4eup",13,0,143,143,"questionnaire","ThankYou","2026-06-09 08:45:00.980261",14.1,"demonstration",7,1780995869.18468,"ahosr93r",17,0,0,0,0,0,0,0,0,"I am not interested, I dislike group projects","None of the above",5,2,3,3,4,3,3,3,1,1,73.8970588235294,1,13,26,"Austria","Woman","Applied Arts","3-4","Other","3-5","BSc.","Part-time","200",5,0,6,"Once",10,4,13,130,0,45,0,130,NA,2,0,0,"demonstration",10,3,"ahosr93r_2","13_1",1,"demonstration",0,0,0,2.88888888888889,2.88888888888889,0,0,0,4,0,510,510,11.3333333333333,816,0,4,62.5,0,0,0,0,0,0,0
17,"zu7f4eup",13,0,143,143,"questionnaire","ThankYou","2026-06-09 08:45:00.980261",14.1,"demonstration",7,1780995869.18468,"ahosr93r",17,0,0,0,0,0,0,0,0,"I am not interested, I dislike group projects","None of the above",5,2,3,3,4,3,3,3,1,1,73.8970588235294,1,13,26,"Austria","Woman","Applied Arts","3-4","Other","3-5","BSc.","Part-time","200",5,0,6,"Once",11,4,12,120,0,45,0,120,NA,2,0,0,"demonstration",11,4,"ahosr93r_2","13_1",1,"demonstration",0,0,0,2.66666666666667,2.66666666666667,0,0,0,4,0,510,510,11.3333333333333,816,0,4,62.5,0,0,0,0,0,0,0
17,"zu7f4eup",13,0,143,143,"questionnaire","ThankYou","2026-06-09 08:45:00.980261",14.1,"demonstration",7,1780995869.18468,"ahosr93r",17,0,0,0,0,0,0,0,0,"I am not interested, I dislike group projects","None of the above",5,2,3,3,4,3,3,3,1,1,73.8970588235294,1,13,26,"Austria","Woman","Applied Arts","3-4","Other","3-5","BSc.","Part-time","200",5,0,6,"Once",12,4,11,110,0,45,0,110,NA,2,0,0,"demonstration",12,5,"ahosr93r_2","13_1",1,"demonstration",0,0,0,2.44444444444444,2.44444444444444,0,0,0,4,0,430,430,9.55555555555556,688,0,4,62.5,0,0,0,0,0,0,0
17,"zu7f4eup",13,0,143,143,"questionnaire","ThankYou","2026-06-09 08:45:00.980261",14.1,"demonstration",7,1780995869.18468,"ahosr93r",17,0,0,0,0,0,0,0,0,"I am not interested, I dislike group projects","None of the above",5,2,3,3,4,3,3,3,1,1,73.8970588235294,1,13,26,"Austria","Woman","Applied Arts","3-4","Other","3-5","BSc.","Part-time","200",5,0,6,"Once",13,4,11,110,0,45,0,110,NA,2,0,0,"demonstration",13,6,"ahosr93r_2","13_1",1,"demonstration",0,0,0,2.44444444444444,2.44444444444444,0,0,0,4,0,410,410,9.11111111111111,656,0,4,62.5,0,0,0,0,0,0,0
17,"zu7f4eup",13,0,143,143,"questionnaire","ThankYou","2026-06-09 08:45:00.980261",14.1,"demonstration",7,1780995869.18468,"ahosr93r",17,0,0,0,0,0,0,0,0,"I am not interested, I dislike group projects","None of the above",5,2,3,3,4,3,3,3,1,1,73.8970588235294,1,13,26,"Austria","Woman","Applied Arts","3-4","Other","3-5","BSc.","Part-time","200",5,0,6,"Once",14,4,11,110,10,45,0,108,NA,2,1,0,"demonstration",14,7,"ahosr93r_2","13_1",1,"demonstration",25,1,9.09090909090909,2.44444444444444,2.4,-2,5,20,4,3.33333333333333,410,422,9.37777777777778,656,4,2,64.3292682926829,0,5,0,0,0,0,0
8,"zwt9mabo",22,0,143,143,"questionnaire","ThankYou","2026-06-09 13:35:27.530089",25.5,"petition",12,1781013481.38014,"tdmddbpq",8,0,1,0,0,0,0,0,0,NA,"None of the above",2,4,4,4,3,4,4,3,1,1,78.6764705882353,2,22,22,"German","Woman","Social Studies","3-4","BSc","<1 year","Secondary school","Not employed","650",1,5,3,"Once",1,3,14,140,40,45,NA,148,22,7,NA,NA,"petition",1,1,"tdmddbpq_7","22_2",0,"control",NA,NA,28.5714285714286,3.11111111111111,3.28888888888889,8,30,120,4,26.6666666666667,470,542,12.0444444444444,752,0,1,72.0744680851064,0,10,NA,NA,NA,NA,NA
8,"zwt9mabo",22,0,143,143,"questionnaire","ThankYou","2026-06-09 13:35:27.530089",25.5,"petition",12,1781013481.38014,"tdmddbpq",8,0,1,0,0,0,0,0,0,NA,"None of the above",2,4,4,4,3,4,4,3,1,1,78.6764705882353,2,22,22,"German","Woman","Social Studies","3-4","BSc","<1 year","Secondary school","Not employed","650",1,5,3,"Once",2,3,14,140,40,45,NA,140,NA,7,NA,NA,"petition",2,2,"tdmddbpq_7","22_2",0,"control",NA,NA,28.5714285714286,3.11111111111111,3.11111111111111,0,25,100,4,20,530,590,13.1111111111111,848,0,1,69.5754716981132,0,15,26.6666666666667,NA,NA,0,10
8,"zwt9mabo",22,0,143,143,"questionnaire","ThankYou","2026-06-09 13:35:27.530089",25.5,"petition",12,1781013481.38014,"tdmddbpq",8,0,1,0,0,0,0,0,0,NA,"None of the above",2,4,4,4,3,4,4,3,1,1,78.6764705882353,2,22,22,"German","Woman","Social Studies","3-4","BSc","<1 year","Secondary school","Not employed","650",1,5,3,"Once",3,3,13,130,0,45,NA,170,NA,7,NA,NA,"petition",3,3,"tdmddbpq_7","22_2",0,"control",NA,NA,0,2.88888888888889,3.77777777777778,40,25,100,4,33.3333333333333,520,580,12.8888888888889,832,0,1,69.7115384615385,25,0,20,NA,NA,0,15
8,"zwt9mabo",22,0,143,143,"questionnaire","ThankYou","2026-06-09 13:35:27.530089",25.5,"petition",12,1781013481.38014,"tdmddbpq",8,0,1,0,0,0,0,0,0,NA,"None of the above",2,4,4,4,3,4,4,3,1,1,78.6764705882353,2,22,22,"German","Woman","Social Studies","3-4","BSc","<1 year","Secondary school","Not employed","650",1,5,3,"Once",4,3,11,110,0,45,NA,166,NA,7,NA,NA,"petition",4,4,"tdmddbpq_7","22_2",0,"control",NA,NA,0,2.44444444444444,3.68888888888889,56,35,140,4,46.6666666666667,450,534,11.8666666666667,720,0,1,74.1666666666667,35,0,33.3333333333333,NA,NA,25,0
8,"zwt9mabo",22,0,143,143,"questionnaire","ThankYou","2026-06-09 13:35:27.530089",25.5,"petition",12,1781013481.38014,"tdmddbpq",8,0,1,0,0,0,0,0,0,NA,"None of the above",2,4,4,4,3,4,4,3,1,1,78.6764705882353,2,22,22,"German","Woman","Social Studies","3-4","BSc","<1 year","Secondary school","Not employed","650",1,5,3,"Once",5,3,13,130,30,45,NA,188,NA,7,NA,NA,"petition",5,5,"tdmddbpq_7","22_2",0,"control",NA,NA,23.0769230769231,2.88888888888889,4.17777777777778,58,55,220,4,63.3333333333333,460,592,13.1555555555556,736,0,0,80.4347826086957,25,0,46.6666666666667,NA,NA,35,0
8,"zwt9mabo",22,0,143,143,"questionnaire","ThankYou","2026-06-09 13:35:27.530089",25.5,"petition",12,1781013481.38014,"tdmddbpq",8,0,1,0,0,0,0,0,0,NA,"None of the above",2,4,4,4,3,4,4,3,1,1,78.6764705882353,2,22,22,"German","Woman","Social Studies","3-4","BSc","<1 year","Secondary school","Not employed","650",1,5,3,"Once",6,3,12,120,30,45,NA,170,NA,7,NA,NA,"petition",6,6,"tdmddbpq_7","22_2",0,"control",NA,NA,25,2.66666666666667,3.77777777777778,50,50,200,4,56.6666666666667,450,570,12.6666666666667,720,0,0,79.1666666666667,20,0,63.3333333333333,NA,NA,25,0
8,"zwt9mabo",22,0,143,143,"questionnaire","ThankYou","2026-06-09 13:35:27.530089",25.5,"petition",12,1781013481.38014,"tdmddbpq",8,0,1,0,0,0,0,0,0,NA,"None of the above",2,4,4,4,3,4,4,3,1,1,78.6764705882353,2,22,22,"German","Woman","Social Studies","3-4","BSc","<1 year","Secondary school","Not employed","650",1,5,3,"Once",7,3,10,100,0,45,NA,132,NA,7,NA,NA,"petition",7,7,"tdmddbpq_7","22_2",0,"control",NA,NA,0,2.22222222222222,2.93333333333333,32,20,80,4,26.6666666666667,430,478,10.6222222222222,688,0,2,69.4767441860465,20,0,56.6666666666667,NA,NA,20,0
8,"zwt9mabo",22,0,143,143,"questionnaire","ThankYou","2026-06-09 13:35:27.530089",25.5,"petition",12,1781013481.38014,"tdmddbpq",8,0,1,0,0,0,0,0,0,NA,"None of the above",2,4,4,4,3,4,4,3,1,1,78.6764705882353,2,22,22,"German","Woman","Social Studies","3-4","BSc","<1 year","Secondary school","Not employed","650",1,5,3,"Once",8,3,15,150,100,45,1,178,NA,7,4,0,"petition",8,1,"tdmddbpq_7","22_2",1,"petition",100,1,66.6666666666667,3.33333333333333,3.95555555555556,28,80,320,4,73.3333333333333,520,712,15.8222222222222,832,16,0,85.5769230769231,0,20,26.6666666666667,20,0,20,0
8,"zwt9mabo",22,0,143,143,"questionnaire","ThankYou","2026-06-09 13:35:27.530089",25.5,"petition",12,1781013481.38014,"tdmddbpq",8,0,1,0,0,0,0,0,0,NA,"None of the above",2,4,4,4,3,4,4,3,1,1,78.6764705882353,2,22,22,"German","Woman","Social Studies","3-4","BSc","<1 year","Secondary school","Not employed","650",1,5,3,"Once",9,3,12,120,100,45,1,160,NA,7,4,0,"petition",9,2,"tdmddbpq_7","22_2",1,"petition",100,1,83.3333333333333,2.66666666666667,3.55555555555556,40,87.5,350,4,83.3333333333333,480,690,15.3333333333333,768,16,0,89.84375,0,12.5,73.3333333333333,0,20,0,20
8,"zwt9mabo",22,0,143,143,"questionnaire","ThankYou","2026-06-09 13:35:27.530089",25.5,"petition",12,1781013481.38014,"tdmddbpq",8,0,1,0,0,0,0,0,0,NA,"None of the above",2,4,4,4,3,4,4,3,1,1,78.6764705882353,2,22,22,"German","Woman","Social Studies","3-4","BSc","<1 year","Secondary school","Not employed","650",1,5,3,"Once",10,3,13,130,100,45,1,166,NA,7,4,0,"petition",10,3,"tdmddbpq_7","22_2",1,"petition",100,1,76.9230769230769,2.88888888888889,3.68888888888889,36,85,340,4,80,490,694,15.4222222222222,784,16,0,88.5204081632653,0,15,83.3333333333333,0,12.5,0,12.5
8,"zwt9mabo",22,0,143,143,"questionnaire","ThankYou","2026-06-09 13:35:27.530089",25.5,"petition",12,1781013481.38014,"tdmddbpq",8,0,1,0,0,0,0,0,0,NA,"None of the above",2,4,4,4,3,4,4,3,1,1,78.6764705882353,2,22,22,"German","Woman","Social Studies","3-4","BSc","<1 year","Secondary school","Not employed","650",1,5,3,"Once",11,3,14,140,100,45,1,192,NA,7,4,0,"petition",11,4,"tdmddbpq_7","22_2",1,"petition",100,1,71.4285714285714,3.11111111111111,4.26666666666667,52,95,380,4,93.3333333333333,520,748,16.6222222222222,832,16,0,89.9038461538462,0,5,80,0,15,0,15
8,"zwt9mabo",22,0,143,143,"questionnaire","ThankYou","2026-06-09 13:35:27.530089",25.5,"petition",12,1781013481.38014,"tdmddbpq",8,0,1,0,0,0,0,0,0,NA,"None of the above",2,4,4,4,3,4,4,3,1,1,78.6764705882353,2,22,22,"German","Woman","Social Studies","3-4","BSc","<1 year","Secondary school","Not employed","650",1,5,3,"Once",12,3,13,130,120,45,1,170,NA,7,4,0,"petition",12,5,"tdmddbpq_7","22_2",1,"petition",100,1,92.3076923076923,2.88888888888889,3.77777777777778,40,100,400,4,93.3333333333333,530,770,17.1111111111111,848,16,0,90.8018867924528,0,20,93.3333333333333,0,5,0,5
8,"zwt9mabo",22,0,143,143,"questionnaire","ThankYou","2026-06-09 13:35:27.530089",25.5,"petition",12,1781013481.38014,"tdmddbpq",8,0,1,0,0,0,0,0,0,NA,"None of the above",2,4,4,4,3,4,4,3,1,1,78.6764705882353,2,22,22,"German","Woman","Social Studies","3-4","BSc","<1 year","Secondary school","Not employed","650",1,5,3,"Once",13,3,11,110,110,45,1,168,NA,7,4,0,"petition",13,6,"tdmddbpq_7","22_2",1,"petition",100,1,100,2.44444444444444,3.73333333333333,58,105,420,4,103.333333333333,520,772,17.1555555555556,832,16,0,92.7884615384615,0,5,93.3333333333333,0,20,0,20
8,"zwt9mabo",22,0,143,143,"questionnaire","ThankYou","2026-06-09 13:35:27.530089",25.5,"petition",12,1781013481.38014,"tdmddbpq",8,0,1,0,0,0,0,0,0,NA,"None of the above",2,4,4,4,3,4,4,3,1,1,78.6764705882353,2,22,22,"German","Woman","Social Studies","3-4","BSc","<1 year","Secondary school","Not employed","650",1,5,3,"Once",14,3,14,140,40,45,1,156,NA,7,4,0,"petition",14,7,"tdmddbpq_7","22_2",1,"petition",100,1,28.5714285714286,3.11111111111111,3.46666666666667,16,35,140,4,33.3333333333333,490,574,12.7555555555556,784,16,2,73.2142857142857,0,5,103.333333333333,0,5,0,5
26,"zy9e5vmk",3,0,143,143,"questionnaire","ThankYou","2026-06-09 08:45:03.649189",18.3,"roadblock",6,1780995708.25705,"ahosr93r",26,0,0,1,0,1,0,0,0,NA,"None of the above",5,4,5,3,3,4,4,2,1,1,73.5294117647059,1,3,21,"Ukraine","Man","Business and Economics","1-2","BSc","None","BSc.","In education",NA,5,5,6,"No",1,1,9,90,30,45,NA,106,3,3,NA,NA,"roadblock",1,1,"ahosr93r_3","3_1",0,"control",NA,NA,33.3333333333333,2,2.35555555555556,16,28.75,115,4,28.3333333333333,290,359,7.97777777777778,464,0,0,77.3706896551724,0,1.25,NA,NA,NA,NA,NA
26,"zy9e5vmk",3,0,143,143,"questionnaire","ThankYou","2026-06-09 08:45:03.649189",18.3,"roadblock",6,1780995708.25705,"ahosr93r",26,0,0,1,0,1,0,0,0,NA,"None of the above",5,4,5,3,3,4,4,2,1,1,73.5294117647059,1,3,21,"Ukraine","Man","Business and Economics","1-2","BSc","None","BSc.","In education",NA,5,5,6,"No",2,1,10,100,50,45,NA,112,NA,3,NA,NA,"roadblock",2,2,"ahosr93r_3","3_1",0,"control",NA,NA,50,2.22222222222222,2.48888888888889,12,38.75,155,4,35,360,453,10.0666666666667,576,0,0,78.6458333333333,0,11.25,28.3333333333333,NA,NA,0,1.25
26,"zy9e5vmk",3,0,143,143,"questionnaire","ThankYou","2026-06-09 08:45:03.649189",18.3,"roadblock",6,1780995708.25705,"ahosr93r",26,0,0,1,0,1,0,0,0,NA,"None of the above",5,4,5,3,3,4,4,2,1,1,73.5294117647059,1,3,21,"Ukraine","Man","Business and Economics","1-2","BSc","None","BSc.","In education",NA,5,5,6,"No",3,1,8,80,80,45,NA,50,NA,3,NA,NA,"roadblock",3,3,"ahosr93r_3","3_1",0,"control",NA,NA,100,1.77777777777778,1.11111111111111,-30,31.25,125,4,15,340,415,9.22222222222222,544,0,1,76.2867647058823,0,48.75,35,NA,NA,0,11.25
26,"zy9e5vmk",3,0,143,143,"questionnaire","ThankYou","2026-06-09 08:45:03.649189",18.3,"roadblock",6,1780995708.25705,"ahosr93r",26,0,0,1,0,1,0,0,0,NA,"None of the above",5,4,5,3,3,4,4,2,1,1,73.5294117647059,1,3,21,"Ukraine","Man","Business and Economics","1-2","BSc","None","BSc.","In education",NA,5,5,6,"No",4,1,11,110,80,45,NA,94,NA,3,NA,NA,"roadblock",4,4,"ahosr93r_3","3_1",0,"control",NA,NA,72.7272727272727,2.44444444444444,2.08888888888889,-16,40,160,4,26.6666666666667,370,466,10.3555555555556,592,0,0,78.7162162162162,0,40,15,NA,NA,0,48.75
26,"zy9e5vmk",3,0,143,143,"questionnaire","ThankYou","2026-06-09 08:45:03.649189",18.3,"roadblock",6,1780995708.25705,"ahosr93r",26,0,0,1,0,1,0,0,0,NA,"None of the above",5,4,5,3,3,4,4,2,1,1,73.5294117647059,1,3,21,"Ukraine","Man","Business and Economics","1-2","BSc","None","BSc.","In education",NA,5,5,6,"No",5,1,10,100,0,45,NA,110,NA,3,NA,NA,"roadblock",5,5,"ahosr93r_3","3_1",0,"control",NA,NA,0,2.22222222222222,2.44444444444444,10,6.25,25,4,8.33333333333333,400,415,9.22222222222222,640,0,2,64.84375,6.25,0,26.6666666666667,NA,NA,0,40
26,"zy9e5vmk",3,0,143,143,"questionnaire","ThankYou","2026-06-09 08:45:03.649189",18.3,"roadblock",6,1780995708.25705,"ahosr93r",26,0,0,1,0,1,0,0,0,NA,"None of the above",5,4,5,3,3,4,4,2,1,1,73.5294117647059,1,3,21,"Ukraine","Man","Business and Economics","1-2","BSc","None","BSc.","In education",NA,5,5,6,"No",6,1,9,90,0,45,NA,122,NA,3,NA,NA,"roadblock",6,6,"ahosr93r_3","3_1",0,"control",NA,NA,0,2,2.71111111111111,32,20,80,4,26.6666666666667,380,428,9.51111111111111,608,0,1,70.3947368421053,20,0,8.33333333333333,NA,NA,6.25,0
26,"zy9e5vmk",3,0,143,143,"questionnaire","ThankYou","2026-06-09 08:45:03.649189",18.3,"roadblock",6,1780995708.25705,"ahosr93r",26,0,0,1,0,1,0,0,0,NA,"None of the above",5,4,5,3,3,4,4,2,1,1,73.5294117647059,1,3,21,"Ukraine","Man","Business and Economics","1-2","BSc","None","BSc.","In education",NA,5,5,6,"No",7,1,10,100,0,45,NA,108,NA,3,NA,NA,"roadblock",7,7,"ahosr93r_3","3_1",0,"control",NA,NA,0,2.22222222222222,2.4,8,5,20,4,6.66666666666667,320,332,7.37777777777778,512,0,2,64.84375,5,0,26.6666666666667,NA,NA,20,0
26,"zy9e5vmk",3,0,143,143,"questionnaire","ThankYou","2026-06-09 08:45:03.649189",18.3,"roadblock",6,1780995708.25705,"ahosr93r",26,0,0,1,0,1,0,0,0,NA,"None of the above",5,4,5,3,3,4,4,2,1,1,73.5294117647059,1,3,21,"Ukraine","Man","Business and Economics","1-2","BSc","None","BSc.","In education",NA,5,5,6,"No",8,1,11,110,40,40,0,134,NA,3,3,3,"roadblock",8,1,"ahosr93r_3","3_1",1,"roadblock",75,1,36.3636363636364,2.75,3.35,24,40,160,4,40,330,426,10.65,528,12,0,80.6818181818182,0,0,6.66666666666667,5,0,5,0
26,"zy9e5vmk",3,0,143,143,"questionnaire","ThankYou","2026-06-09 08:45:03.649189",18.3,"roadblock",6,1780995708.25705,"ahosr93r",26,0,0,1,0,1,0,0,0,NA,"None of the above",5,4,5,3,3,4,4,2,1,1,73.5294117647059,1,3,21,"Ukraine","Man","Business and Economics","1-2","BSc","None","BSc.","In education",NA,5,5,6,"No",9,1,9,90,40,35,1,112,NA,3,4,4,"roadblock",9,2,"ahosr93r_3","3_1",1,"roadblock",100,1,44.4444444444444,2.57142857142857,3.2,22,38.75,155,4,38.3333333333333,260,353,10.0857142857143,416,16,0,84.8557692307692,0,1.25,40,0,0,0,0
26,"zy9e5vmk",3,0,143,143,"questionnaire","ThankYou","2026-06-09 08:45:03.649189",18.3,"roadblock",6,1780995708.25705,"ahosr93r",26,0,0,1,0,1,0,0,0,NA,"None of the above",5,4,5,3,3,4,4,2,1,1,73.5294117647059,1,3,21,"Ukraine","Man","Business and Economics","1-2","BSc","None","BSc.","In education",NA,5,5,6,"No",10,1,12,120,60,35,1,138,NA,3,3,3,"roadblock",10,3,"ahosr93r_3","3_1",1,"roadblock",75,1,50,3.42857142857143,3.94285714285714,18,48.75,195,4,45,370,487,13.9142857142857,592,12,0,82.2635135135135,0,11.25,38.3333333333333,0,1.25,0,1.25
26,"zy9e5vmk",3,0,143,143,"questionnaire","ThankYou","2026-06-09 08:45:03.649189",18.3,"roadblock",6,1780995708.25705,"ahosr93r",26,0,0,1,0,1,0,0,0,NA,"None of the above",5,4,5,3,3,4,4,2,1,1,73.5294117647059,1,3,21,"Ukraine","Man","Business and Economics","1-2","BSc","None","BSc.","In education",NA,5,5,6,"No",11,1,12,120,60,35,1,90,NA,3,3,3,"roadblock",11,4,"ahosr93r_3","3_1",1,"roadblock",75,1,50,3.42857142857143,2.57142857142857,-30,18.75,75,4,5,360,405,11.5714285714286,576,12,1,70.3125,0,41.25,45,0,11.25,0,11.25
26,"zy9e5vmk",3,0,143,143,"questionnaire","ThankYou","2026-06-09 08:45:03.649189",18.3,"roadblock",6,1780995708.25705,"ahosr93r",26,0,0,1,0,1,0,0,0,NA,"None of the above",5,4,5,3,3,4,4,2,1,1,73.5294117647059,1,3,21,"Ukraine","Man","Business and Economics","1-2","BSc","None","BSc.","In education",NA,5,5,6,"No",12,1,11,110,0,35,1,114,NA,3,2,2,"roadblock",12,5,"ahosr93r_3","3_1",1,"roadblock",50,1,0,3.14285714285714,3.25714285714286,4,2.5,10,4,3.33333333333333,350,356,10.1714285714286,560,8,2,63.5714285714286,2.5,0,5,0,41.25,0,41.25
26,"zy9e5vmk",3,0,143,143,"questionnaire","ThankYou","2026-06-09 08:45:03.649189",18.3,"roadblock",6,1780995708.25705,"ahosr93r",26,0,0,1,0,1,0,0,0,NA,"None of the above",5,4,5,3,3,4,4,2,1,1,73.5294117647059,1,3,21,"Ukraine","Man","Business and Economics","1-2","BSc","None","BSc.","In education",NA,5,5,6,"No",13,1,11,110,0,40,0,116,NA,3,2,2,"roadblock",13,6,"ahosr93r_3","3_1",1,"roadblock",50,1,0,2.75,2.9,6,3.75,15,4,5,360,369,9.225,576,8,2,64.0625,3.75,0,3.33333333333333,2.5,0,2.5,0
26,"zy9e5vmk",3,0,143,143,"questionnaire","ThankYou","2026-06-09 08:45:03.649189",18.3,"roadblock",6,1780995708.25705,"ahosr93r",26,0,0,1,0,1,0,0,0,NA,"None of the above",5,4,5,3,3,4,4,2,1,1,73.5294117647059,1,3,21,"Ukraine","Man","Business and Economics","1-2","BSc","None","BSc.","In education",NA,5,5,6,"No",14,1,10,100,0,40,0,105.2,NA,3,2,2,"roadblock",14,7,"ahosr93r_3","3_1",1,"roadblock",50,1,0,2.5,2.63,5.2,3.25,13,4,4.33333333333333,320,327.8,8.195,512,8,2,64.0234375,3.25,0,5,3.75,0,3.75,0
