session_code,participant_id_in_session,participant_code,page_index,app_name,page_name,epoch_time_completed,round_number,timeout_happened,is_wait_page
eke4zikg,13,dsuc1l1l,127,activism,Contribute,1781004928,13,0,0
eke4zikg,1,upbg3wki,127,activism,Contribute,1781004930,13,0,0
eke4zikg,12,ipogsi9b,127,activism,Contribute,1781004931,13,0,0
eke4zikg,24,3h2zndiv,127,activism,Contribute,1781004932,13,0,0
eke4zikg,24,3h2zndiv,128,activism,WaitForResults,1781004932,13,0,1
eke4zikg,1,upbg3wki,128,activism,WaitForResults,1781004932,13,0,1
eke4zikg,12,ipogsi9b,128,activism,WaitForResults,1781004932,13,0,1
eke4zikg,13,dsuc1l1l,128,activism,WaitForResults,1781004932,13,0,1
eke4zikg,24,3h2zndiv,129,activism,RoundResults,1781004934,13,0,0
eke4zikg,1,upbg3wki,129,activism,RoundResults,1781004934,13,0,0
eke4zikg,1,upbg3wki,134,activism,ActivismChoice,1781004935,14,0,0
eke4zikg,13,dsuc1l1l,129,activism,RoundResults,1781004935,13,0,0
eke4zikg,12,ipogsi9b,129,activism,RoundResults,1781004936,13,0,0
eke4zikg,13,dsuc1l1l,134,activism,ActivismChoice,1781004937,14,0,0
eke4zikg,12,ipogsi9b,134,activism,ActivismChoice,1781004938,14,0,0
eke4zikg,24,3h2zndiv,134,activism,ActivismChoice,1781004940,14,0,0
eke4zikg,12,ipogsi9b,135,activism,WaitForActivism,1781004940,14,0,1
eke4zikg,13,dsuc1l1l,135,activism,WaitForActivism,1781004940,14,0,1
eke4zikg,1,upbg3wki,135,activism,WaitForActivism,1781004940,14,0,1
eke4zikg,24,3h2zndiv,135,activism,WaitForActivism,1781004940,14,0,1
eke4zikg,1,upbg3wki,136,activism,EffortTask,1781004975,14,1,0
eke4zikg,12,ipogsi9b,136,activism,EffortTask,1781004975,14,1,0
eke4zikg,24,3h2zndiv,136,activism,EffortTask,1781004975,14,1,0
eke4zikg,13,dsuc1l1l,136,activism,EffortTask,1781004976,14,1,0
eke4zikg,1,upbg3wki,137,activism,Contribute,1781004976,14,0,0
eke4zikg,12,ipogsi9b,137,activism,Contribute,1781004977,14,0,0
eke4zikg,24,3h2zndiv,137,activism,Contribute,1781004980,14,0,0
eke4zikg,13,dsuc1l1l,137,activism,Contribute,1781004982,14,0,0
eke4zikg,1,upbg3wki,138,activism,WaitForResults,1781004982,14,0,1
eke4zikg,12,ipogsi9b,138,activism,WaitForResults,1781004982,14,0,1
eke4zikg,13,dsuc1l1l,138,activism,WaitForResults,1781004982,14,0,1
eke4zikg,24,3h2zndiv,138,activism,WaitForResults,1781004982,14,0,1
eke4zikg,13,dsuc1l1l,139,activism,RoundResults,1781004984,14,0,0
eke4zikg,1,upbg3wki,139,activism,RoundResults,1781004984,14,0,0
eke4zikg,1,upbg3wki,140,activism,Conclusion,1781004986,14,0,0
eke4zikg,24,3h2zndiv,139,activism,RoundResults,1781004987,14,0,0
eke4zikg,12,ipogsi9b,139,activism,RoundResults,1781004988,14,0,0
eke4zikg,24,3h2zndiv,140,activism,Conclusion,1781004988,14,0,0
eke4zikg,12,ipogsi9b,140,activism,Conclusion,1781004989,14,0,0
eke4zikg,13,dsuc1l1l,140,activism,Conclusion,1781004990,14,0,0
eke4zikg,12,ipogsi9b,141,questionnaire,Questionnaire,1781004998,1,0,0
eke4zikg,13,dsuc1l1l,141,questionnaire,Questionnaire,1781005001,1,0,0
eke4zikg,1,upbg3wki,141,questionnaire,Questionnaire,1781005014,1,0,0
tdmddbpq,1,r6cd7e3m,0,,InitializeParticipant,1781012126,1,0,0
tdmddbpq,2,gl3plip3,0,,InitializeParticipant,1781012126,1,0,0
tdmddbpq,3,0m90edei,0,,InitializeParticipant,1781012127,1,0,0
tdmddbpq,4,mo19ix9u,0,,InitializeParticipant,1781012127,1,0,0
tdmddbpq,5,omy7uxz8,0,,InitializeParticipant,1781012127,1,0,0
tdmddbpq,6,hw7ddtgh,0,,InitializeParticipant,1781012127,1,0,0
tdmddbpq,7,emq43ot6,0,,InitializeParticipant,1781012127,1,0,0
tdmddbpq,8,zwt9mabo,0,,InitializeParticipant,1781012127,1,0,0
tdmddbpq,9,678275og,0,,InitializeParticipant,1781012127,1,0,0
tdmddbpq,10,84zpvizz,0,,InitializeParticipant,1781012127,1,0,0
tdmddbpq,11,5qny78h8,0,,InitializeParticipant,1781012127,1,0,0
tdmddbpq,12,hd9e5rlc,0,,InitializeParticipant,1781012128,1,0,0
tdmddbpq,13,evnisgib,0,,InitializeParticipant,1781012128,1,0,0
tdmddbpq,14,s4fdfqql,0,,InitializeParticipant,1781012128,1,0,0
tdmddbpq,15,1pjntanf,0,,InitializeParticipant,1781012128,1,0,0
tdmddbpq,16,f6vny8d1,0,,InitializeParticipant,1781012128,1,0,0
tdmddbpq,17,ek9i2pnl,0,,InitializeParticipant,1781012128,1,0,0
tdmddbpq,18,5f0bpqo8,0,,InitializeParticipant,1781012128,1,0,0
tdmddbpq,19,fevonr07,0,,InitializeParticipant,1781012128,1,0,0
tdmddbpq,20,re1bvtsn,0,,InitializeParticipant,1781012128,1,0,0
tdmddbpq,21,amhitlg7,0,,InitializeParticipant,1781012129,1,0,0
tdmddbpq,22,nqzcesvm,0,,InitializeParticipant,1781012129,1,0,0
tdmddbpq,23,t5bft775,0,,InitializeParticipant,1781012129,1,0,0
tdmddbpq,11,5qny78h8,1,activism,SeatNumber,1781012130,1,0,0
tdmddbpq,2,gl3plip3,1,activism,SeatNumber,1781012130,1,0,0
tdmddbpq,24,5axkw4ic,0,,InitializeParticipant,1781012130,1,0,0
tdmddbpq,4,mo19ix9u,1,activism,SeatNumber,1781012131,1,0,0
tdmddbpq,15,1pjntanf,1,activism,SeatNumber,1781012131,1,0,0
tdmddbpq,8,zwt9mabo,1,activism,SeatNumber,1781012131,1,0,0
tdmddbpq,13,evnisgib,1,activism,SeatNumber,1781012131,1,0,0
tdmddbpq,1,r6cd7e3m,1,activism,SeatNumber,1781012131,1,0,0
tdmddbpq,10,84zpvizz,1,activism,SeatNumber,1781012131,1,0,0
tdmddbpq,19,fevonr07,1,activism,SeatNumber,1781012131,1,0,0
tdmddbpq,7,emq43ot6,1,activism,SeatNumber,1781012131,1,0,0
tdmddbpq,5,omy7uxz8,1,activism,SeatNumber,1781012131,1,0,0
tdmddbpq,12,hd9e5rlc,1,activism,SeatNumber,1781012132,1,0,0
tdmddbpq,25,83aftgm4,0,,InitializeParticipant,1781012132,1,0,0
tdmddbpq,26,mdfk29n4,0,,InitializeParticipant,1781012132,1,0,0
tdmddbpq,20,re1bvtsn,1,activism,SeatNumber,1781012132,1,0,0
tdmddbpq,27,bygi6pv2,0,,InitializeParticipant,1781012132,1,0,0
tdmddbpq,9,678275og,1,activism,SeatNumber,1781012132,1,0,0
tdmddbpq,16,f6vny8d1,1,activism,SeatNumber,1781012132,1,0,0
tdmddbpq,22,nqzcesvm,1,activism,SeatNumber,1781012133,1,0,0
tdmddbpq,14,s4fdfqql,1,activism,SeatNumber,1781012133,1,0,0
tdmddbpq,23,t5bft775,1,activism,SeatNumber,1781012133,1,0,0
tdmddbpq,17,ek9i2pnl,1,activism,SeatNumber,1781012133,1,0,0
tdmddbpq,2,gl3plip3,2,activism,WaitForSeats,1781012133,1,0,1
tdmddbpq,10,84zpvizz,2,activism,WaitForSeats,1781012133,1,0,1
tdmddbpq,12,hd9e5rlc,2,activism,WaitForSeats,1781012133,1,0,1
tdmddbpq,23,t5bft775,2,activism,WaitForSeats,1781012133,1,0,1
tdmddbpq,21,amhitlg7,1,activism,SeatNumber,1781012133,1,0,0
tdmddbpq,6,hw7ddtgh,1,activism,SeatNumber,1781012134,1,0,0
tdmddbpq,24,5axkw4ic,1,activism,SeatNumber,1781012134,1,0,0
tdmddbpq,1,r6cd7e3m,2,activism,WaitForSeats,1781012134,1,0,1
tdmddbpq,6,hw7ddtgh,2,activism,WaitForSeats,1781012134,1,0,1
tdmddbpq,13,evnisgib,2,activism,WaitForSeats,1781012134,1,0,1
tdmddbpq,19,fevonr07,2,activism,WaitForSeats,1781012134,1,0,1
tdmddbpq,9,678275og,2,activism,WaitForSeats,1781012134,1,0,1
tdmddbpq,24,5axkw4ic,2,activism,WaitForSeats,1781012134,1,0,1
tdmddbpq,14,s4fdfqql,2,activism,WaitForSeats,1781012134,1,0,1
tdmddbpq,22,nqzcesvm,2,activism,WaitForSeats,1781012134,1,0,1
tdmddbpq,25,83aftgm4,1,activism,SeatNumber,1781012135,1,0,0
tdmddbpq,26,mdfk29n4,1,activism,SeatNumber,1781012136,1,0,0
tdmddbpq,3,0m90edei,1,activism,SeatNumber,1781012137,1,0,0
tdmddbpq,3,0m90edei,2,activism,WaitForSeats,1781012137,1,0,1
tdmddbpq,20,re1bvtsn,2,activism,WaitForSeats,1781012137,1,0,1
tdmddbpq,16,f6vny8d1,2,activism,WaitForSeats,1781012137,1,0,1
tdmddbpq,25,83aftgm4,2,activism,WaitForSeats,1781012137,1,0,1
tdmddbpq,28,r3xrntnr,0,,InitializeParticipant,1781012138,1,0,0
tdmddbpq,18,5f0bpqo8,1,activism,SeatNumber,1781012138,1,0,0
tdmddbpq,17,ek9i2pnl,2,activism,WaitForSeats,1781012138,1,0,1
tdmddbpq,5,omy7uxz8,2,activism,WaitForSeats,1781012138,1,0,1
tdmddbpq,8,zwt9mabo,2,activism,WaitForSeats,1781012138,1,0,1
tdmddbpq,18,5f0bpqo8,2,activism,WaitForSeats,1781012138,1,0,1
tdmddbpq,27,bygi6pv2,1,activism,SeatNumber,1781012140,1,0,0
tdmddbpq,4,mo19ix9u,2,activism,WaitForSeats,1781012140,1,0,1
tdmddbpq,7,emq43ot6,2,activism,WaitForSeats,1781012140,1,0,1
tdmddbpq,26,mdfk29n4,2,activism,WaitForSeats,1781012140,1,0,1
tdmddbpq,27,bygi6pv2,2,activism,WaitForSeats,1781012140,1,0,1
tdmddbpq,28,r3xrntnr,1,activism,SeatNumber,1781012143,1,0,0
tdmddbpq,11,5qny78h8,2,activism,WaitForSeats,1781012143,1,0,1
tdmddbpq,15,1pjntanf,2,activism,WaitForSeats,1781012143,1,0,1
tdmddbpq,21,amhitlg7,2,activism,WaitForSeats,1781012143,1,0,1
tdmddbpq,28,r3xrntnr,2,activism,WaitForSeats,1781012143,1,0,1
tdmddbpq,12,hd9e5rlc,6,activism,EffortTask,1781012178,1,1,0
tdmddbpq,23,t5bft775,6,activism,EffortTask,1781012178,1,1,0
tdmddbpq,10,84zpvizz,6,activism,EffortTask,1781012178,1,1,0
tdmddbpq,2,gl3plip3,6,activism,EffortTask,1781012178,1,1,0
tdmddbpq,6,hw7ddtgh,6,activism,EffortTask,1781012179,1,1,0
tdmddbpq,1,r6cd7e3m,6,activism,EffortTask,1781012179,1,1,0
tdmddbpq,24,5axkw4ic,6,activism,EffortTask,1781012179,1,1,0
tdmddbpq,19,fevonr07,6,activism,EffortTask,1781012179,1,1,0
tdmddbpq,13,evnisgib,6,activism,EffortTask,1781012179,1,1,0
tdmddbpq,9,678275og,6,activism,EffortTask,1781012179,1,1,0
tdmddbpq,14,s4fdfqql,6,activism,EffortTask,1781012180,1,1,0
tdmddbpq,22,nqzcesvm,6,activism,EffortTask,1781012180,1,1,0
tdmddbpq,3,0m90edei,6,activism,EffortTask,1781012182,1,1,0
tdmddbpq,20,re1bvtsn,6,activism,EffortTask,1781012182,1,1,0
tdmddbpq,25,83aftgm4,6,activism,EffortTask,1781012182,1,1,0
tdmddbpq,16,f6vny8d1,6,activism,EffortTask,1781012182,1,1,0
tdmddbpq,8,zwt9mabo,6,activism,EffortTask,1781012184,1,0,0
tdmddbpq,18,5f0bpqo8,6,activism,EffortTask,1781012184,1,1,0
tdmddbpq,5,omy7uxz8,6,activism,EffortTask,1781012184,1,1,0
tdmddbpq,17,ek9i2pnl,6,activism,EffortTask,1781012184,1,1,0
tdmddbpq,27,bygi6pv2,6,activism,EffortTask,1781012185,1,1,0
tdmddbpq,26,mdfk29n4,6,activism,EffortTask,1781012185,1,1,0
tdmddbpq,7,emq43ot6,6,activism,EffortTask,1781012185,1,1,0
tdmddbpq,4,mo19ix9u,6,activism,EffortTask,1781012185,1,1,0
tdmddbpq,28,r3xrntnr,6,activism,EffortTask,1781012188,1,1,0
tdmddbpq,21,amhitlg7,6,activism,EffortTask,1781012188,1,1,0
tdmddbpq,15,1pjntanf,6,activism,EffortTask,1781012188,1,1,0
tdmddbpq,11,5qny78h8,6,activism,EffortTask,1781012188,1,1,0
tdmddbpq,13,evnisgib,7,activism,Contribute,1781012189,1,0,0
tdmddbpq,12,hd9e5rlc,7,activism,Contribute,1781012189,1,0,0
tdmddbpq,20,re1bvtsn,7,activism,Contribute,1781012190,1,0,0
tdmddbpq,9,678275og,7,activism,Contribute,1781012190,1,0,0
tdmddbpq,10,84zpvizz,7,activism,Contribute,1781012191,1,0,0
tdmddbpq,19,fevonr07,7,activism,Contribute,1781012192,1,0,0
tdmddbpq,24,5axkw4ic,7,activism,Contribute,1781012192,1,0,0
tdmddbpq,25,83aftgm4,7,activism,Contribute,1781012193,1,0,0
tdmddbpq,16,f6vny8d1,7,activism,Contribute,1781012193,1,0,0
tdmddbpq,2,gl3plip3,7,activism,Contribute,1781012194,1,0,0
tdmddbpq,23,t5bft775,7,activism,Contribute,1781012195,1,0,0
tdmddbpq,23,t5bft775,8,activism,WaitForResults,1781012195,1,0,1
tdmddbpq,12,hd9e5rlc,8,activism,WaitForResults,1781012195,1,0,1
tdmddbpq,2,gl3plip3,8,activism,WaitForResults,1781012195,1,0,1
tdmddbpq,10,84zpvizz,8,activism,WaitForResults,1781012195,1,0,1
tdmddbpq,14,s4fdfqql,7,activism,Contribute,1781012197,1,0,0
tdmddbpq,4,mo19ix9u,7,activism,Contribute,1781012197,1,0,0
tdmddbpq,22,nqzcesvm,7,activism,Contribute,1781012197,1,0,0
tdmddbpq,14,s4fdfqql,8,activism,WaitForResults,1781012197,1,0,1
tdmddbpq,22,nqzcesvm,8,activism,WaitForResults,1781012197,1,0,1
tdmddbpq,24,5axkw4ic,8,activism,WaitForResults,1781012197,1,0,1
tdmddbpq,9,678275og,8,activism,WaitForResults,1781012197,1,0,1
tdmddbpq,6,hw7ddtgh,7,activism,Contribute,1781012198,1,0,0
tdmddbpq,7,emq43ot6,7,activism,Contribute,1781012198,1,0,0
tdmddbpq,12,hd9e5rlc,9,activism,RoundResults,1781012200,1,0,0
tdmddbpq,26,mdfk29n4,7,activism,Contribute,1781012201,1,0,0
tdmddbpq,8,zwt9mabo,7,activism,Contribute,1781012202,1,0,0
tdmddbpq,1,r6cd7e3m,7,activism,Contribute,1781012202,1,0,0
tdmddbpq,1,r6cd7e3m,8,activism,WaitForResults,1781012202,1,0,1
tdmddbpq,6,hw7ddtgh,8,activism,WaitForResults,1781012202,1,0,1
tdmddbpq,13,evnisgib,8,activism,WaitForResults,1781012202,1,0,1
tdmddbpq,19,fevonr07,8,activism,WaitForResults,1781012202,1,0,1
tdmddbpq,28,r3xrntnr,7,activism,Contribute,1781012203,1,0,0
tdmddbpq,23,t5bft775,9,activism,RoundResults,1781012203,1,0,0
tdmddbpq,24,5axkw4ic,9,activism,RoundResults,1781012204,1,0,0
tdmddbpq,2,gl3plip3,9,activism,RoundResults,1781012205,1,0,0
tdmddbpq,27,bygi6pv2,7,activism,Contribute,1781012205,1,0,0
tdmddbpq,4,mo19ix9u,8,activism,WaitForResults,1781012205,1,0,1
tdmddbpq,7,emq43ot6,8,activism,WaitForResults,1781012205,1,0,1
tdmddbpq,26,mdfk29n4,8,activism,WaitForResults,1781012205,1,0,1
tdmddbpq,27,bygi6pv2,8,activism,WaitForResults,1781012205,1,0,1
tdmddbpq,5,omy7uxz8,7,activism,Contribute,1781012206,1,0,0
tdmddbpq,22,nqzcesvm,9,activism,RoundResults,1781012206,1,0,0
tdmddbpq,11,5qny78h8,7,activism,Contribute,1781012206,1,0,0
tdmddbpq,14,s4fdfqql,9,activism,RoundResults,1781012206,1,0,0
tdmddbpq,9,678275og,9,activism,RoundResults,1781012206,1,0,0
tdmddbpq,18,5f0bpqo8,7,activism,Contribute,1781012206,1,0,0
tdmddbpq,10,84zpvizz,9,activism,RoundResults,1781012211,1,0,0
tdmddbpq,27,bygi6pv2,9,activism,RoundResults,1781012212,1,0,0
tdmddbpq,4,mo19ix9u,9,activism,RoundResults,1781012213,1,0,0
tdmddbpq,26,mdfk29n4,9,activism,RoundResults,1781012215,1,0,0
tdmddbpq,17,ek9i2pnl,7,activism,Contribute,1781012215,1,0,0
tdmddbpq,19,fevonr07,9,activism,RoundResults,1781012216,1,0,0
tdmddbpq,8,zwt9mabo,8,activism,WaitForResults,1781012216,1,0,1
tdmddbpq,17,ek9i2pnl,8,activism,WaitForResults,1781012216,1,0,1
tdmddbpq,5,omy7uxz8,8,activism,WaitForResults,1781012216,1,0,1
tdmddbpq,18,5f0bpqo8,8,activism,WaitForResults,1781012216,1,0,1
tdmddbpq,6,hw7ddtgh,9,activism,RoundResults,1781012216,1,0,0
tdmddbpq,3,0m90edei,7,activism,Contribute,1781012217,1,0,0
tdmddbpq,20,re1bvtsn,8,activism,WaitForResults,1781012217,1,0,1
tdmddbpq,3,0m90edei,8,activism,WaitForResults,1781012217,1,0,1
tdmddbpq,16,f6vny8d1,8,activism,WaitForResults,1781012217,1,0,1
tdmddbpq,25,83aftgm4,8,activism,WaitForResults,1781012217,1,0,1
tdmddbpq,7,emq43ot6,9,activism,RoundResults,1781012219,1,0,0
tdmddbpq,1,r6cd7e3m,9,activism,RoundResults,1781012220,1,0,0
tdmddbpq,15,1pjntanf,7,activism,Contribute,1781012220,1,0,0
tdmddbpq,16,f6vny8d1,9,activism,RoundResults,1781012222,1,0,0
tdmddbpq,25,83aftgm4,9,activism,RoundResults,1781012222,1,0,0
tdmddbpq,13,evnisgib,9,activism,RoundResults,1781012223,1,0,0
tdmddbpq,20,re1bvtsn,9,activism,RoundResults,1781012224,1,0,0
tdmddbpq,17,ek9i2pnl,9,activism,RoundResults,1781012225,1,0,0
tdmddbpq,8,zwt9mabo,9,activism,RoundResults,1781012229,1,0,0
tdmddbpq,5,omy7uxz8,9,activism,RoundResults,1781012230,1,0,0
tdmddbpq,3,0m90edei,9,activism,RoundResults,1781012231,1,0,0
tdmddbpq,18,5f0bpqo8,9,activism,RoundResults,1781012233,1,0,0
tdmddbpq,21,amhitlg7,7,activism,Contribute,1781012238,1,0,0
tdmddbpq,28,r3xrntnr,8,activism,WaitForResults,1781012238,1,0,1
tdmddbpq,11,5qny78h8,8,activism,WaitForResults,1781012238,1,0,1
tdmddbpq,15,1pjntanf,8,activism,WaitForResults,1781012238,1,0,1
tdmddbpq,21,amhitlg7,8,activism,WaitForResults,1781012238,1,0,1
tdmddbpq,11,5qny78h8,9,activism,RoundResults,1781012244,1,0,0
tdmddbpq,12,hd9e5rlc,16,activism,EffortTask,1781012246,2,1,0
tdmddbpq,23,t5bft775,16,activism,EffortTask,1781012248,2,1,0
tdmddbpq,24,5axkw4ic,16,activism,EffortTask,1781012249,2,1,0
tdmddbpq,2,gl3plip3,16,activism,EffortTask,1781012250,2,1,0
tdmddbpq,12,hd9e5rlc,17,activism,Contribute,1781012251,2,0,0
tdmddbpq,22,nqzcesvm,16,activism,EffortTask,1781012251,2,1,0
tdmddbpq,14,s4fdfqql,16,activism,EffortTask,1781012251,2,1,0
tdmddbpq,9,678275og,16,activism,EffortTask,1781012252,2,1,0
tdmddbpq,24,5axkw4ic,17,activism,Contribute,1781012255,2,0,0
tdmddbpq,10,84zpvizz,16,activism,EffortTask,1781012256,2,1,0
tdmddbpq,21,amhitlg7,9,activism,RoundResults,1781012257,1,0,0
tdmddbpq,27,bygi6pv2,16,activism,EffortTask,1781012257,2,1,0
tdmddbpq,23,t5bft775,17,activism,Contribute,1781012258,2,0,0
tdmddbpq,9,678275og,17,activism,Contribute,1781012258,2,0,0
tdmddbpq,4,mo19ix9u,16,activism,EffortTask,1781012258,2,1,0
tdmddbpq,22,nqzcesvm,17,activism,Contribute,1781012258,2,0,0
tdmddbpq,15,1pjntanf,9,activism,RoundResults,1781012259,1,0,0
tdmddbpq,14,s4fdfqql,17,activism,Contribute,1781012260,2,0,0
tdmddbpq,22,nqzcesvm,18,activism,WaitForResults,1781012260,2,0,1
tdmddbpq,24,5axkw4ic,18,activism,WaitForResults,1781012260,2,0,1
tdmddbpq,9,678275og,18,activism,WaitForResults,1781012260,2,0,1
tdmddbpq,14,s4fdfqql,18,activism,WaitForResults,1781012260,2,0,1
tdmddbpq,19,fevonr07,16,activism,EffortTask,1781012260,2,0,0
tdmddbpq,26,mdfk29n4,16,activism,EffortTask,1781012261,2,1,0
tdmddbpq,28,r3xrntnr,9,activism,RoundResults,1781012261,1,0,0
tdmddbpq,6,hw7ddtgh,16,activism,EffortTask,1781012261,2,1,0
tdmddbpq,27,bygi6pv2,17,activism,Contribute,1781012262,2,0,0
tdmddbpq,4,mo19ix9u,17,activism,Contribute,1781012263,2,0,0
tdmddbpq,25,83aftgm4,16,activism,EffortTask,1781012264,2,0,0
tdmddbpq,24,5axkw4ic,19,activism,RoundResults,1781012264,2,0,0
tdmddbpq,7,emq43ot6,16,activism,EffortTask,1781012264,2,1,0
tdmddbpq,14,s4fdfqql,19,activism,RoundResults,1781012265,2,0,0
tdmddbpq,1,r6cd7e3m,16,activism,EffortTask,1781012265,2,1,0
tdmddbpq,10,84zpvizz,17,activism,Contribute,1781012265,2,0,0
tdmddbpq,6,hw7ddtgh,17,activism,Contribute,1781012265,2,0,0
tdmddbpq,9,678275og,19,activism,RoundResults,1781012266,2,0,0
tdmddbpq,13,evnisgib,16,activism,EffortTask,1781012267,2,0,0
tdmddbpq,16,f6vny8d1,16,activism,EffortTask,1781012267,2,1,0
tdmddbpq,22,nqzcesvm,19,activism,RoundResults,1781012267,2,0,0
tdmddbpq,2,gl3plip3,17,activism,Contribute,1781012268,2,0,0
tdmddbpq,10,84zpvizz,18,activism,WaitForResults,1781012268,2,0,1
tdmddbpq,12,hd9e5rlc,18,activism,WaitForResults,1781012268,2,0,1
tdmddbpq,2,gl3plip3,18,activism,WaitForResults,1781012268,2,0,1
tdmddbpq,23,t5bft775,18,activism,WaitForResults,1781012268,2,0,1
tdmddbpq,8,zwt9mabo,16,activism,EffortTask,1781012269,2,0,0
tdmddbpq,20,re1bvtsn,16,activism,EffortTask,1781012269,2,1,0
tdmddbpq,1,r6cd7e3m,17,activism,Contribute,1781012270,2,0,0
tdmddbpq,17,ek9i2pnl,16,activism,EffortTask,1781012270,2,1,0
tdmddbpq,25,83aftgm4,17,activism,Contribute,1781012271,2,0,0
tdmddbpq,12,hd9e5rlc,19,activism,RoundResults,1781012272,2,0,0
tdmddbpq,16,f6vny8d1,17,activism,Contribute,1781012273,2,0,0
tdmddbpq,20,re1bvtsn,17,activism,Contribute,1781012273,2,0,0
tdmddbpq,23,t5bft775,19,activism,RoundResults,1781012273,2,0,0
tdmddbpq,7,emq43ot6,17,activism,Contribute,1781012275,2,0,0
tdmddbpq,5,omy7uxz8,16,activism,EffortTask,1781012275,2,1,0
tdmddbpq,19,fevonr07,17,activism,Contribute,1781012275,2,0,0
tdmddbpq,3,0m90edei,16,activism,EffortTask,1781012276,2,1,0
tdmddbpq,10,84zpvizz,19,activism,RoundResults,1781012277,2,0,0
tdmddbpq,8,zwt9mabo,17,activism,Contribute,1781012278,2,0,0
tdmddbpq,18,5f0bpqo8,16,activism,EffortTask,1781012278,2,1,0
tdmddbpq,13,evnisgib,17,activism,Contribute,1781012279,2,0,0
tdmddbpq,1,r6cd7e3m,18,activism,WaitForResults,1781012279,2,0,1
tdmddbpq,6,hw7ddtgh,18,activism,WaitForResults,1781012279,2,0,1
tdmddbpq,13,evnisgib,18,activism,WaitForResults,1781012279,2,0,1
tdmddbpq,19,fevonr07,18,activism,WaitForResults,1781012279,2,0,1
tdmddbpq,2,gl3plip3,19,activism,RoundResults,1781012280,2,0,0
tdmddbpq,26,mdfk29n4,17,activism,Contribute,1781012281,2,0,0
tdmddbpq,7,emq43ot6,18,activism,WaitForResults,1781012281,2,0,1
tdmddbpq,26,mdfk29n4,18,activism,WaitForResults,1781012281,2,0,1
tdmddbpq,4,mo19ix9u,18,activism,WaitForResults,1781012281,2,0,1
tdmddbpq,27,bygi6pv2,18,activism,WaitForResults,1781012281,2,0,1
tdmddbpq,5,omy7uxz8,17,activism,Contribute,1781012282,2,0,0
tdmddbpq,13,evnisgib,19,activism,RoundResults,1781012283,2,0,0
tdmddbpq,19,fevonr07,19,activism,RoundResults,1781012284,2,0,0
tdmddbpq,27,bygi6pv2,19,activism,RoundResults,1781012285,2,0,0
tdmddbpq,26,mdfk29n4,19,activism,RoundResults,1781012285,2,0,0
tdmddbpq,1,r6cd7e3m,19,activism,RoundResults,1781012286,2,0,0
tdmddbpq,4,mo19ix9u,19,activism,RoundResults,1781012286,2,0,0
tdmddbpq,6,hw7ddtgh,19,activism,RoundResults,1781012287,2,0,0
tdmddbpq,11,5qny78h8,16,activism,EffortTask,1781012290,2,1,0
tdmddbpq,17,ek9i2pnl,17,activism,Contribute,1781012290,2,0,0
tdmddbpq,7,emq43ot6,19,activism,RoundResults,1781012290,2,0,0
tdmddbpq,3,0m90edei,17,activism,Contribute,1781012297,2,0,0
tdmddbpq,16,f6vny8d1,18,activism,WaitForResults,1781012297,2,0,1
tdmddbpq,3,0m90edei,18,activism,WaitForResults,1781012297,2,0,1
tdmddbpq,20,re1bvtsn,18,activism,WaitForResults,1781012297,2,0,1
tdmddbpq,25,83aftgm4,18,activism,WaitForResults,1781012297,2,0,1
tdmddbpq,18,5f0bpqo8,17,activism,Contribute,1781012298,2,0,0
tdmddbpq,5,omy7uxz8,18,activism,WaitForResults,1781012298,2,0,1
tdmddbpq,8,zwt9mabo,18,activism,WaitForResults,1781012298,2,0,1
tdmddbpq,17,ek9i2pnl,18,activism,WaitForResults,1781012298,2,0,1
tdmddbpq,18,5f0bpqo8,18,activism,WaitForResults,1781012298,2,0,1
tdmddbpq,11,5qny78h8,17,activism,Contribute,1781012299,2,0,0
tdmddbpq,25,83aftgm4,19,activism,RoundResults,1781012300,2,0,0
tdmddbpq,21,amhitlg7,16,activism,EffortTask,1781012302,2,1,0
tdmddbpq,5,omy7uxz8,19,activism,RoundResults,1781012304,2,0,0
tdmddbpq,15,1pjntanf,16,activism,EffortTask,1781012304,2,1,0
tdmddbpq,28,r3xrntnr,16,activism,EffortTask,1781012306,2,1,0
tdmddbpq,20,re1bvtsn,19,activism,RoundResults,1781012306,2,0,0
tdmddbpq,3,0m90edei,19,activism,RoundResults,1781012307,2,0,0
tdmddbpq,17,ek9i2pnl,19,activism,RoundResults,1781012308,2,0,0
tdmddbpq,24,5axkw4ic,26,activism,EffortTask,1781012309,3,1,0
tdmddbpq,16,f6vny8d1,19,activism,RoundResults,1781012309,2,0,0
tdmddbpq,18,5f0bpqo8,19,activism,RoundResults,1781012309,2,0,0
tdmddbpq,14,s4fdfqql,26,activism,EffortTask,1781012310,3,1,0
tdmddbpq,9,678275og,26,activism,EffortTask,1781012311,3,1,0
tdmddbpq,21,amhitlg7,17,activism,Contribute,1781012312,2,0,0
tdmddbpq,8,zwt9mabo,19,activism,RoundResults,1781012313,2,0,0
tdmddbpq,22,nqzcesvm,26,activism,EffortTask,1781012313,3,1,0
tdmddbpq,14,s4fdfqql,27,activism,Contribute,1781012315,3,0,0
tdmddbpq,24,5axkw4ic,27,activism,Contribute,1781012317,3,0,0
tdmddbpq,22,nqzcesvm,27,activism,Contribute,1781012317,3,0,0
tdmddbpq,12,hd9e5rlc,26,activism,EffortTask,1781012317,3,1,0
tdmddbpq,28,r3xrntnr,17,activism,Contribute,1781012318,2,0,0
tdmddbpq,23,t5bft775,26,activism,EffortTask,1781012319,3,1,0
tdmddbpq,15,1pjntanf,17,activism,Contribute,1781012322,2,0,0
tdmddbpq,11,5qny78h8,18,activism,WaitForResults,1781012322,2,0,1
tdmddbpq,15,1pjntanf,18,activism,WaitForResults,1781012322,2,0,1
tdmddbpq,21,amhitlg7,18,activism,WaitForResults,1781012322,2,0,1
tdmddbpq,28,r3xrntnr,18,activism,WaitForResults,1781012322,2,0,1
tdmddbpq,10,84zpvizz,26,activism,EffortTask,1781012322,3,1,0
tdmddbpq,12,hd9e5rlc,27,activism,Contribute,1781012323,3,0,0
tdmddbpq,23,t5bft775,27,activism,Contribute,1781012324,3,0,0
tdmddbpq,13,evnisgib,26,activism,EffortTask,1781012324,3,0,0
tdmddbpq,2,gl3plip3,26,activism,EffortTask,1781012325,3,1,0
tdmddbpq,11,5qny78h8,19,activism,RoundResults,1781012328,2,0,0
tdmddbpq,10,84zpvizz,27,activism,Contribute,1781012329,3,0,0
tdmddbpq,19,fevonr07,26,activism,EffortTask,1781012329,3,1,0
tdmddbpq,27,bygi6pv2,26,activism,EffortTask,1781012330,3,1,0
tdmddbpq,21,amhitlg7,19,activism,RoundResults,1781012330,2,0,0
tdmddbpq,26,mdfk29n4,26,activism,EffortTask,1781012331,3,1,0
tdmddbpq,1,r6cd7e3m,26,activism,EffortTask,1781012331,3,1,0
tdmddbpq,4,mo19ix9u,26,activism,EffortTask,1781012331,3,1,0
tdmddbpq,6,hw7ddtgh,26,activism,EffortTask,1781012332,3,1,0
tdmddbpq,2,gl3plip3,27,activism,Contribute,1781012333,3,0,0
tdmddbpq,2,gl3plip3,28,activism,WaitForResults,1781012334,3,0,1
tdmddbpq,12,hd9e5rlc,28,activism,WaitForResults,1781012334,3,0,1
tdmddbpq,23,t5bft775,28,activism,WaitForResults,1781012334,3,0,1
tdmddbpq,10,84zpvizz,28,activism,WaitForResults,1781012334,3,0,1
tdmddbpq,28,r3xrntnr,19,activism,RoundResults,1781012334,2,0,0
tdmddbpq,1,r6cd7e3m,27,activism,Contribute,1781012334,3,0,0
tdmddbpq,19,fevonr07,27,activism,Contribute,1781012335,3,0,0
tdmddbpq,7,emq43ot6,26,activism,EffortTask,1781012335,3,1,0
tdmddbpq,27,bygi6pv2,27,activism,Contribute,1781012335,3,0,0
tdmddbpq,4,mo19ix9u,27,activism,Contribute,1781012336,3,0,0
tdmddbpq,6,hw7ddtgh,27,activism,Contribute,1781012336,3,0,0
tdmddbpq,23,t5bft775,29,activism,RoundResults,1781012338,3,0,0
tdmddbpq,13,evnisgib,27,activism,Contribute,1781012338,3,0,0
tdmddbpq,13,evnisgib,28,activism,WaitForResults,1781012338,3,0,1
tdmddbpq,19,fevonr07,28,activism,WaitForResults,1781012338,3,0,1
tdmddbpq,1,r6cd7e3m,28,activism,WaitForResults,1781012338,3,0,1
tdmddbpq,6,hw7ddtgh,28,activism,WaitForResults,1781012338,3,0,1
tdmddbpq,26,mdfk29n4,27,activism,Contribute,1781012338,3,0,0
tdmddbpq,12,hd9e5rlc,29,activism,RoundResults,1781012339,3,0,0
tdmddbpq,7,emq43ot6,27,activism,Contribute,1781012340,3,0,0
tdmddbpq,10,84zpvizz,29,activism,RoundResults,1781012340,3,0,0
tdmddbpq,4,mo19ix9u,28,activism,WaitForResults,1781012340,3,0,1
tdmddbpq,7,emq43ot6,28,activism,WaitForResults,1781012340,3,0,1
tdmddbpq,26,mdfk29n4,28,activism,WaitForResults,1781012340,3,0,1
tdmddbpq,27,bygi6pv2,28,activism,WaitForResults,1781012340,3,0,1
tdmddbpq,25,83aftgm4,26,activism,EffortTask,1781012340,3,0,0
tdmddbpq,15,1pjntanf,19,activism,RoundResults,1781012340,2,0,0
tdmddbpq,19,fevonr07,29,activism,RoundResults,1781012341,3,0,0
tdmddbpq,6,hw7ddtgh,29,activism,RoundResults,1781012342,3,0,0
tdmddbpq,4,mo19ix9u,29,activism,RoundResults,1781012342,3,0,0
tdmddbpq,9,678275og,27,activism,Contribute,1781012343,3,0,0
tdmddbpq,24,5axkw4ic,28,activism,WaitForResults,1781012343,3,0,1
tdmddbpq,9,678275og,28,activism,WaitForResults,1781012343,3,0,1
tdmddbpq,14,s4fdfqql,28,activism,WaitForResults,1781012343,3,0,1
tdmddbpq,22,nqzcesvm,28,activism,WaitForResults,1781012343,3,0,1
tdmddbpq,25,83aftgm4,27,activism,Contribute,1781012344,3,0,0
tdmddbpq,2,gl3plip3,29,activism,RoundResults,1781012344,3,0,0
tdmddbpq,27,bygi6pv2,29,activism,RoundResults,1781012345,3,0,0
tdmddbpq,1,r6cd7e3m,29,activism,RoundResults,1781012346,3,0,0
tdmddbpq,7,emq43ot6,29,activism,RoundResults,1781012346,3,0,0
tdmddbpq,13,evnisgib,29,activism,RoundResults,1781012346,3,0,0
tdmddbpq,26,mdfk29n4,29,activism,RoundResults,1781012347,3,0,0
tdmddbpq,24,5axkw4ic,29,activism,RoundResults,1781012347,3,0,0
tdmddbpq,5,omy7uxz8,26,activism,EffortTask,1781012349,3,1,0
tdmddbpq,22,nqzcesvm,29,activism,RoundResults,1781012349,3,0,0
tdmddbpq,20,re1bvtsn,26,activism,EffortTask,1781012352,3,1,0
tdmddbpq,14,s4fdfqql,29,activism,RoundResults,1781012352,3,0,0
tdmddbpq,9,678275og,29,activism,RoundResults,1781012352,3,0,0
tdmddbpq,3,0m90edei,26,activism,EffortTask,1781012352,3,1,0
tdmddbpq,17,ek9i2pnl,26,activism,EffortTask,1781012354,3,1,0
tdmddbpq,16,f6vny8d1,26,activism,EffortTask,1781012354,3,1,0
tdmddbpq,18,5f0bpqo8,26,activism,EffortTask,1781012354,3,1,0
tdmddbpq,5,omy7uxz8,27,activism,Contribute,1781012355,3,0,0
tdmddbpq,20,re1bvtsn,27,activism,Contribute,1781012355,3,0,0
tdmddbpq,8,zwt9mabo,26,activism,EffortTask,1781012358,3,1,0
tdmddbpq,3,0m90edei,27,activism,Contribute,1781012362,3,0,0
tdmddbpq,8,zwt9mabo,27,activism,Contribute,1781012364,3,0,0
tdmddbpq,16,f6vny8d1,27,activism,Contribute,1781012366,3,0,0
tdmddbpq,3,0m90edei,28,activism,WaitForResults,1781012366,3,0,1
tdmddbpq,16,f6vny8d1,28,activism,WaitForResults,1781012366,3,0,1
tdmddbpq,20,re1bvtsn,28,activism,WaitForResults,1781012366,3,0,1
tdmddbpq,25,83aftgm4,28,activism,WaitForResults,1781012366,3,0,1
tdmddbpq,17,ek9i2pnl,27,activism,Contribute,1781012367,3,0,0
tdmddbpq,25,83aftgm4,29,activism,RoundResults,1781012369,3,0,0
tdmddbpq,20,re1bvtsn,29,activism,RoundResults,1781012371,3,0,0
tdmddbpq,3,0m90edei,29,activism,RoundResults,1781012373,3,0,0
tdmddbpq,11,5qny78h8,26,activism,EffortTask,1781012373,3,1,0
tdmddbpq,16,f6vny8d1,29,activism,RoundResults,1781012374,3,0,0
tdmddbpq,21,amhitlg7,26,activism,EffortTask,1781012376,3,1,0
tdmddbpq,28,r3xrntnr,26,activism,EffortTask,1781012379,3,1,0
tdmddbpq,11,5qny78h8,27,activism,Contribute,1781012379,3,0,0
tdmddbpq,18,5f0bpqo8,27,activism,Contribute,1781012380,3,0,0
tdmddbpq,17,ek9i2pnl,28,activism,WaitForResults,1781012380,3,0,1
tdmddbpq,18,5f0bpqo8,28,activism,WaitForResults,1781012380,3,0,1
tdmddbpq,5,omy7uxz8,28,activism,WaitForResults,1781012380,3,0,1
tdmddbpq,8,zwt9mabo,28,activism,WaitForResults,1781012380,3,0,1
tdmddbpq,21,amhitlg7,27,activism,Contribute,1781012383,3,0,0
tdmddbpq,23,t5bft775,36,activism,EffortTask,1781012383,4,1,0
tdmddbpq,12,hd9e5rlc,36,activism,EffortTask,1781012385,4,1,0
tdmddbpq,10,84zpvizz,36,activism,EffortTask,1781012385,4,1,0
tdmddbpq,15,1pjntanf,26,activism,EffortTask,1781012386,3,1,0
tdmddbpq,28,r3xrntnr,27,activism,Contribute,1781012386,3,0,0
tdmddbpq,19,fevonr07,36,activism,EffortTask,1781012387,4,1,0
tdmddbpq,6,hw7ddtgh,36,activism,EffortTask,1781012387,4,1,0
tdmddbpq,4,mo19ix9u,36,activism,EffortTask,1781012387,4,1,0
tdmddbpq,5,omy7uxz8,29,activism,RoundResults,1781012387,3,0,0
tdmddbpq,10,84zpvizz,37,activism,Contribute,1781012389,4,0,0
tdmddbpq,2,gl3plip3,36,activism,EffortTask,1781012390,4,1,0
tdmddbpq,23,t5bft775,37,activism,Contribute,1781012390,4,0,0
tdmddbpq,27,bygi6pv2,36,activism,EffortTask,1781012390,4,1,0
tdmddbpq,17,ek9i2pnl,29,activism,RoundResults,1781012390,3,0,0
tdmddbpq,18,5f0bpqo8,29,activism,RoundResults,1781012390,3,0,0
tdmddbpq,1,r6cd7e3m,36,activism,EffortTask,1781012391,4,1,0
tdmddbpq,7,emq43ot6,36,activism,EffortTask,1781012391,4,1,0
tdmddbpq,13,evnisgib,36,activism,EffortTask,1781012391,4,1,0
tdmddbpq,6,hw7ddtgh,37,activism,Contribute,1781012391,4,0,0
tdmddbpq,12,hd9e5rlc,37,activism,Contribute,1781012392,4,0,0
tdmddbpq,26,mdfk29n4,36,activism,EffortTask,1781012392,4,1,0
tdmddbpq,24,5axkw4ic,36,activism,EffortTask,1781012393,4,1,0
tdmddbpq,4,mo19ix9u,37,activism,Contribute,1781012393,4,0,0
tdmddbpq,1,r6cd7e3m,37,activism,Contribute,1781012393,4,0,0
tdmddbpq,19,fevonr07,37,activism,Contribute,1781012394,4,0,0
tdmddbpq,8,zwt9mabo,29,activism,RoundResults,1781012394,3,0,0
tdmddbpq,22,nqzcesvm,36,activism,EffortTask,1781012395,4,1,0
tdmddbpq,26,mdfk29n4,37,activism,Contribute,1781012395,4,0,0
tdmddbpq,13,evnisgib,37,activism,Contribute,1781012395,4,0,0
tdmddbpq,1,r6cd7e3m,38,activism,WaitForResults,1781012396,4,0,1
tdmddbpq,6,hw7ddtgh,38,activism,WaitForResults,1781012396,4,0,1
tdmddbpq,13,evnisgib,38,activism,WaitForResults,1781012396,4,0,1
tdmddbpq,19,fevonr07,38,activism,WaitForResults,1781012396,4,0,1
tdmddbpq,7,emq43ot6,37,activism,Contribute,1781012396,4,0,0
tdmddbpq,15,1pjntanf,27,activism,Contribute,1781012397,3,0,0
tdmddbpq,11,5qny78h8,28,activism,WaitForResults,1781012397,3,0,1
tdmddbpq,15,1pjntanf,28,activism,WaitForResults,1781012397,3,0,1
tdmddbpq,21,amhitlg7,28,activism,WaitForResults,1781012397,3,0,1
tdmddbpq,28,r3xrntnr,28,activism,WaitForResults,1781012397,3,0,1
tdmddbpq,14,s4fdfqql,36,activism,EffortTask,1781012397,4,1,0
tdmddbpq,24,5axkw4ic,37,activism,Contribute,1781012397,4,0,0
tdmddbpq,9,678275og,36,activism,EffortTask,1781012397,4,1,0
tdmddbpq,2,gl3plip3,37,activism,Contribute,1781012398,4,0,0
tdmddbpq,2,gl3plip3,38,activism,WaitForResults,1781012398,4,0,1
tdmddbpq,10,84zpvizz,38,activism,WaitForResults,1781012398,4,0,1
tdmddbpq,12,hd9e5rlc,38,activism,WaitForResults,1781012398,4,0,1
tdmddbpq,23,t5bft775,38,activism,WaitForResults,1781012398,4,0,1
tdmddbpq,27,bygi6pv2,37,activism,Contribute,1781012398,4,0,0
tdmddbpq,19,fevonr07,39,activism,RoundResults,1781012398,4,0,0
tdmddbpq,4,mo19ix9u,38,activism,WaitForResults,1781012398,4,0,1
tdmddbpq,7,emq43ot6,38,activism,WaitForResults,1781012398,4,0,1
tdmddbpq,26,mdfk29n4,38,activism,WaitForResults,1781012398,4,0,1
tdmddbpq,27,bygi6pv2,38,activism,WaitForResults,1781012398,4,0,1
tdmddbpq,22,nqzcesvm,37,activism,Contribute,1781012398,4,0,0
tdmddbpq,6,hw7ddtgh,39,activism,RoundResults,1781012399,4,0,0
tdmddbpq,13,evnisgib,39,activism,RoundResults,1781012400,4,0,0
tdmddbpq,1,r6cd7e3m,39,activism,RoundResults,1781012400,4,0,0
tdmddbpq,12,hd9e5rlc,39,activism,RoundResults,1781012400,4,0,0
tdmddbpq,9,678275og,37,activism,Contribute,1781012401,4,0,0
tdmddbpq,11,5qny78h8,29,activism,RoundResults,1781012402,3,0,0
tdmddbpq,27,bygi6pv2,39,activism,RoundResults,1781012402,4,0,0
tdmddbpq,4,mo19ix9u,39,activism,RoundResults,1781012402,4,0,0
tdmddbpq,14,s4fdfqql,37,activism,Contribute,1781012403,4,0,0
tdmddbpq,9,678275og,38,activism,WaitForResults,1781012403,4,0,1
tdmddbpq,14,s4fdfqql,38,activism,WaitForResults,1781012403,4,0,1
tdmddbpq,22,nqzcesvm,38,activism,WaitForResults,1781012403,4,0,1
tdmddbpq,24,5axkw4ic,38,activism,WaitForResults,1781012403,4,0,1
tdmddbpq,28,r3xrntnr,29,activism,RoundResults,1781012404,3,0,0
tdmddbpq,10,84zpvizz,39,activism,RoundResults,1781012404,4,0,0
tdmddbpq,26,mdfk29n4,39,activism,RoundResults,1781012404,4,0,0
tdmddbpq,21,amhitlg7,29,activism,RoundResults,1781012404,3,0,0
tdmddbpq,2,gl3plip3,39,activism,RoundResults,1781012404,4,0,0
tdmddbpq,23,t5bft775,39,activism,RoundResults,1781012405,4,0,0
tdmddbpq,24,5axkw4ic,39,activism,RoundResults,1781012405,4,0,0
tdmddbpq,15,1pjntanf,29,activism,RoundResults,1781012406,3,0,0
tdmddbpq,7,emq43ot6,39,activism,RoundResults,1781012407,4,0,0
tdmddbpq,9,678275og,39,activism,RoundResults,1781012408,4,0,0
tdmddbpq,14,s4fdfqql,39,activism,RoundResults,1781012408,4,0,0
tdmddbpq,22,nqzcesvm,39,activism,RoundResults,1781012408,4,0,0
tdmddbpq,25,83aftgm4,36,activism,EffortTask,1781012414,4,1,0
tdmddbpq,20,re1bvtsn,36,activism,EffortTask,1781012416,4,1,0
tdmddbpq,3,0m90edei,36,activism,EffortTask,1781012418,4,1,0
tdmddbpq,20,re1bvtsn,37,activism,Contribute,1781012419,4,0,0
tdmddbpq,16,f6vny8d1,36,activism,EffortTask,1781012419,4,1,0
tdmddbpq,25,83aftgm4,37,activism,Contribute,1781012422,4,0,0
tdmddbpq,3,0m90edei,37,activism,Contribute,1781012426,4,0,0
tdmddbpq,16,f6vny8d1,37,activism,Contribute,1781012428,4,0,0
tdmddbpq,3,0m90edei,38,activism,WaitForResults,1781012428,4,0,1
tdmddbpq,16,f6vny8d1,38,activism,WaitForResults,1781012428,4,0,1
tdmddbpq,20,re1bvtsn,38,activism,WaitForResults,1781012428,4,0,1
tdmddbpq,25,83aftgm4,38,activism,WaitForResults,1781012428,4,0,1
tdmddbpq,25,83aftgm4,39,activism,RoundResults,1781012430,4,0,0
tdmddbpq,3,0m90edei,39,activism,RoundResults,1781012431,4,0,0
tdmddbpq,5,omy7uxz8,36,activism,EffortTask,1781012433,4,1,0
tdmddbpq,20,re1bvtsn,39,activism,RoundResults,1781012433,4,0,0
tdmddbpq,17,ek9i2pnl,36,activism,EffortTask,1781012435,4,1,0
tdmddbpq,18,5f0bpqo8,36,activism,EffortTask,1781012436,4,1,0
tdmddbpq,18,5f0bpqo8,36,activism,EffortTask,1781012436,4,1,0
tdmddbpq,16,f6vny8d1,39,activism,RoundResults,1781012437,4,0,0
tdmddbpq,5,omy7uxz8,37,activism,Contribute,1781012437,4,0,0
tdmddbpq,8,zwt9mabo,36,activism,EffortTask,1781012439,4,1,0
tdmddbpq,13,evnisgib,46,activism,EffortTask,1781012443,5,0,0
tdmddbpq,19,fevonr07,46,activism,EffortTask,1781012443,5,1,0
tdmddbpq,8,zwt9mabo,37,activism,Contribute,1781012444,4,0,0
tdmddbpq,6,hw7ddtgh,46,activism,EffortTask,1781012444,5,1,0
tdmddbpq,18,5f0bpqo8,37,activism,Contribute,1781012445,4,0,0
tdmddbpq,1,r6cd7e3m,46,activism,EffortTask,1781012445,5,1,0
tdmddbpq,17,ek9i2pnl,37,activism,Contribute,1781012445,4,0,0
tdmddbpq,5,omy7uxz8,38,activism,WaitForResults,1781012446,4,0,1
tdmddbpq,8,zwt9mabo,38,activism,WaitForResults,1781012446,4,0,1
tdmddbpq,17,ek9i2pnl,38,activism,WaitForResults,1781012446,4,0,1
tdmddbpq,18,5f0bpqo8,38,activism,WaitForResults,1781012446,4,0,1
tdmddbpq,12,hd9e5rlc,46,activism,EffortTask,1781012446,5,1,0
tdmddbpq,11,5qny78h8,36,activism,EffortTask,1781012447,4,1,0
tdmddbpq,26,mdfk29n4,46,activism,EffortTask,1781012447,5,0,0
tdmddbpq,1,r6cd7e3m,47,activism,Contribute,1781012447,5,0,0
tdmddbpq,19,fevonr07,47,activism,Contribute,1781012447,5,0,0
tdmddbpq,13,evnisgib,47,activism,Contribute,1781012447,5,0,0
tdmddbpq,27,bygi6pv2,46,activism,EffortTask,1781012447,5,1,0
tdmddbpq,4,mo19ix9u,46,activism,EffortTask,1781012447,5,1,0
tdmddbpq,2,gl3plip3,46,activism,EffortTask,1781012448,5,0,0
tdmddbpq,28,r3xrntnr,36,activism,EffortTask,1781012449,4,1,0
tdmddbpq,10,84zpvizz,46,activism,EffortTask,1781012449,5,1,0
tdmddbpq,21,amhitlg7,36,activism,EffortTask,1781012449,4,1,0
tdmddbpq,6,hw7ddtgh,47,activism,Contribute,1781012450,5,0,0
tdmddbpq,1,r6cd7e3m,48,activism,WaitForResults,1781012450,5,0,1
tdmddbpq,13,evnisgib,48,activism,WaitForResults,1781012450,5,0,1
tdmddbpq,19,fevonr07,48,activism,WaitForResults,1781012450,5,0,1
tdmddbpq,6,hw7ddtgh,48,activism,WaitForResults,1781012450,5,0,1
tdmddbpq,23,t5bft775,46,activism,EffortTask,1781012450,5,1,0
tdmddbpq,24,5axkw4ic,46,activism,EffortTask,1781012451,5,1,0
tdmddbpq,15,1pjntanf,36,activism,EffortTask,1781012451,4,1,0
tdmddbpq,12,hd9e5rlc,47,activism,Contribute,1781012451,5,0,0
tdmddbpq,4,mo19ix9u,47,activism,Contribute,1781012451,5,0,0
tdmddbpq,19,fevonr07,49,activism,RoundResults,1781012451,5,0,0
tdmddbpq,6,hw7ddtgh,49,activism,RoundResults,1781012452,5,0,0
tdmddbpq,1,r6cd7e3m,49,activism,RoundResults,1781012452,5,0,0
tdmddbpq,11,5qny78h8,37,activism,Contribute,1781012452,4,0,0
tdmddbpq,7,emq43ot6,46,activism,EffortTask,1781012452,5,1,0
tdmddbpq,13,evnisgib,49,activism,RoundResults,1781012453,5,0,0
tdmddbpq,10,84zpvizz,47,activism,Contribute,1781012453,5,0,0
tdmddbpq,9,678275og,46,activism,EffortTask,1781012453,5,1,0
tdmddbpq,14,s4fdfqql,46,activism,EffortTask,1781012453,5,1,0
tdmddbpq,18,5f0bpqo8,39,activism,RoundResults,1781012453,4,0,0
tdmddbpq,22,nqzcesvm,46,activism,EffortTask,1781012453,5,1,0
tdmddbpq,17,ek9i2pnl,39,activism,RoundResults,1781012454,4,0,0
tdmddbpq,28,r3xrntnr,37,activism,Contribute,1781012454,4,0,0
tdmddbpq,27,bygi6pv2,47,activism,Contribute,1781012454,5,0,0
tdmddbpq,26,mdfk29n4,47,activism,Contribute,1781012454,5,0,0
tdmddbpq,5,omy7uxz8,39,activism,RoundResults,1781012455,4,0,0
tdmddbpq,24,5axkw4ic,47,activism,Contribute,1781012456,5,0,0
tdmddbpq,9,678275og,47,activism,Contribute,1781012457,5,0,0
tdmddbpq,23,t5bft775,47,activism,Contribute,1781012457,5,0,0
tdmddbpq,7,emq43ot6,47,activism,Contribute,1781012458,5,0,0
tdmddbpq,7,emq43ot6,48,activism,WaitForResults,1781012458,5,0,1
tdmddbpq,4,mo19ix9u,48,activism,WaitForResults,1781012458,5,0,1
tdmddbpq,26,mdfk29n4,48,activism,WaitForResults,1781012458,5,0,1
tdmddbpq,27,bygi6pv2,48,activism,WaitForResults,1781012458,5,0,1
tdmddbpq,14,s4fdfqql,47,activism,Contribute,1781012460,5,0,0
tdmddbpq,4,mo19ix9u,49,activism,RoundResults,1781012461,5,0,0
tdmddbpq,27,bygi6pv2,49,activism,RoundResults,1781012461,5,0,0
tdmddbpq,2,gl3plip3,47,activism,Contribute,1781012462,5,0,0
tdmddbpq,12,hd9e5rlc,48,activism,WaitForResults,1781012462,5,0,1
tdmddbpq,23,t5bft775,48,activism,WaitForResults,1781012462,5,0,1
tdmddbpq,10,84zpvizz,48,activism,WaitForResults,1781012462,5,0,1
tdmddbpq,2,gl3plip3,48,activism,WaitForResults,1781012462,5,0,1
tdmddbpq,21,amhitlg7,37,activism,Contribute,1781012462,4,0,0
tdmddbpq,15,1pjntanf,37,activism,Contribute,1781012462,4,0,0
tdmddbpq,11,5qny78h8,38,activism,WaitForResults,1781012462,4,0,1
tdmddbpq,15,1pjntanf,38,activism,WaitForResults,1781012462,4,0,1
tdmddbpq,21,amhitlg7,38,activism,WaitForResults,1781012462,4,0,1
tdmddbpq,28,r3xrntnr,38,activism,WaitForResults,1781012462,4,0,1
tdmddbpq,8,zwt9mabo,39,activism,RoundResults,1781012463,4,0,0
tdmddbpq,26,mdfk29n4,49,activism,RoundResults,1781012464,5,0,0
tdmddbpq,12,hd9e5rlc,49,activism,RoundResults,1781012464,5,0,0
tdmddbpq,23,t5bft775,49,activism,RoundResults,1781012464,5,0,0
tdmddbpq,11,5qny78h8,39,activism,RoundResults,1781012467,4,0,0
tdmddbpq,28,r3xrntnr,39,activism,RoundResults,1781012467,4,0,0
tdmddbpq,2,gl3plip3,49,activism,RoundResults,1781012467,5,0,0
tdmddbpq,21,amhitlg7,39,activism,RoundResults,1781012467,4,0,0
tdmddbpq,7,emq43ot6,49,activism,RoundResults,1781012469,5,0,0
tdmddbpq,15,1pjntanf,39,activism,RoundResults,1781012471,4,0,0
tdmddbpq,22,nqzcesvm,47,activism,Contribute,1781012472,5,0,0
tdmddbpq,9,678275og,48,activism,WaitForResults,1781012472,5,0,1
tdmddbpq,14,s4fdfqql,48,activism,WaitForResults,1781012472,5,0,1
tdmddbpq,22,nqzcesvm,48,activism,WaitForResults,1781012472,5,0,1
tdmddbpq,24,5axkw4ic,48,activism,WaitForResults,1781012472,5,0,1
tdmddbpq,25,83aftgm4,46,activism,EffortTask,1781012475,5,1,0
tdmddbpq,22,nqzcesvm,49,activism,RoundResults,1781012475,5,0,0
tdmddbpq,3,0m90edei,46,activism,EffortTask,1781012476,5,1,0
tdmddbpq,14,s4fdfqql,49,activism,RoundResults,1781012478,5,0,0
tdmddbpq,20,re1bvtsn,46,activism,EffortTask,1781012478,5,1,0
tdmddbpq,9,678275og,49,activism,RoundResults,1781012478,5,0,0
tdmddbpq,24,5axkw4ic,49,activism,RoundResults,1781012480,5,0,0
tdmddbpq,3,0m90edei,47,activism,Contribute,1781012480,5,0,0
tdmddbpq,25,83aftgm4,47,activism,Contribute,1781012480,5,0,0
tdmddbpq,20,re1bvtsn,47,activism,Contribute,1781012481,5,0,0
tdmddbpq,16,f6vny8d1,46,activism,EffortTask,1781012482,5,1,0
tdmddbpq,16,f6vny8d1,47,activism,Contribute,1781012487,5,0,0
tdmddbpq,16,f6vny8d1,48,activism,WaitForResults,1781012487,5,0,1
tdmddbpq,20,re1bvtsn,48,activism,WaitForResults,1781012487,5,0,1
tdmddbpq,25,83aftgm4,48,activism,WaitForResults,1781012487,5,0,1
tdmddbpq,3,0m90edei,48,activism,WaitForResults,1781012487,5,0,1
tdmddbpq,20,re1bvtsn,49,activism,RoundResults,1781012490,5,0,0
tdmddbpq,25,83aftgm4,49,activism,RoundResults,1781012490,5,0,0
tdmddbpq,3,0m90edei,49,activism,RoundResults,1781012491,5,0,0
tdmddbpq,16,f6vny8d1,49,activism,RoundResults,1781012493,5,0,0
tdmddbpq,19,fevonr07,56,activism,EffortTask,1781012497,6,1,0
tdmddbpq,6,hw7ddtgh,56,activism,EffortTask,1781012497,6,1,0
tdmddbpq,1,r6cd7e3m,56,activism,EffortTask,1781012497,6,1,0
tdmddbpq,13,evnisgib,56,activism,EffortTask,1781012498,6,1,0
tdmddbpq,18,5f0bpqo8,46,activism,EffortTask,1781012498,5,1,0
tdmddbpq,17,ek9i2pnl,46,activism,EffortTask,1781012499,5,1,0
tdmddbpq,5,omy7uxz8,46,activism,EffortTask,1781012500,5,1,0
tdmddbpq,1,r6cd7e3m,57,activism,Contribute,1781012500,6,0,0
tdmddbpq,6,hw7ddtgh,57,activism,Contribute,1781012501,6,0,0
tdmddbpq,19,fevonr07,57,activism,Contribute,1781012501,6,0,0
tdmddbpq,13,evnisgib,57,activism,Contribute,1781012501,6,0,0
tdmddbpq,1,r6cd7e3m,58,activism,WaitForResults,1781012501,6,0,1
tdmddbpq,6,hw7ddtgh,58,activism,WaitForResults,1781012501,6,0,1
tdmddbpq,13,evnisgib,58,activism,WaitForResults,1781012501,6,0,1
tdmddbpq,19,fevonr07,58,activism,WaitForResults,1781012501,6,0,1
tdmddbpq,13,evnisgib,59,activism,RoundResults,1781012503,6,0,0
tdmddbpq,6,hw7ddtgh,59,activism,RoundResults,1781012503,6,0,0
tdmddbpq,1,r6cd7e3m,59,activism,RoundResults,1781012505,6,0,0
tdmddbpq,4,mo19ix9u,56,activism,EffortTask,1781012506,6,1,0
tdmddbpq,5,omy7uxz8,47,activism,Contribute,1781012506,5,0,0
tdmddbpq,27,bygi6pv2,56,activism,EffortTask,1781012507,6,1,0
tdmddbpq,8,zwt9mabo,46,activism,EffortTask,1781012508,5,0,0
tdmddbpq,4,mo19ix9u,57,activism,Contribute,1781012509,6,0,0
tdmddbpq,26,mdfk29n4,56,activism,EffortTask,1781012509,6,1,0
tdmddbpq,12,hd9e5rlc,56,activism,EffortTask,1781012509,6,1,0
tdmddbpq,23,t5bft775,56,activism,EffortTask,1781012509,6,1,0
tdmddbpq,27,bygi6pv2,57,activism,Contribute,1781012510,6,0,0
tdmddbpq,11,5qny78h8,46,activism,EffortTask,1781012512,5,1,0
tdmddbpq,28,r3xrntnr,46,activism,EffortTask,1781012512,5,1,0
tdmddbpq,2,gl3plip3,56,activism,EffortTask,1781012512,6,1,0
tdmddbpq,21,amhitlg7,46,activism,EffortTask,1781012512,5,1,0
tdmddbpq,17,ek9i2pnl,47,activism,Contribute,1781012513,5,0,0
tdmddbpq,23,t5bft775,57,activism,Contribute,1781012513,6,0,0
tdmddbpq,26,mdfk29n4,57,activism,Contribute,1781012513,6,0,0
tdmddbpq,18,5f0bpqo8,47,activism,Contribute,1781012513,5,0,0
tdmddbpq,7,emq43ot6,56,activism,EffortTask,1781012515,6,1,0
tdmddbpq,12,hd9e5rlc,57,activism,Contribute,1781012515,6,0,0
tdmddbpq,19,fevonr07,59,activism,RoundResults,1781012516,6,0,0
tdmddbpq,15,1pjntanf,46,activism,EffortTask,1781012516,5,1,0
tdmddbpq,2,gl3plip3,57,activism,Contribute,1781012517,6,0,0
tdmddbpq,28,r3xrntnr,47,activism,Contribute,1781012517,5,0,0
tdmddbpq,21,amhitlg7,47,activism,Contribute,1781012518,5,0,0
tdmddbpq,7,emq43ot6,57,activism,Contribute,1781012519,6,0,0
tdmddbpq,11,5qny78h8,47,activism,Contribute,1781012519,5,0,0
tdmddbpq,4,mo19ix9u,58,activism,WaitForResults,1781012519,6,0,1
tdmddbpq,7,emq43ot6,58,activism,WaitForResults,1781012519,6,0,1
tdmddbpq,27,bygi6pv2,58,activism,WaitForResults,1781012519,6,0,1
tdmddbpq,26,mdfk29n4,58,activism,WaitForResults,1781012519,6,0,1
tdmddbpq,22,nqzcesvm,56,activism,EffortTask,1781012520,6,1,0
tdmddbpq,27,bygi6pv2,59,activism,RoundResults,1781012522,6,0,0
tdmddbpq,4,mo19ix9u,59,activism,RoundResults,1781012522,6,0,0
tdmddbpq,14,s4fdfqql,56,activism,EffortTask,1781012523,6,1,0
tdmddbpq,9,678275og,56,activism,EffortTask,1781012523,6,1,0
tdmddbpq,22,nqzcesvm,57,activism,Contribute,1781012524,6,0,0
tdmddbpq,24,5axkw4ic,56,activism,EffortTask,1781012525,6,1,0
tdmddbpq,8,zwt9mabo,47,activism,Contribute,1781012525,5,0,0
tdmddbpq,8,zwt9mabo,48,activism,WaitForResults,1781012526,5,0,1
tdmddbpq,17,ek9i2pnl,48,activism,WaitForResults,1781012526,5,0,1
tdmddbpq,5,omy7uxz8,48,activism,WaitForResults,1781012526,5,0,1
tdmddbpq,18,5f0bpqo8,48,activism,WaitForResults,1781012526,5,0,1
tdmddbpq,9,678275og,57,activism,Contribute,1781012527,6,0,0
tdmddbpq,26,mdfk29n4,59,activism,RoundResults,1781012529,6,0,0
tdmddbpq,7,emq43ot6,59,activism,RoundResults,1781012530,6,0,0
tdmddbpq,14,s4fdfqql,57,activism,Contribute,1781012530,6,0,0
tdmddbpq,24,5axkw4ic,57,activism,Contribute,1781012532,6,0,0
tdmddbpq,9,678275og,58,activism,WaitForResults,1781012532,6,0,1
tdmddbpq,14,s4fdfqql,58,activism,WaitForResults,1781012532,6,0,1
tdmddbpq,22,nqzcesvm,58,activism,WaitForResults,1781012532,6,0,1
tdmddbpq,24,5axkw4ic,58,activism,WaitForResults,1781012532,6,0,1
tdmddbpq,5,omy7uxz8,49,activism,RoundResults,1781012534,5,0,0
tdmddbpq,8,zwt9mabo,49,activism,RoundResults,1781012534,5,0,0
tdmddbpq,25,83aftgm4,56,activism,EffortTask,1781012535,6,0,0
tdmddbpq,20,re1bvtsn,56,activism,EffortTask,1781012535,6,1,0
tdmddbpq,15,1pjntanf,47,activism,Contribute,1781012535,5,0,0
tdmddbpq,11,5qny78h8,48,activism,WaitForResults,1781012535,5,0,1
tdmddbpq,15,1pjntanf,48,activism,WaitForResults,1781012535,5,0,1
tdmddbpq,21,amhitlg7,48,activism,WaitForResults,1781012535,5,0,1
tdmddbpq,28,r3xrntnr,48,activism,WaitForResults,1781012535,5,0,1
tdmddbpq,18,5f0bpqo8,49,activism,RoundResults,1781012536,5,0,0
tdmddbpq,24,5axkw4ic,59,activism,RoundResults,1781012536,6,0,0
tdmddbpq,3,0m90edei,56,activism,EffortTask,1781012536,6,1,0
tdmddbpq,14,s4fdfqql,59,activism,RoundResults,1781012538,6,0,0
tdmddbpq,25,83aftgm4,57,activism,Contribute,1781012538,6,0,0
tdmddbpq,16,f6vny8d1,56,activism,EffortTask,1781012538,6,1,0
tdmddbpq,20,re1bvtsn,57,activism,Contribute,1781012539,6,0,0
tdmddbpq,22,nqzcesvm,59,activism,RoundResults,1781012540,6,0,0
tdmddbpq,11,5qny78h8,49,activism,RoundResults,1781012540,5,0,0
tdmddbpq,9,678275og,59,activism,RoundResults,1781012540,6,0,0
tdmddbpq,17,ek9i2pnl,49,activism,RoundResults,1781012541,5,0,0
tdmddbpq,16,f6vny8d1,57,activism,Contribute,1781012541,6,0,0
tdmddbpq,15,1pjntanf,49,activism,RoundResults,1781012544,5,0,0
tdmddbpq,3,0m90edei,57,activism,Contribute,1781012545,6,0,0
tdmddbpq,3,0m90edei,58,activism,WaitForResults,1781012545,6,0,1
tdmddbpq,16,f6vny8d1,58,activism,WaitForResults,1781012545,6,0,1
tdmddbpq,20,re1bvtsn,58,activism,WaitForResults,1781012545,6,0,1
tdmddbpq,25,83aftgm4,58,activism,WaitForResults,1781012545,6,0,1
tdmddbpq,28,r3xrntnr,49,activism,RoundResults,1781012545,5,0,0
tdmddbpq,3,0m90edei,59,activism,RoundResults,1781012546,6,0,0
tdmddbpq,20,re1bvtsn,59,activism,RoundResults,1781012547,6,0,0
tdmddbpq,13,evnisgib,66,activism,EffortTask,1781012549,7,1,0
tdmddbpq,6,hw7ddtgh,66,activism,EffortTask,1781012549,7,1,0
tdmddbpq,1,r6cd7e3m,66,activism,EffortTask,1781012550,7,1,0
tdmddbpq,13,evnisgib,67,activism,Contribute,1781012552,7,0,0
tdmddbpq,6,hw7ddtgh,67,activism,Contribute,1781012552,7,0,0
tdmddbpq,1,r6cd7e3m,67,activism,Contribute,1781012552,7,0,0
tdmddbpq,21,amhitlg7,49,activism,RoundResults,1781012553,5,0,0
tdmddbpq,16,f6vny8d1,59,activism,RoundResults,1781012554,6,0,0
tdmddbpq,25,83aftgm4,59,activism,RoundResults,1781012554,6,0,0
tdmddbpq,19,fevonr07,66,activism,EffortTask,1781012561,7,1,0
tdmddbpq,19,fevonr07,67,activism,Contribute,1781012566,7,0,0
tdmddbpq,19,fevonr07,68,activism,WaitForResults,1781012566,7,0,1
tdmddbpq,1,r6cd7e3m,68,activism,WaitForResults,1781012566,7,0,1
tdmddbpq,6,hw7ddtgh,68,activism,WaitForResults,1781012566,7,0,1
tdmddbpq,13,evnisgib,68,activism,WaitForResults,1781012566,7,0,1
tdmddbpq,27,bygi6pv2,66,activism,EffortTask,1781012567,7,1,0
tdmddbpq,4,mo19ix9u,66,activism,EffortTask,1781012568,7,1,0
tdmddbpq,6,hw7ddtgh,69,activism,RoundResults,1781012568,7,0,0
tdmddbpq,13,evnisgib,69,activism,RoundResults,1781012570,7,0,0
tdmddbpq,19,fevonr07,69,activism,RoundResults,1781012570,7,0,0
tdmddbpq,4,mo19ix9u,67,activism,Contribute,1781012571,7,0,0
tdmddbpq,27,bygi6pv2,67,activism,Contribute,1781012572,7,0,0
tdmddbpq,1,r6cd7e3m,69,activism,RoundResults,1781012574,7,0,0
tdmddbpq,26,mdfk29n4,66,activism,EffortTask,1781012574,7,1,0
tdmddbpq,7,emq43ot6,66,activism,EffortTask,1781012575,7,1,0
tdmddbpq,26,mdfk29n4,67,activism,Contribute,1781012578,7,0,0
tdmddbpq,5,omy7uxz8,56,activism,EffortTask,1781012579,6,1,0
tdmddbpq,8,zwt9mabo,56,activism,EffortTask,1781012580,6,1,0
tdmddbpq,18,5f0bpqo8,56,activism,EffortTask,1781012581,6,1,0
tdmddbpq,24,5axkw4ic,66,activism,EffortTask,1781012581,7,1,0
tdmddbpq,7,emq43ot6,67,activism,Contribute,1781012583,7,0,0
tdmddbpq,4,mo19ix9u,68,activism,WaitForResults,1781012583,7,0,1
tdmddbpq,7,emq43ot6,68,activism,WaitForResults,1781012583,7,0,1
tdmddbpq,26,mdfk29n4,68,activism,WaitForResults,1781012583,7,0,1
tdmddbpq,27,bygi6pv2,68,activism,WaitForResults,1781012583,7,0,1
tdmddbpq,14,s4fdfqql,66,activism,EffortTask,1781012583,7,1,0
tdmddbpq,5,omy7uxz8,57,activism,Contribute,1781012583,6,0,0
tdmddbpq,22,nqzcesvm,66,activism,EffortTask,1781012585,7,1,0
tdmddbpq,11,5qny78h8,56,activism,EffortTask,1781012585,6,1,0
tdmddbpq,4,mo19ix9u,69,activism,RoundResults,1781012585,7,0,0
tdmddbpq,27,bygi6pv2,69,activism,RoundResults,1781012586,7,0,0
tdmddbpq,9,678275og,66,activism,EffortTask,1781012586,7,1,0
tdmddbpq,17,ek9i2pnl,56,activism,EffortTask,1781012586,6,1,0
tdmddbpq,24,5axkw4ic,67,activism,Contribute,1781012587,7,0,0
tdmddbpq,14,s4fdfqql,67,activism,Contribute,1781012588,7,0,0
tdmddbpq,15,1pjntanf,56,activism,EffortTask,1781012590,6,1,0
tdmddbpq,22,nqzcesvm,67,activism,Contribute,1781012590,7,0,0
tdmddbpq,28,r3xrntnr,56,activism,EffortTask,1781012590,6,1,0
tdmddbpq,8,zwt9mabo,57,activism,Contribute,1781012591,6,0,0
tdmddbpq,11,5qny78h8,57,activism,Contribute,1781012591,6,0,0
tdmddbpq,7,emq43ot6,69,activism,RoundResults,1781012591,7,0,0
tdmddbpq,3,0m90edei,66,activism,EffortTask,1781012591,7,1,0
tdmddbpq,9,678275og,67,activism,Contribute,1781012592,7,0,0
tdmddbpq,9,678275og,68,activism,WaitForResults,1781012592,7,0,1
tdmddbpq,14,s4fdfqql,68,activism,WaitForResults,1781012592,7,0,1
tdmddbpq,22,nqzcesvm,68,activism,WaitForResults,1781012592,7,0,1
tdmddbpq,24,5axkw4ic,68,activism,WaitForResults,1781012592,7,0,1
tdmddbpq,20,re1bvtsn,66,activism,EffortTask,1781012592,7,1,0
tdmddbpq,18,5f0bpqo8,57,activism,Contribute,1781012594,6,0,0
tdmddbpq,15,1pjntanf,57,activism,Contribute,1781012595,6,0,0
tdmddbpq,3,0m90edei,67,activism,Contribute,1781012596,7,0,0
tdmddbpq,28,r3xrntnr,57,activism,Contribute,1781012596,6,0,0
tdmddbpq,20,re1bvtsn,67,activism,Contribute,1781012596,7,0,0
tdmddbpq,9,678275og,69,activism,RoundResults,1781012596,7,0,0
tdmddbpq,26,mdfk29n4,69,activism,RoundResults,1781012597,7,0,0
tdmddbpq,14,s4fdfqql,69,activism,RoundResults,1781012597,7,0,0
tdmddbpq,24,5axkw4ic,69,activism,RoundResults,1781012597,7,0,0
tdmddbpq,22,nqzcesvm,69,activism,RoundResults,1781012597,7,0,0
tdmddbpq,21,amhitlg7,56,activism,EffortTask,1781012599,6,1,0
tdmddbpq,17,ek9i2pnl,57,activism,Contribute,1781012599,6,0,0
tdmddbpq,5,omy7uxz8,58,activism,WaitForResults,1781012599,6,0,1
tdmddbpq,8,zwt9mabo,58,activism,WaitForResults,1781012599,6,0,1
tdmddbpq,17,ek9i2pnl,58,activism,WaitForResults,1781012599,6,0,1
tdmddbpq,18,5f0bpqo8,58,activism,WaitForResults,1781012599,6,0,1
tdmddbpq,16,f6vny8d1,66,activism,EffortTask,1781012599,7,1,0
tdmddbpq,25,83aftgm4,66,activism,EffortTask,1781012599,7,1,0
tdmddbpq,25,83aftgm4,67,activism,Contribute,1781012602,7,0,0
tdmddbpq,5,omy7uxz8,59,activism,RoundResults,1781012604,6,0,0
tdmddbpq,16,f6vny8d1,67,activism,Contribute,1781012604,7,0,0
tdmddbpq,3,0m90edei,68,activism,WaitForResults,1781012604,7,0,1
tdmddbpq,16,f6vny8d1,68,activism,WaitForResults,1781012604,7,0,1
tdmddbpq,20,re1bvtsn,68,activism,WaitForResults,1781012604,7,0,1
tdmddbpq,25,83aftgm4,68,activism,WaitForResults,1781012604,7,0,1
tdmddbpq,18,5f0bpqo8,59,activism,RoundResults,1781012605,6,0,0
tdmddbpq,25,83aftgm4,69,activism,RoundResults,1781012606,7,0,0
tdmddbpq,21,amhitlg7,57,activism,Contribute,1781012606,6,0,0
tdmddbpq,11,5qny78h8,58,activism,WaitForResults,1781012606,6,0,1
tdmddbpq,15,1pjntanf,58,activism,WaitForResults,1781012606,6,0,1
tdmddbpq,21,amhitlg7,58,activism,WaitForResults,1781012606,6,0,1
tdmddbpq,28,r3xrntnr,58,activism,WaitForResults,1781012606,6,0,1
tdmddbpq,17,ek9i2pnl,59,activism,RoundResults,1781012606,6,0,0
tdmddbpq,1,r6cd7e3m,73,activism,InstructionsPart2,1781012608,8,0,0
tdmddbpq,20,re1bvtsn,69,activism,RoundResults,1781012610,7,0,0
tdmddbpq,11,5qny78h8,59,activism,RoundResults,1781012611,6,0,0
tdmddbpq,21,amhitlg7,59,activism,RoundResults,1781012611,6,0,0
tdmddbpq,16,f6vny8d1,69,activism,RoundResults,1781012612,7,0,0
tdmddbpq,3,0m90edei,69,activism,RoundResults,1781012614,7,0,0
tdmddbpq,8,zwt9mabo,59,activism,RoundResults,1781012615,6,0,0
tdmddbpq,15,1pjntanf,59,activism,RoundResults,1781012616,6,0,0
tdmddbpq,28,r3xrntnr,59,activism,RoundResults,1781012616,6,0,0
tdmddbpq,1,r6cd7e3m,74,activism,ActivismChoice,1781012617,8,0,0
tdmddbpq,13,evnisgib,73,activism,InstructionsPart2,1781012617,8,0,0
tdmddbpq,4,mo19ix9u,73,activism,InstructionsPart2,1781012622,8,0,0
tdmddbpq,4,mo19ix9u,74,activism,ActivismChoice,1781012625,8,0,0
tdmddbpq,6,hw7ddtgh,73,activism,InstructionsPart2,1781012627,8,0,0
tdmddbpq,13,evnisgib,74,activism,ActivismChoice,1781012629,8,0,0
tdmddbpq,22,nqzcesvm,73,activism,InstructionsPart2,1781012643,8,0,0
tdmddbpq,6,hw7ddtgh,74,activism,ActivismChoice,1781012644,8,0,0
tdmddbpq,5,omy7uxz8,66,activism,EffortTask,1781012649,7,1,0
tdmddbpq,14,s4fdfqql,73,activism,InstructionsPart2,1781012650,8,0,0
tdmddbpq,18,5f0bpqo8,66,activism,EffortTask,1781012650,7,1,0
tdmddbpq,17,ek9i2pnl,66,activism,EffortTask,1781012652,7,1,0
tdmddbpq,19,fevonr07,73,activism,InstructionsPart2,1781012652,8,0,0
tdmddbpq,26,mdfk29n4,73,activism,InstructionsPart2,1781012653,8,0,0
tdmddbpq,5,omy7uxz8,67,activism,Contribute,1781012653,7,0,0
tdmddbpq,11,5qny78h8,66,activism,EffortTask,1781012656,7,1,0
tdmddbpq,19,fevonr07,74,activism,ActivismChoice,1781012657,8,0,0
tdmddbpq,6,hw7ddtgh,75,activism,WaitForActivism,1781012657,8,0,1
tdmddbpq,1,r6cd7e3m,75,activism,WaitForActivism,1781012657,8,0,1
tdmddbpq,13,evnisgib,75,activism,WaitForActivism,1781012657,8,0,1
tdmddbpq,19,fevonr07,75,activism,WaitForActivism,1781012657,8,0,1
tdmddbpq,21,amhitlg7,66,activism,EffortTask,1781012657,7,1,0
tdmddbpq,8,zwt9mabo,66,activism,EffortTask,1781012658,7,0,0
tdmddbpq,7,emq43ot6,73,activism,InstructionsPart2,1781012659,8,0,0
tdmddbpq,17,ek9i2pnl,67,activism,Contribute,1781012661,7,0,0
tdmddbpq,21,amhitlg7,67,activism,Contribute,1781012662,7,0,0
tdmddbpq,15,1pjntanf,66,activism,EffortTask,1781012662,7,1,0
tdmddbpq,28,r3xrntnr,66,activism,EffortTask,1781012662,7,1,0
tdmddbpq,18,5f0bpqo8,67,activism,Contribute,1781012662,7,0,0
tdmddbpq,7,emq43ot6,74,activism,ActivismChoice,1781012663,8,0,0
tdmddbpq,22,nqzcesvm,74,activism,ActivismChoice,1781012663,8,0,0
tdmddbpq,26,mdfk29n4,74,activism,ActivismChoice,1781012663,8,0,0
tdmddbpq,27,bygi6pv2,73,activism,InstructionsPart2,1781012664,8,0,0
tdmddbpq,8,zwt9mabo,67,activism,Contribute,1781012665,7,0,0
tdmddbpq,8,zwt9mabo,68,activism,WaitForResults,1781012665,7,0,1
tdmddbpq,5,omy7uxz8,68,activism,WaitForResults,1781012665,7,0,1
tdmddbpq,18,5f0bpqo8,68,activism,WaitForResults,1781012665,7,0,1
tdmddbpq,17,ek9i2pnl,68,activism,WaitForResults,1781012665,7,0,1
tdmddbpq,14,s4fdfqql,74,activism,ActivismChoice,1781012668,8,0,0
tdmddbpq,28,r3xrntnr,67,activism,Contribute,1781012669,7,0,0
tdmddbpq,11,5qny78h8,67,activism,Contribute,1781012669,7,0,0
tdmddbpq,5,omy7uxz8,69,activism,RoundResults,1781012669,7,0,0
tdmddbpq,8,zwt9mabo,69,activism,RoundResults,1781012671,7,0,0
tdmddbpq,17,ek9i2pnl,69,activism,RoundResults,1781012671,7,0,0
tdmddbpq,15,1pjntanf,67,activism,Contribute,1781012672,7,0,0
tdmddbpq,11,5qny78h8,68,activism,WaitForResults,1781012672,7,0,1
tdmddbpq,15,1pjntanf,68,activism,WaitForResults,1781012672,7,0,1
tdmddbpq,28,r3xrntnr,68,activism,WaitForResults,1781012672,7,0,1
tdmddbpq,21,amhitlg7,68,activism,WaitForResults,1781012672,7,0,1
tdmddbpq,16,f6vny8d1,73,activism,InstructionsPart2,1781012674,8,0,0
tdmddbpq,27,bygi6pv2,74,activism,ActivismChoice,1781012675,8,0,0
tdmddbpq,7,emq43ot6,75,activism,WaitForActivism,1781012675,8,0,1
tdmddbpq,4,mo19ix9u,75,activism,WaitForActivism,1781012675,8,0,1
tdmddbpq,27,bygi6pv2,75,activism,WaitForActivism,1781012675,8,0,1
tdmddbpq,26,mdfk29n4,75,activism,WaitForActivism,1781012675,8,0,1
tdmddbpq,11,5qny78h8,69,activism,RoundResults,1781012675,7,0,0
tdmddbpq,21,amhitlg7,69,activism,RoundResults,1781012675,7,0,0
tdmddbpq,25,83aftgm4,73,activism,InstructionsPart2,1781012676,8,0,0
tdmddbpq,28,r3xrntnr,69,activism,RoundResults,1781012678,7,0,0
tdmddbpq,15,1pjntanf,69,activism,RoundResults,1781012679,7,0,0
tdmddbpq,18,5f0bpqo8,69,activism,RoundResults,1781012680,7,0,0
tdmddbpq,9,678275og,73,activism,InstructionsPart2,1781012680,8,0,0
tdmddbpq,3,0m90edei,73,activism,InstructionsPart2,1781012680,8,0,0
tdmddbpq,9,678275og,74,activism,ActivismChoice,1781012682,8,0,0
tdmddbpq,20,re1bvtsn,73,activism,InstructionsPart2,1781012686,8,0,0
tdmddbpq,24,5axkw4ic,73,activism,InstructionsPart2,1781012686,8,0,0
tdmddbpq,3,0m90edei,74,activism,ActivismChoice,1781012688,8,0,0
tdmddbpq,16,f6vny8d1,74,activism,ActivismChoice,1781012690,8,0,0
tdmddbpq,13,evnisgib,76,activism,EffortTask,1781012700,8,0,0
tdmddbpq,19,fevonr07,76,activism,EffortTask,1781012701,8,0,0
tdmddbpq,1,r6cd7e3m,76,activism,EffortTask,1781012702,8,1,0
tdmddbpq,6,hw7ddtgh,76,activism,EffortTask,1781012702,8,1,0
tdmddbpq,24,5axkw4ic,74,activism,ActivismChoice,1781012703,8,0,0
tdmddbpq,9,678275og,75,activism,WaitForActivism,1781012703,8,0,1
tdmddbpq,14,s4fdfqql,75,activism,WaitForActivism,1781012703,8,0,1
tdmddbpq,22,nqzcesvm,75,activism,WaitForActivism,1781012703,8,0,1
tdmddbpq,24,5axkw4ic,75,activism,WaitForActivism,1781012703,8,0,1
tdmddbpq,5,omy7uxz8,73,activism,InstructionsPart2,1781012705,8,0,0
tdmddbpq,25,83aftgm4,74,activism,ActivismChoice,1781012706,8,0,0
tdmddbpq,13,evnisgib,77,activism,Contribute,1781012708,8,0,0
tdmddbpq,20,re1bvtsn,74,activism,ActivismChoice,1781012708,8,0,0
tdmddbpq,3,0m90edei,75,activism,WaitForActivism,1781012708,8,0,1
tdmddbpq,16,f6vny8d1,75,activism,WaitForActivism,1781012708,8,0,1
tdmddbpq,20,re1bvtsn,75,activism,WaitForActivism,1781012708,8,0,1
tdmddbpq,25,83aftgm4,75,activism,WaitForActivism,1781012708,8,0,1
tdmddbpq,1,r6cd7e3m,77,activism,Contribute,1781012709,8,0,0
tdmddbpq,26,mdfk29n4,76,activism,EffortTask,1781012710,8,1,0
tdmddbpq,7,emq43ot6,76,activism,EffortTask,1781012710,8,1,0
tdmddbpq,4,mo19ix9u,76,activism,EffortTask,1781012710,8,1,0
tdmddbpq,5,omy7uxz8,74,activism,ActivismChoice,1781012712,8,0,0
tdmddbpq,19,fevonr07,77,activism,Contribute,1781012718,8,0,0
tdmddbpq,4,mo19ix9u,77,activism,Contribute,1781012718,8,0,0
tdmddbpq,6,hw7ddtgh,77,activism,Contribute,1781012719,8,0,0
tdmddbpq,1,r6cd7e3m,78,activism,WaitForResults,1781012719,8,0,1
tdmddbpq,6,hw7ddtgh,78,activism,WaitForResults,1781012719,8,0,1
tdmddbpq,13,evnisgib,78,activism,WaitForResults,1781012719,8,0,1
tdmddbpq,19,fevonr07,78,activism,WaitForResults,1781012719,8,0,1
tdmddbpq,27,bygi6pv2,76,activism,EffortTask,1781012720,8,1,0
tdmddbpq,7,emq43ot6,77,activism,Contribute,1781012720,8,0,0
tdmddbpq,19,fevonr07,79,activism,RoundResults,1781012723,8,0,0
tdmddbpq,8,zwt9mabo,73,activism,InstructionsPart2,1781012724,8,0,0
tdmddbpq,17,ek9i2pnl,73,activism,InstructionsPart2,1781012724,8,0,0
tdmddbpq,6,hw7ddtgh,79,activism,RoundResults,1781012724,8,0,0
tdmddbpq,15,1pjntanf,73,activism,InstructionsPart2,1781012726,8,0,0
tdmddbpq,1,r6cd7e3m,79,activism,RoundResults,1781012726,8,0,0
tdmddbpq,28,r3xrntnr,73,activism,InstructionsPart2,1781012729,8,0,0
tdmddbpq,26,mdfk29n4,77,activism,Contribute,1781012729,8,0,0
tdmddbpq,11,5qny78h8,73,activism,InstructionsPart2,1781012730,8,0,0
tdmddbpq,17,ek9i2pnl,74,activism,ActivismChoice,1781012730,8,0,0
tdmddbpq,27,bygi6pv2,77,activism,Contribute,1781012732,8,0,0
tdmddbpq,4,mo19ix9u,78,activism,WaitForResults,1781012732,8,0,1
tdmddbpq,7,emq43ot6,78,activism,WaitForResults,1781012732,8,0,1
tdmddbpq,27,bygi6pv2,78,activism,WaitForResults,1781012732,8,0,1
tdmddbpq,26,mdfk29n4,78,activism,WaitForResults,1781012732,8,0,1
tdmddbpq,19,fevonr07,84,activism,ActivismChoice,1781012732,9,0,0
tdmddbpq,6,hw7ddtgh,84,activism,ActivismChoice,1781012732,9,0,0
tdmddbpq,1,r6cd7e3m,84,activism,ActivismChoice,1781012733,9,0,0
tdmddbpq,18,5f0bpqo8,73,activism,InstructionsPart2,1781012733,8,0,0
tdmddbpq,8,zwt9mabo,74,activism,ActivismChoice,1781012733,8,0,0
tdmddbpq,15,1pjntanf,74,activism,ActivismChoice,1781012734,8,0,0
tdmddbpq,27,bygi6pv2,79,activism,RoundResults,1781012735,8,0,0
tdmddbpq,4,mo19ix9u,79,activism,RoundResults,1781012736,8,0,0
tdmddbpq,21,amhitlg7,73,activism,InstructionsPart2,1781012738,8,0,0
tdmddbpq,14,s4fdfqql,76,activism,EffortTask,1781012738,8,1,0
tdmddbpq,13,evnisgib,79,activism,RoundResults,1781012739,8,0,0
tdmddbpq,11,5qny78h8,74,activism,ActivismChoice,1781012739,8,0,0
tdmddbpq,28,r3xrntnr,74,activism,ActivismChoice,1781012740,8,0,0
tdmddbpq,27,bygi6pv2,84,activism,ActivismChoice,1781012740,9,0,0
tdmddbpq,7,emq43ot6,79,activism,RoundResults,1781012741,8,0,0
tdmddbpq,4,mo19ix9u,84,activism,ActivismChoice,1781012743,9,0,0
tdmddbpq,24,5axkw4ic,76,activism,EffortTask,1781012743,8,1,0
tdmddbpq,9,678275og,76,activism,EffortTask,1781012743,8,1,0
tdmddbpq,18,5f0bpqo8,74,activism,ActivismChoice,1781012743,8,0,0
tdmddbpq,5,omy7uxz8,75,activism,WaitForActivism,1781012743,8,0,1
tdmddbpq,18,5f0bpqo8,75,activism,WaitForActivism,1781012743,8,0,1
tdmddbpq,8,zwt9mabo,75,activism,WaitForActivism,1781012743,8,0,1
tdmddbpq,17,ek9i2pnl,75,activism,WaitForActivism,1781012743,8,0,1
tdmddbpq,25,83aftgm4,76,activism,EffortTask,1781012744,8,1,0
tdmddbpq,16,f6vny8d1,76,activism,EffortTask,1781012744,8,1,0
tdmddbpq,7,emq43ot6,84,activism,ActivismChoice,1781012746,9,0,0
tdmddbpq,13,evnisgib,84,activism,ActivismChoice,1781012748,9,0,0
tdmddbpq,1,r6cd7e3m,85,activism,WaitForActivism,1781012748,9,0,1
tdmddbpq,13,evnisgib,85,activism,WaitForActivism,1781012748,9,0,1
tdmddbpq,6,hw7ddtgh,85,activism,WaitForActivism,1781012748,9,0,1
tdmddbpq,19,fevonr07,85,activism,WaitForActivism,1781012748,9,0,1
tdmddbpq,20,re1bvtsn,76,activism,EffortTask,1781012749,8,1,0
tdmddbpq,3,0m90edei,76,activism,EffortTask,1781012749,8,1,0
tdmddbpq,26,mdfk29n4,79,activism,RoundResults,1781012750,8,0,0
tdmddbpq,21,amhitlg7,74,activism,ActivismChoice,1781012751,8,0,0
tdmddbpq,16,f6vny8d1,77,activism,Contribute,1781012751,8,0,0
tdmddbpq,15,1pjntanf,75,activism,WaitForActivism,1781012751,8,0,1
tdmddbpq,11,5qny78h8,75,activism,WaitForActivism,1781012751,8,0,1
tdmddbpq,28,r3xrntnr,75,activism,WaitForActivism,1781012751,8,0,1
tdmddbpq,21,amhitlg7,75,activism,WaitForActivism,1781012751,8,0,1
tdmddbpq,9,678275og,77,activism,Contribute,1781012752,8,0,0
tdmddbpq,14,s4fdfqql,77,activism,Contribute,1781012753,8,0,0
tdmddbpq,26,mdfk29n4,84,activism,ActivismChoice,1781012754,9,0,0
tdmddbpq,7,emq43ot6,85,activism,WaitForActivism,1781012755,9,0,1
tdmddbpq,4,mo19ix9u,85,activism,WaitForActivism,1781012755,9,0,1
tdmddbpq,27,bygi6pv2,85,activism,WaitForActivism,1781012755,9,0,1
tdmddbpq,26,mdfk29n4,85,activism,WaitForActivism,1781012755,9,0,1
tdmddbpq,20,re1bvtsn,77,activism,Contribute,1781012756,8,0,0
tdmddbpq,25,83aftgm4,77,activism,Contribute,1781012756,8,0,0
tdmddbpq,24,5axkw4ic,77,activism,Contribute,1781012761,8,0,0
tdmddbpq,3,0m90edei,77,activism,Contribute,1781012769,8,0,0
tdmddbpq,3,0m90edei,78,activism,WaitForResults,1781012770,8,0,1
tdmddbpq,16,f6vny8d1,78,activism,WaitForResults,1781012770,8,0,1
tdmddbpq,20,re1bvtsn,78,activism,WaitForResults,1781012770,8,0,1
tdmddbpq,25,83aftgm4,78,activism,WaitForResults,1781012770,8,0,1
tdmddbpq,3,0m90edei,79,activism,RoundResults,1781012771,8,0,0
tdmddbpq,20,re1bvtsn,79,activism,RoundResults,1781012773,8,0,0
tdmddbpq,3,0m90edei,84,activism,ActivismChoice,1781012775,9,0,0
tdmddbpq,20,re1bvtsn,84,activism,ActivismChoice,1781012776,9,0,0
tdmddbpq,25,83aftgm4,79,activism,RoundResults,1781012781,8,0,0
tdmddbpq,16,f6vny8d1,79,activism,RoundResults,1781012781,8,0,0
tdmddbpq,25,83aftgm4,84,activism,ActivismChoice,1781012784,9,0,0
tdmddbpq,16,f6vny8d1,84,activism,ActivismChoice,1781012786,9,0,0
tdmddbpq,3,0m90edei,85,activism,WaitForActivism,1781012786,9,0,1
tdmddbpq,16,f6vny8d1,85,activism,WaitForActivism,1781012786,9,0,1
tdmddbpq,20,re1bvtsn,85,activism,WaitForActivism,1781012786,9,0,1
tdmddbpq,25,83aftgm4,85,activism,WaitForActivism,1781012786,9,0,1
tdmddbpq,8,zwt9mabo,76,activism,EffortTask,1781012787,8,0,0
tdmddbpq,18,5f0bpqo8,76,activism,EffortTask,1781012789,8,1,0
tdmddbpq,17,ek9i2pnl,76,activism,EffortTask,1781012789,8,1,0
tdmddbpq,5,omy7uxz8,76,activism,EffortTask,1781012789,8,1,0
tdmddbpq,26,mdfk29n4,86,activism,EffortTask,1781012790,9,1,0
tdmddbpq,7,emq43ot6,86,activism,EffortTask,1781012790,9,1,0
tdmddbpq,4,mo19ix9u,86,activism,EffortTask,1781012790,9,1,0
tdmddbpq,13,evnisgib,86,activism,EffortTask,1781012794,9,1,0
tdmddbpq,19,fevonr07,86,activism,EffortTask,1781012794,9,1,0
tdmddbpq,6,hw7ddtgh,86,activism,EffortTask,1781012794,9,1,0
tdmddbpq,1,r6cd7e3m,86,activism,EffortTask,1781012794,9,1,0
tdmddbpq,4,mo19ix9u,87,activism,Contribute,1781012795,9,0,0
tdmddbpq,21,amhitlg7,76,activism,EffortTask,1781012796,8,1,0
tdmddbpq,15,1pjntanf,76,activism,EffortTask,1781012796,8,1,0
tdmddbpq,28,r3xrntnr,76,activism,EffortTask,1781012796,8,1,0
tdmddbpq,7,emq43ot6,87,activism,Contribute,1781012796,9,0,0
tdmddbpq,11,5qny78h8,76,activism,EffortTask,1781012796,8,1,0
tdmddbpq,5,omy7uxz8,77,activism,Contribute,1781012797,8,0,0
tdmddbpq,26,mdfk29n4,87,activism,Contribute,1781012798,9,0,0
tdmddbpq,13,evnisgib,87,activism,Contribute,1781012799,9,0,0
tdmddbpq,1,r6cd7e3m,87,activism,Contribute,1781012799,9,0,0
tdmddbpq,27,bygi6pv2,86,activism,EffortTask,1781012800,9,1,0
tdmddbpq,17,ek9i2pnl,77,activism,Contribute,1781012801,8,0,0
tdmddbpq,8,zwt9mabo,77,activism,Contribute,1781012801,8,0,0
tdmddbpq,19,fevonr07,87,activism,Contribute,1781012802,9,0,0
tdmddbpq,27,bygi6pv2,87,activism,Contribute,1781012804,9,0,0
tdmddbpq,4,mo19ix9u,88,activism,WaitForResults,1781012804,9,0,1
tdmddbpq,7,emq43ot6,88,activism,WaitForResults,1781012804,9,0,1
tdmddbpq,27,bygi6pv2,88,activism,WaitForResults,1781012804,9,0,1
tdmddbpq,26,mdfk29n4,88,activism,WaitForResults,1781012804,9,0,1
tdmddbpq,21,amhitlg7,77,activism,Contribute,1781012805,8,0,0
tdmddbpq,6,hw7ddtgh,87,activism,Contribute,1781012805,9,0,0
tdmddbpq,1,r6cd7e3m,88,activism,WaitForResults,1781012805,9,0,1
tdmddbpq,13,evnisgib,88,activism,WaitForResults,1781012805,9,0,1
tdmddbpq,6,hw7ddtgh,88,activism,WaitForResults,1781012805,9,0,1
tdmddbpq,19,fevonr07,88,activism,WaitForResults,1781012805,9,0,1
tdmddbpq,27,bygi6pv2,89,activism,RoundResults,1781012806,9,0,0
tdmddbpq,7,emq43ot6,89,activism,RoundResults,1781012806,9,0,0
tdmddbpq,15,1pjntanf,77,activism,Contribute,1781012807,8,0,0
tdmddbpq,11,5qny78h8,77,activism,Contribute,1781012807,8,0,0
tdmddbpq,27,bygi6pv2,94,activism,ActivismChoice,1781012808,10,0,0
tdmddbpq,6,hw7ddtgh,89,activism,RoundResults,1781012810,9,0,0
tdmddbpq,26,mdfk29n4,89,activism,RoundResults,1781012810,9,0,0
tdmddbpq,4,mo19ix9u,89,activism,RoundResults,1781012810,9,0,0
tdmddbpq,13,evnisgib,89,activism,RoundResults,1781012811,9,0,0
tdmddbpq,4,mo19ix9u,94,activism,ActivismChoice,1781012812,10,0,0
tdmddbpq,13,evnisgib,94,activism,ActivismChoice,1781012812,10,0,0
tdmddbpq,18,5f0bpqo8,77,activism,Contribute,1781012812,8,0,0
tdmddbpq,5,omy7uxz8,78,activism,WaitForResults,1781012812,8,0,1
tdmddbpq,8,zwt9mabo,78,activism,WaitForResults,1781012812,8,0,1
tdmddbpq,17,ek9i2pnl,78,activism,WaitForResults,1781012812,8,0,1
tdmddbpq,18,5f0bpqo8,78,activism,WaitForResults,1781012812,8,0,1
tdmddbpq,7,emq43ot6,94,activism,ActivismChoice,1781012813,10,0,0
tdmddbpq,1,r6cd7e3m,89,activism,RoundResults,1781012815,9,0,0
tdmddbpq,6,hw7ddtgh,94,activism,ActivismChoice,1781012816,10,0,0
tdmddbpq,28,r3xrntnr,77,activism,Contribute,1781012817,8,0,0
tdmddbpq,11,5qny78h8,78,activism,WaitForResults,1781012817,8,0,1
tdmddbpq,15,1pjntanf,78,activism,WaitForResults,1781012817,8,0,1
tdmddbpq,21,amhitlg7,78,activism,WaitForResults,1781012817,8,0,1
tdmddbpq,28,r3xrntnr,78,activism,WaitForResults,1781012817,8,0,1
tdmddbpq,21,amhitlg7,79,activism,RoundResults,1781012819,8,0,0
tdmddbpq,5,omy7uxz8,79,activism,RoundResults,1781012820,8,0,0
tdmddbpq,17,ek9i2pnl,79,activism,RoundResults,1781012821,8,0,0
tdmddbpq,11,5qny78h8,79,activism,RoundResults,1781012821,8,0,0
tdmddbpq,16,f6vny8d1,86,activism,EffortTask,1781012821,9,1,0
tdmddbpq,25,83aftgm4,86,activism,EffortTask,1781012821,9,1,0
tdmddbpq,1,r6cd7e3m,94,activism,ActivismChoice,1781012822,10,0,0
tdmddbpq,21,amhitlg7,84,activism,ActivismChoice,1781012822,9,0,0
tdmddbpq,8,zwt9mabo,79,activism,RoundResults,1781012824,8,0,0
tdmddbpq,5,omy7uxz8,84,activism,ActivismChoice,1781012824,9,0,0
tdmddbpq,19,fevonr07,89,activism,RoundResults,1781012825,9,0,0
tdmddbpq,25,83aftgm4,87,activism,Contribute,1781012826,9,0,0
tdmddbpq,20,re1bvtsn,86,activism,EffortTask,1781012826,9,1,0
tdmddbpq,3,0m90edei,86,activism,EffortTask,1781012826,9,1,0
tdmddbpq,17,ek9i2pnl,84,activism,ActivismChoice,1781012827,9,0,0
tdmddbpq,16,f6vny8d1,87,activism,Contribute,1781012828,9,0,0
tdmddbpq,11,5qny78h8,84,activism,ActivismChoice,1781012828,9,0,0
tdmddbpq,18,5f0bpqo8,79,activism,RoundResults,1781012829,8,0,0
tdmddbpq,20,re1bvtsn,87,activism,Contribute,1781012829,9,0,0
tdmddbpq,28,r3xrntnr,79,activism,RoundResults,1781012829,8,0,0
tdmddbpq,8,zwt9mabo,84,activism,ActivismChoice,1781012830,9,0,0
tdmddbpq,26,mdfk29n4,94,activism,ActivismChoice,1781012831,10,0,0
tdmddbpq,7,emq43ot6,95,activism,WaitForActivism,1781012831,10,0,1
tdmddbpq,4,mo19ix9u,95,activism,WaitForActivism,1781012831,10,0,1
tdmddbpq,27,bygi6pv2,95,activism,WaitForActivism,1781012831,10,0,1
tdmddbpq,26,mdfk29n4,95,activism,WaitForActivism,1781012831,10,0,1
tdmddbpq,3,0m90edei,87,activism,Contribute,1781012831,9,0,0
tdmddbpq,3,0m90edei,88,activism,WaitForResults,1781012831,9,0,1
tdmddbpq,20,re1bvtsn,88,activism,WaitForResults,1781012831,9,0,1
tdmddbpq,25,83aftgm4,88,activism,WaitForResults,1781012831,9,0,1
tdmddbpq,16,f6vny8d1,88,activism,WaitForResults,1781012831,9,0,1
tdmddbpq,19,fevonr07,94,activism,ActivismChoice,1781012831,10,0,0
tdmddbpq,6,hw7ddtgh,95,activism,WaitForActivism,1781012832,10,0,1
tdmddbpq,19,fevonr07,95,activism,WaitForActivism,1781012832,10,0,1
tdmddbpq,1,r6cd7e3m,95,activism,WaitForActivism,1781012832,10,0,1
tdmddbpq,13,evnisgib,95,activism,WaitForActivism,1781012832,10,0,1
tdmddbpq,3,0m90edei,89,activism,RoundResults,1781012833,9,0,0
tdmddbpq,28,r3xrntnr,84,activism,ActivismChoice,1781012833,9,0,0
tdmddbpq,3,0m90edei,94,activism,ActivismChoice,1781012835,10,0,0
tdmddbpq,25,83aftgm4,89,activism,RoundResults,1781012835,9,0,0
tdmddbpq,20,re1bvtsn,89,activism,RoundResults,1781012835,9,0,0
tdmddbpq,16,f6vny8d1,89,activism,RoundResults,1781012837,9,0,0
tdmddbpq,25,83aftgm4,94,activism,ActivismChoice,1781012837,10,0,0
tdmddbpq,20,re1bvtsn,94,activism,ActivismChoice,1781012838,10,0,0
tdmddbpq,16,f6vny8d1,94,activism,ActivismChoice,1781012840,10,0,0
tdmddbpq,20,re1bvtsn,95,activism,WaitForActivism,1781012840,10,0,1
tdmddbpq,16,f6vny8d1,95,activism,WaitForActivism,1781012840,10,0,1
tdmddbpq,3,0m90edei,95,activism,WaitForActivism,1781012840,10,0,1
tdmddbpq,25,83aftgm4,95,activism,WaitForActivism,1781012840,10,0,1
tdmddbpq,15,1pjntanf,79,activism,RoundResults,1781012841,8,0,0
tdmddbpq,18,5f0bpqo8,84,activism,ActivismChoice,1781012844,9,0,0
tdmddbpq,5,omy7uxz8,85,activism,WaitForActivism,1781012844,9,0,1
tdmddbpq,8,zwt9mabo,85,activism,WaitForActivism,1781012844,9,0,1
tdmddbpq,18,5f0bpqo8,85,activism,WaitForActivism,1781012844,9,0,1
tdmddbpq,17,ek9i2pnl,85,activism,WaitForActivism,1781012844,9,0,1
tdmddbpq,15,1pjntanf,84,activism,ActivismChoice,1781012849,9,0,0
tdmddbpq,11,5qny78h8,85,activism,WaitForActivism,1781012849,9,0,1
tdmddbpq,15,1pjntanf,85,activism,WaitForActivism,1781012849,9,0,1
tdmddbpq,28,r3xrntnr,85,activism,WaitForActivism,1781012849,9,0,1
tdmddbpq,21,amhitlg7,85,activism,WaitForActivism,1781012849,9,0,1
tdmddbpq,7,emq43ot6,96,activism,EffortTask,1781012866,10,1,0
tdmddbpq,4,mo19ix9u,96,activism,EffortTask,1781012867,10,1,0
tdmddbpq,4,mo19ix9u,97,activism,Contribute,1781012871,10,0,0
tdmddbpq,7,emq43ot6,97,activism,Contribute,1781012871,10,0,0
tdmddbpq,13,evnisgib,96,activism,EffortTask,1781012873,10,0,0
tdmddbpq,16,f6vny8d1,96,activism,EffortTask,1781012876,10,1,0
tdmddbpq,26,mdfk29n4,96,activism,EffortTask,1781012876,10,1,0
tdmddbpq,27,bygi6pv2,96,activism,EffortTask,1781012876,10,1,0
tdmddbpq,19,fevonr07,96,activism,EffortTask,1781012877,10,1,0
tdmddbpq,1,r6cd7e3m,96,activism,EffortTask,1781012877,10,1,0
tdmddbpq,6,hw7ddtgh,96,activism,EffortTask,1781012877,10,1,0
tdmddbpq,13,evnisgib,97,activism,Contribute,1781012877,10,0,0
tdmddbpq,16,f6vny8d1,97,activism,Contribute,1781012880,10,0,0
tdmddbpq,20,re1bvtsn,96,activism,EffortTask,1781012881,10,1,0
tdmddbpq,25,83aftgm4,96,activism,EffortTask,1781012881,10,1,0
tdmddbpq,3,0m90edei,96,activism,EffortTask,1781012881,10,1,0
tdmddbpq,26,mdfk29n4,97,activism,Contribute,1781012881,10,0,0
tdmddbpq,6,hw7ddtgh,97,activism,Contribute,1781012882,10,0,0
tdmddbpq,27,bygi6pv2,97,activism,Contribute,1781012882,10,0,0
tdmddbpq,4,mo19ix9u,98,activism,WaitForResults,1781012882,10,0,1
tdmddbpq,7,emq43ot6,98,activism,WaitForResults,1781012882,10,0,1
tdmddbpq,26,mdfk29n4,98,activism,WaitForResults,1781012882,10,0,1
tdmddbpq,27,bygi6pv2,98,activism,WaitForResults,1781012882,10,0,1
tdmddbpq,19,fevonr07,97,activism,Contribute,1781012882,10,0,0
tdmddbpq,25,83aftgm4,97,activism,Contribute,1781012884,10,0,0
tdmddbpq,1,r6cd7e3m,97,activism,Contribute,1781012884,10,0,0
tdmddbpq,3,0m90edei,97,activism,Contribute,1781012884,10,0,0
tdmddbpq,19,fevonr07,98,activism,WaitForResults,1781012884,10,0,1
tdmddbpq,1,r6cd7e3m,98,activism,WaitForResults,1781012884,10,0,1
tdmddbpq,6,hw7ddtgh,98,activism,WaitForResults,1781012884,10,0,1
tdmddbpq,13,evnisgib,98,activism,WaitForResults,1781012884,10,0,1
tdmddbpq,20,re1bvtsn,97,activism,Contribute,1781012886,10,0,0
tdmddbpq,3,0m90edei,98,activism,WaitForResults,1781012886,10,0,1
tdmddbpq,16,f6vny8d1,98,activism,WaitForResults,1781012886,10,0,1
tdmddbpq,20,re1bvtsn,98,activism,WaitForResults,1781012886,10,0,1
tdmddbpq,25,83aftgm4,98,activism,WaitForResults,1781012886,10,0,1
tdmddbpq,4,mo19ix9u,99,activism,RoundResults,1781012886,10,0,0
tdmddbpq,13,evnisgib,99,activism,RoundResults,1781012887,10,0,0
tdmddbpq,7,emq43ot6,99,activism,RoundResults,1781012887,10,0,0
tdmddbpq,27,bygi6pv2,99,activism,RoundResults,1781012887,10,0,0
tdmddbpq,20,re1bvtsn,99,activism,RoundResults,1781012888,10,0,0
tdmddbpq,3,0m90edei,99,activism,RoundResults,1781012888,10,0,0
tdmddbpq,26,mdfk29n4,99,activism,RoundResults,1781012888,10,0,0
tdmddbpq,13,evnisgib,104,activism,ActivismChoice,1781012888,11,0,0
tdmddbpq,4,mo19ix9u,104,activism,ActivismChoice,1781012889,11,0,0
tdmddbpq,25,83aftgm4,99,activism,RoundResults,1781012889,10,0,0
tdmddbpq,27,bygi6pv2,104,activism,ActivismChoice,1781012889,11,0,0
tdmddbpq,7,emq43ot6,104,activism,ActivismChoice,1781012889,11,0,0
tdmddbpq,6,hw7ddtgh,99,activism,RoundResults,1781012889,10,0,0
tdmddbpq,18,5f0bpqo8,86,activism,EffortTask,1781012890,9,1,0
tdmddbpq,5,omy7uxz8,86,activism,EffortTask,1781012890,9,1,0
tdmddbpq,8,zwt9mabo,86,activism,EffortTask,1781012890,9,1,0
tdmddbpq,17,ek9i2pnl,86,activism,EffortTask,1781012890,9,1,0
tdmddbpq,20,re1bvtsn,104,activism,ActivismChoice,1781012890,11,0,0
tdmddbpq,16,f6vny8d1,99,activism,RoundResults,1781012891,10,0,0
tdmddbpq,3,0m90edei,104,activism,ActivismChoice,1781012892,11,0,0
tdmddbpq,19,fevonr07,99,activism,RoundResults,1781012892,10,0,0
tdmddbpq,26,mdfk29n4,104,activism,ActivismChoice,1781012893,11,0,0
tdmddbpq,7,emq43ot6,105,activism,WaitForActivism,1781012893,11,0,1
tdmddbpq,4,mo19ix9u,105,activism,WaitForActivism,1781012893,11,0,1
tdmddbpq,27,bygi6pv2,105,activism,WaitForActivism,1781012893,11,0,1
tdmddbpq,26,mdfk29n4,105,activism,WaitForActivism,1781012893,11,0,1
tdmddbpq,25,83aftgm4,104,activism,ActivismChoice,1781012893,11,0,0
tdmddbpq,1,r6cd7e3m,99,activism,RoundResults,1781012893,10,0,0
tdmddbpq,5,omy7uxz8,87,activism,Contribute,1781012893,9,0,0
tdmddbpq,6,hw7ddtgh,104,activism,ActivismChoice,1781012893,11,0,0
tdmddbpq,15,1pjntanf,86,activism,EffortTask,1781012894,9,1,0
tdmddbpq,11,5qny78h8,86,activism,EffortTask,1781012894,9,1,0
tdmddbpq,21,amhitlg7,86,activism,EffortTask,1781012894,9,1,0
tdmddbpq,28,r3xrntnr,86,activism,EffortTask,1781012894,9,1,0
tdmddbpq,16,f6vny8d1,104,activism,ActivismChoice,1781012894,11,0,0
tdmddbpq,16,f6vny8d1,105,activism,WaitForActivism,1781012895,11,0,1
tdmddbpq,3,0m90edei,105,activism,WaitForActivism,1781012895,11,0,1
tdmddbpq,20,re1bvtsn,105,activism,WaitForActivism,1781012895,11,0,1
tdmddbpq,25,83aftgm4,105,activism,WaitForActivism,1781012895,11,0,1
tdmddbpq,19,fevonr07,104,activism,ActivismChoice,1781012898,11,0,0
tdmddbpq,8,zwt9mabo,87,activism,Contribute,1781012899,9,0,0
tdmddbpq,21,amhitlg7,87,activism,Contribute,1781012900,9,0,0
tdmddbpq,1,r6cd7e3m,104,activism,ActivismChoice,1781012900,11,0,0
tdmddbpq,1,r6cd7e3m,105,activism,WaitForActivism,1781012900,11,0,1
tdmddbpq,19,fevonr07,105,activism,WaitForActivism,1781012900,11,0,1
tdmddbpq,13,evnisgib,105,activism,WaitForActivism,1781012900,11,0,1
tdmddbpq,6,hw7ddtgh,105,activism,WaitForActivism,1781012900,11,0,1
tdmddbpq,28,r3xrntnr,87,activism,Contribute,1781012901,9,0,0
tdmddbpq,17,ek9i2pnl,87,activism,Contribute,1781012904,9,0,0
tdmddbpq,15,1pjntanf,87,activism,Contribute,1781012904,9,0,0
tdmddbpq,11,5qny78h8,87,activism,Contribute,1781012905,9,0,0
tdmddbpq,11,5qny78h8,88,activism,WaitForResults,1781012905,9,0,1
tdmddbpq,15,1pjntanf,88,activism,WaitForResults,1781012905,9,0,1
tdmddbpq,21,amhitlg7,88,activism,WaitForResults,1781012905,9,0,1
tdmddbpq,28,r3xrntnr,88,activism,WaitForResults,1781012905,9,0,1
tdmddbpq,21,amhitlg7,89,activism,RoundResults,1781012908,9,0,0
tdmddbpq,11,5qny78h8,89,activism,RoundResults,1781012909,9,0,0
tdmddbpq,18,5f0bpqo8,87,activism,Contribute,1781012911,9,0,0
tdmddbpq,5,omy7uxz8,88,activism,WaitForResults,1781012911,9,0,1
tdmddbpq,8,zwt9mabo,88,activism,WaitForResults,1781012911,9,0,1
tdmddbpq,17,ek9i2pnl,88,activism,WaitForResults,1781012911,9,0,1
tdmddbpq,18,5f0bpqo8,88,activism,WaitForResults,1781012911,9,0,1
tdmddbpq,21,amhitlg7,94,activism,ActivismChoice,1781012912,10,0,0
tdmddbpq,11,5qny78h8,94,activism,ActivismChoice,1781012913,10,0,0
tdmddbpq,5,omy7uxz8,89,activism,RoundResults,1781012917,9,0,0
tdmddbpq,28,r3xrntnr,89,activism,RoundResults,1781012917,9,0,0
tdmddbpq,15,1pjntanf,89,activism,RoundResults,1781012919,9,0,0
tdmddbpq,5,omy7uxz8,94,activism,ActivismChoice,1781012920,10,0,0
tdmddbpq,28,r3xrntnr,94,activism,ActivismChoice,1781012920,10,0,0
tdmddbpq,17,ek9i2pnl,89,activism,RoundResults,1781012920,9,0,0
tdmddbpq,18,5f0bpqo8,89,activism,RoundResults,1781012922,9,0,0
tdmddbpq,17,ek9i2pnl,94,activism,ActivismChoice,1781012924,10,0,0
tdmddbpq,15,1pjntanf,94,activism,ActivismChoice,1781012927,10,0,0
tdmddbpq,15,1pjntanf,95,activism,WaitForActivism,1781012927,10,0,1
tdmddbpq,11,5qny78h8,95,activism,WaitForActivism,1781012927,10,0,1
tdmddbpq,21,amhitlg7,95,activism,WaitForActivism,1781012927,10,0,1
tdmddbpq,28,r3xrntnr,95,activism,WaitForActivism,1781012927,10,0,1
tdmddbpq,8,zwt9mabo,89,activism,RoundResults,1781012928,9,0,0
tdmddbpq,16,f6vny8d1,106,activism,EffortTask,1781012930,11,1,0
tdmddbpq,18,5f0bpqo8,94,activism,ActivismChoice,1781012930,10,0,0
tdmddbpq,8,zwt9mabo,94,activism,ActivismChoice,1781012931,10,0,0
tdmddbpq,5,omy7uxz8,95,activism,WaitForActivism,1781012931,10,0,1
tdmddbpq,8,zwt9mabo,95,activism,WaitForActivism,1781012931,10,0,1
tdmddbpq,18,5f0bpqo8,95,activism,WaitForActivism,1781012931,10,0,1
tdmddbpq,17,ek9i2pnl,95,activism,WaitForActivism,1781012931,10,0,1
tdmddbpq,25,83aftgm4,106,activism,EffortTask,1781012935,11,1,0
tdmddbpq,20,re1bvtsn,106,activism,EffortTask,1781012935,11,1,0
tdmddbpq,3,0m90edei,106,activism,EffortTask,1781012935,11,1,0
tdmddbpq,3,0m90edei,106,activism,EffortTask,1781012935,11,1,0
tdmddbpq,16,f6vny8d1,107,activism,Contribute,1781012936,11,0,0
tdmddbpq,25,83aftgm4,107,activism,Contribute,1781012938,11,0,0
tdmddbpq,26,mdfk29n4,106,activism,EffortTask,1781012938,11,0,0
tdmddbpq,7,emq43ot6,106,activism,EffortTask,1781012938,11,1,0
tdmddbpq,3,0m90edei,107,activism,Contribute,1781012938,11,0,0
tdmddbpq,4,mo19ix9u,106,activism,EffortTask,1781012938,11,1,0
tdmddbpq,27,bygi6pv2,106,activism,EffortTask,1781012938,11,1,0
tdmddbpq,20,re1bvtsn,107,activism,Contribute,1781012939,11,0,0
tdmddbpq,3,0m90edei,108,activism,WaitForResults,1781012939,11,0,1
tdmddbpq,16,f6vny8d1,108,activism,WaitForResults,1781012939,11,0,1
tdmddbpq,20,re1bvtsn,108,activism,WaitForResults,1781012939,11,0,1
tdmddbpq,25,83aftgm4,108,activism,WaitForResults,1781012939,11,0,1
tdmddbpq,20,re1bvtsn,109,activism,RoundResults,1781012941,11,0,0
tdmddbpq,25,83aftgm4,109,activism,RoundResults,1781012941,11,0,0
tdmddbpq,3,0m90edei,109,activism,RoundResults,1781012941,11,0,0
tdmddbpq,13,evnisgib,106,activism,EffortTask,1781012941,11,0,0
tdmddbpq,26,mdfk29n4,107,activism,Contribute,1781012942,11,0,0
tdmddbpq,27,bygi6pv2,107,activism,Contribute,1781012942,11,0,0
tdmddbpq,25,83aftgm4,114,activism,ActivismChoice,1781012943,12,0,0
tdmddbpq,3,0m90edei,114,activism,ActivismChoice,1781012943,12,0,0
tdmddbpq,20,re1bvtsn,114,activism,ActivismChoice,1781012943,12,0,0
tdmddbpq,13,evnisgib,107,activism,Contribute,1781012945,11,0,0
tdmddbpq,19,fevonr07,106,activism,EffortTask,1781012945,11,0,0
tdmddbpq,4,mo19ix9u,107,activism,Contribute,1781012945,11,0,0
tdmddbpq,1,r6cd7e3m,106,activism,EffortTask,1781012945,11,1,0
tdmddbpq,6,hw7ddtgh,106,activism,EffortTask,1781012946,11,1,0
tdmddbpq,7,emq43ot6,107,activism,Contribute,1781012946,11,0,0
tdmddbpq,4,mo19ix9u,108,activism,WaitForResults,1781012946,11,0,1
tdmddbpq,7,emq43ot6,108,activism,WaitForResults,1781012946,11,0,1
tdmddbpq,26,mdfk29n4,108,activism,WaitForResults,1781012946,11,0,1
tdmddbpq,27,bygi6pv2,108,activism,WaitForResults,1781012946,11,0,1
tdmddbpq,16,f6vny8d1,109,activism,RoundResults,1781012947,11,0,0
tdmddbpq,4,mo19ix9u,109,activism,RoundResults,1781012948,11,0,0
tdmddbpq,27,bygi6pv2,109,activism,RoundResults,1781012949,11,0,0
tdmddbpq,16,f6vny8d1,114,activism,ActivismChoice,1781012950,12,0,0
tdmddbpq,3,0m90edei,115,activism,WaitForActivism,1781012950,12,0,1
tdmddbpq,16,f6vny8d1,115,activism,WaitForActivism,1781012950,12,0,1
tdmddbpq,20,re1bvtsn,115,activism,WaitForActivism,1781012950,12,0,1
tdmddbpq,25,83aftgm4,115,activism,WaitForActivism,1781012950,12,0,1
tdmddbpq,4,mo19ix9u,114,activism,ActivismChoice,1781012951,12,0,0
tdmddbpq,7,emq43ot6,109,activism,RoundResults,1781012951,11,0,0
tdmddbpq,19,fevonr07,107,activism,Contribute,1781012951,11,0,0
tdmddbpq,26,mdfk29n4,109,activism,RoundResults,1781012952,11,0,0
tdmddbpq,7,emq43ot6,114,activism,ActivismChoice,1781012953,12,0,0
tdmddbpq,6,hw7ddtgh,107,activism,Contribute,1781012954,11,0,0
tdmddbpq,27,bygi6pv2,114,activism,ActivismChoice,1781012955,12,0,0
tdmddbpq,1,r6cd7e3m,107,activism,Contribute,1781012956,11,0,0
tdmddbpq,1,r6cd7e3m,108,activism,WaitForResults,1781012956,11,0,1
tdmddbpq,6,hw7ddtgh,108,activism,WaitForResults,1781012956,11,0,1
tdmddbpq,13,evnisgib,108,activism,WaitForResults,1781012956,11,0,1
tdmddbpq,19,fevonr07,108,activism,WaitForResults,1781012956,11,0,1
tdmddbpq,26,mdfk29n4,114,activism,ActivismChoice,1781012956,12,0,0
tdmddbpq,7,emq43ot6,115,activism,WaitForActivism,1781012956,12,0,1
tdmddbpq,4,mo19ix9u,115,activism,WaitForActivism,1781012956,12,0,1
tdmddbpq,26,mdfk29n4,115,activism,WaitForActivism,1781012956,12,0,1
tdmddbpq,27,bygi6pv2,115,activism,WaitForActivism,1781012956,12,0,1
tdmddbpq,13,evnisgib,109,activism,RoundResults,1781012958,11,0,0
tdmddbpq,1,r6cd7e3m,109,activism,RoundResults,1781012959,11,0,0
tdmddbpq,13,evnisgib,114,activism,ActivismChoice,1781012959,12,0,0
tdmddbpq,6,hw7ddtgh,109,activism,RoundResults,1781012960,11,0,0
tdmddbpq,1,r6cd7e3m,114,activism,ActivismChoice,1781012962,12,0,0
tdmddbpq,6,hw7ddtgh,114,activism,ActivismChoice,1781012962,12,0,0
tdmddbpq,19,fevonr07,109,activism,RoundResults,1781012970,11,0,0
tdmddbpq,15,1pjntanf,96,activism,EffortTask,1781012973,10,1,0
tdmddbpq,28,r3xrntnr,96,activism,EffortTask,1781012973,10,1,0
tdmddbpq,21,amhitlg7,96,activism,EffortTask,1781012973,10,1,0
tdmddbpq,11,5qny78h8,96,activism,EffortTask,1781012973,10,1,0
tdmddbpq,8,zwt9mabo,96,activism,EffortTask,1781012976,10,1,0
tdmddbpq,18,5f0bpqo8,96,activism,EffortTask,1781012976,10,1,0
tdmddbpq,17,ek9i2pnl,96,activism,EffortTask,1781012976,10,1,0
tdmddbpq,5,omy7uxz8,96,activism,EffortTask,1781012976,10,1,0
tdmddbpq,19,fevonr07,114,activism,ActivismChoice,1781012978,12,0,0
tdmddbpq,6,hw7ddtgh,115,activism,WaitForActivism,1781012978,12,0,1
tdmddbpq,1,r6cd7e3m,115,activism,WaitForActivism,1781012978,12,0,1
tdmddbpq,13,evnisgib,115,activism,WaitForActivism,1781012978,12,0,1
tdmddbpq,19,fevonr07,115,activism,WaitForActivism,1781012978,12,0,1
tdmddbpq,28,r3xrntnr,97,activism,Contribute,1781012978,10,0,0
tdmddbpq,11,5qny78h8,97,activism,Contribute,1781012980,10,0,0
tdmddbpq,21,amhitlg7,97,activism,Contribute,1781012983,10,0,0
tdmddbpq,17,ek9i2pnl,97,activism,Contribute,1781012983,10,0,0
tdmddbpq,16,f6vny8d1,116,activism,EffortTask,1781012985,12,1,0
tdmddbpq,15,1pjntanf,97,activism,Contribute,1781012987,10,0,0
tdmddbpq,11,5qny78h8,98,activism,WaitForResults,1781012987,10,0,1
tdmddbpq,15,1pjntanf,98,activism,WaitForResults,1781012987,10,0,1
tdmddbpq,21,amhitlg7,98,activism,WaitForResults,1781012987,10,0,1
tdmddbpq,28,r3xrntnr,98,activism,WaitForResults,1781012987,10,0,1
tdmddbpq,18,5f0bpqo8,97,activism,Contribute,1781012987,10,0,0
tdmddbpq,8,zwt9mabo,97,activism,Contribute,1781012988,10,0,0
tdmddbpq,20,re1bvtsn,116,activism,EffortTask,1781012990,12,1,0
tdmddbpq,25,83aftgm4,116,activism,EffortTask,1781012990,12,1,0
tdmddbpq,3,0m90edei,116,activism,EffortTask,1781012990,12,1,0
tdmddbpq,21,amhitlg7,99,activism,RoundResults,1781012990,10,0,0
tdmddbpq,16,f6vny8d1,117,activism,Contribute,1781012991,12,0,0
tdmddbpq,21,amhitlg7,104,activism,ActivismChoice,1781012992,11,0,0
tdmddbpq,11,5qny78h8,99,activism,RoundResults,1781012993,10,0,0
tdmddbpq,20,re1bvtsn,117,activism,Contribute,1781012994,12,0,0
tdmddbpq,25,83aftgm4,117,activism,Contribute,1781012994,12,0,0
tdmddbpq,5,omy7uxz8,97,activism,Contribute,1781012994,10,0,0
tdmddbpq,18,5f0bpqo8,98,activism,WaitForResults,1781012994,10,0,1
tdmddbpq,5,omy7uxz8,98,activism,WaitForResults,1781012994,10,0,1
tdmddbpq,8,zwt9mabo,98,activism,WaitForResults,1781012994,10,0,1
tdmddbpq,17,ek9i2pnl,98,activism,WaitForResults,1781012994,10,0,1
tdmddbpq,28,r3xrntnr,99,activism,RoundResults,1781012995,10,0,0
tdmddbpq,11,5qny78h8,104,activism,ActivismChoice,1781012997,11,0,0
tdmddbpq,28,r3xrntnr,104,activism,ActivismChoice,1781012997,11,0,0
tdmddbpq,3,0m90edei,117,activism,Contribute,1781012999,12,0,0
tdmddbpq,3,0m90edei,118,activism,WaitForResults,1781012999,12,0,1
tdmddbpq,16,f6vny8d1,118,activism,WaitForResults,1781012999,12,0,1
tdmddbpq,20,re1bvtsn,118,activism,WaitForResults,1781012999,12,0,1
tdmddbpq,25,83aftgm4,118,activism,WaitForResults,1781012999,12,0,1
tdmddbpq,3,0m90edei,118,activism,WaitForResults,1781012999,12,0,1
tdmddbpq,16,f6vny8d1,118,activism,WaitForResults,1781012999,12,0,1
tdmddbpq,20,re1bvtsn,118,activism,WaitForResults,1781012999,12,0,1
tdmddbpq,25,83aftgm4,118,activism,WaitForResults,1781012999,12,0,1
tdmddbpq,26,mdfk29n4,116,activism,EffortTask,1781013000,12,0,0
tdmddbpq,15,1pjntanf,99,activism,RoundResults,1781013001,10,0,0
tdmddbpq,27,bygi6pv2,116,activism,EffortTask,1781013001,12,1,0
tdmddbpq,7,emq43ot6,116,activism,EffortTask,1781013001,12,1,0
tdmddbpq,4,mo19ix9u,116,activism,EffortTask,1781013001,12,1,0
tdmddbpq,20,re1bvtsn,119,activism,RoundResults,1781013002,12,0,0
tdmddbpq,17,ek9i2pnl,99,activism,RoundResults,1781013002,10,0,0
tdmddbpq,8,zwt9mabo,99,activism,RoundResults,1781013003,10,0,0
tdmddbpq,5,omy7uxz8,99,activism,RoundResults,1781013003,10,0,0
tdmddbpq,25,83aftgm4,119,activism,RoundResults,1781013004,12,0,0
tdmddbpq,16,f6vny8d1,119,activism,RoundResults,1781013004,12,0,0
tdmddbpq,26,mdfk29n4,117,activism,Contribute,1781013004,12,0,0
tdmddbpq,20,re1bvtsn,124,activism,ActivismChoice,1781013004,13,0,0
tdmddbpq,15,1pjntanf,104,activism,ActivismChoice,1781013005,11,0,0
tdmddbpq,15,1pjntanf,105,activism,WaitForActivism,1781013005,11,0,1
tdmddbpq,11,5qny78h8,105,activism,WaitForActivism,1781013005,11,0,1
tdmddbpq,28,r3xrntnr,105,activism,WaitForActivism,1781013005,11,0,1
tdmddbpq,21,amhitlg7,105,activism,WaitForActivism,1781013005,11,0,1
tdmddbpq,17,ek9i2pnl,104,activism,ActivismChoice,1781013005,11,0,0
tdmddbpq,8,zwt9mabo,104,activism,ActivismChoice,1781013006,11,0,0
tdmddbpq,25,83aftgm4,124,activism,ActivismChoice,1781013006,13,0,0
tdmddbpq,5,omy7uxz8,104,activism,ActivismChoice,1781013006,11,0,0
tdmddbpq,7,emq43ot6,117,activism,Contribute,1781013007,12,0,0
tdmddbpq,27,bygi6pv2,117,activism,Contribute,1781013007,12,0,0
tdmddbpq,4,mo19ix9u,117,activism,Contribute,1781013008,12,0,0
tdmddbpq,7,emq43ot6,118,activism,WaitForResults,1781013008,12,0,1
tdmddbpq,4,mo19ix9u,118,activism,WaitForResults,1781013008,12,0,1
tdmddbpq,26,mdfk29n4,118,activism,WaitForResults,1781013008,12,0,1
tdmddbpq,27,bygi6pv2,118,activism,WaitForResults,1781013008,12,0,1
tdmddbpq,16,f6vny8d1,124,activism,ActivismChoice,1781013009,13,0,0
tdmddbpq,4,mo19ix9u,119,activism,RoundResults,1781013010,12,0,0
tdmddbpq,3,0m90edei,119,activism,RoundResults,1781013011,12,0,0
tdmddbpq,26,mdfk29n4,119,activism,RoundResults,1781013012,12,0,0
tdmddbpq,27,bygi6pv2,119,activism,RoundResults,1781013012,12,0,0
tdmddbpq,18,5f0bpqo8,99,activism,RoundResults,1781013013,10,0,0
tdmddbpq,3,0m90edei,124,activism,ActivismChoice,1781013013,13,0,0
tdmddbpq,3,0m90edei,125,activism,WaitForActivism,1781013013,13,0,1
tdmddbpq,16,f6vny8d1,125,activism,WaitForActivism,1781013013,13,0,1
tdmddbpq,20,re1bvtsn,125,activism,WaitForActivism,1781013013,13,0,1
tdmddbpq,25,83aftgm4,125,activism,WaitForActivism,1781013013,13,0,1
tdmddbpq,26,mdfk29n4,124,activism,ActivismChoice,1781013015,13,0,0
tdmddbpq,27,bygi6pv2,124,activism,ActivismChoice,1781013015,13,0,0
tdmddbpq,4,mo19ix9u,124,activism,ActivismChoice,1781013016,13,0,0
tdmddbpq,19,fevonr07,116,activism,EffortTask,1781013017,12,0,0
tdmddbpq,7,emq43ot6,119,activism,RoundResults,1781013018,12,0,0
tdmddbpq,18,5f0bpqo8,104,activism,ActivismChoice,1781013018,11,0,0
tdmddbpq,17,ek9i2pnl,105,activism,WaitForActivism,1781013018,11,0,1
tdmddbpq,5,omy7uxz8,105,activism,WaitForActivism,1781013018,11,0,1
tdmddbpq,18,5f0bpqo8,105,activism,WaitForActivism,1781013018,11,0,1
tdmddbpq,8,zwt9mabo,105,activism,WaitForActivism,1781013018,11,0,1
tdmddbpq,13,evnisgib,116,activism,EffortTask,1781013019,12,0,0
tdmddbpq,7,emq43ot6,124,activism,ActivismChoice,1781013020,13,0,0
tdmddbpq,7,emq43ot6,125,activism,WaitForActivism,1781013020,13,0,1
tdmddbpq,4,mo19ix9u,125,activism,WaitForActivism,1781013020,13,0,1
tdmddbpq,27,bygi6pv2,125,activism,WaitForActivism,1781013020,13,0,1
tdmddbpq,26,mdfk29n4,125,activism,WaitForActivism,1781013020,13,0,1
tdmddbpq,19,fevonr07,117,activism,Contribute,1781013023,12,0,0
tdmddbpq,6,hw7ddtgh,116,activism,EffortTask,1781013023,12,1,0
tdmddbpq,1,r6cd7e3m,116,activism,EffortTask,1781013023,12,1,0
tdmddbpq,13,evnisgib,117,activism,Contribute,1781013025,12,0,0
tdmddbpq,1,r6cd7e3m,117,activism,Contribute,1781013027,12,0,0
tdmddbpq,6,hw7ddtgh,117,activism,Contribute,1781013030,12,0,0
tdmddbpq,1,r6cd7e3m,118,activism,WaitForResults,1781013030,12,0,1
tdmddbpq,6,hw7ddtgh,118,activism,WaitForResults,1781013030,12,0,1
tdmddbpq,13,evnisgib,118,activism,WaitForResults,1781013030,12,0,1
tdmddbpq,19,fevonr07,118,activism,WaitForResults,1781013030,12,0,1
tdmddbpq,13,evnisgib,119,activism,RoundResults,1781013033,12,0,0
tdmddbpq,13,evnisgib,124,activism,ActivismChoice,1781013035,13,0,0
tdmddbpq,1,r6cd7e3m,119,activism,RoundResults,1781013036,12,0,0
tdmddbpq,1,r6cd7e3m,124,activism,ActivismChoice,1781013040,13,0,0
tdmddbpq,6,hw7ddtgh,119,activism,RoundResults,1781013040,12,0,0
tdmddbpq,19,fevonr07,119,activism,RoundResults,1781013041,12,0,0
tdmddbpq,6,hw7ddtgh,124,activism,ActivismChoice,1781013044,13,0,0
tdmddbpq,25,83aftgm4,126,activism,EffortTask,1781013049,13,1,0
tdmddbpq,16,f6vny8d1,126,activism,EffortTask,1781013049,13,1,0
tdmddbpq,15,1pjntanf,106,activism,EffortTask,1781013050,11,1,0
tdmddbpq,11,5qny78h8,106,activism,EffortTask,1781013050,11,1,0
tdmddbpq,21,amhitlg7,106,activism,EffortTask,1781013050,11,1,0
tdmddbpq,28,r3xrntnr,106,activism,EffortTask,1781013050,11,1,0
tdmddbpq,16,f6vny8d1,127,activism,Contribute,1781013052,13,0,0
tdmddbpq,25,83aftgm4,127,activism,Contribute,1781013052,13,0,0
tdmddbpq,3,0m90edei,126,activism,EffortTask,1781013054,13,1,0
tdmddbpq,20,re1bvtsn,126,activism,EffortTask,1781013054,13,1,0
tdmddbpq,11,5qny78h8,107,activism,Contribute,1781013055,11,0,0
tdmddbpq,21,amhitlg7,107,activism,Contribute,1781013056,11,0,0
tdmddbpq,3,0m90edei,127,activism,Contribute,1781013057,13,0,0
tdmddbpq,20,re1bvtsn,127,activism,Contribute,1781013057,13,0,0
tdmddbpq,3,0m90edei,128,activism,WaitForResults,1781013057,13,0,1
tdmddbpq,16,f6vny8d1,128,activism,WaitForResults,1781013057,13,0,1
tdmddbpq,20,re1bvtsn,128,activism,WaitForResults,1781013057,13,0,1
tdmddbpq,25,83aftgm4,128,activism,WaitForResults,1781013057,13,0,1
tdmddbpq,19,fevonr07,124,activism,ActivismChoice,1781013058,13,0,0
tdmddbpq,6,hw7ddtgh,125,activism,WaitForActivism,1781013058,13,0,1
tdmddbpq,19,fevonr07,125,activism,WaitForActivism,1781013058,13,0,1
tdmddbpq,1,r6cd7e3m,125,activism,WaitForActivism,1781013058,13,0,1
tdmddbpq,13,evnisgib,125,activism,WaitForActivism,1781013058,13,0,1
tdmddbpq,25,83aftgm4,129,activism,RoundResults,1781013059,13,0,0
tdmddbpq,20,re1bvtsn,129,activism,RoundResults,1781013060,13,0,0
tdmddbpq,17,ek9i2pnl,106,activism,EffortTask,1781013061,11,0,0
tdmddbpq,25,83aftgm4,134,activism,ActivismChoice,1781013061,14,0,0
tdmddbpq,15,1pjntanf,107,activism,Contribute,1781013061,11,0,0
tdmddbpq,5,omy7uxz8,106,activism,EffortTask,1781013062,11,0,0
tdmddbpq,20,re1bvtsn,134,activism,ActivismChoice,1781013062,14,0,0
tdmddbpq,8,zwt9mabo,106,activism,EffortTask,1781013063,11,0,0
tdmddbpq,16,f6vny8d1,129,activism,RoundResults,1781013063,13,0,0
tdmddbpq,3,0m90edei,129,activism,RoundResults,1781013063,13,0,0
tdmddbpq,28,r3xrntnr,107,activism,Contribute,1781013063,11,0,0
tdmddbpq,11,5qny78h8,108,activism,WaitForResults,1781013063,11,0,1
tdmddbpq,15,1pjntanf,108,activism,WaitForResults,1781013063,11,0,1
tdmddbpq,21,amhitlg7,108,activism,WaitForResults,1781013063,11,0,1
tdmddbpq,28,r3xrntnr,108,activism,WaitForResults,1781013063,11,0,1
tdmddbpq,18,5f0bpqo8,106,activism,EffortTask,1781013064,11,1,0
tdmddbpq,3,0m90edei,134,activism,ActivismChoice,1781013065,14,0,0
tdmddbpq,7,emq43ot6,126,activism,EffortTask,1781013065,13,1,0
tdmddbpq,27,bygi6pv2,126,activism,EffortTask,1781013065,13,1,0
tdmddbpq,4,mo19ix9u,126,activism,EffortTask,1781013065,13,1,0
tdmddbpq,26,mdfk29n4,126,activism,EffortTask,1781013065,13,1,0
tdmddbpq,16,f6vny8d1,134,activism,ActivismChoice,1781013067,14,0,0
tdmddbpq,16,f6vny8d1,135,activism,WaitForActivism,1781013067,14,0,1
tdmddbpq,3,0m90edei,135,activism,WaitForActivism,1781013067,14,0,1
tdmddbpq,20,re1bvtsn,135,activism,WaitForActivism,1781013067,14,0,1
tdmddbpq,25,83aftgm4,135,activism,WaitForActivism,1781013067,14,0,1
tdmddbpq,5,omy7uxz8,107,activism,Contribute,1781013067,11,0,0
tdmddbpq,28,r3xrntnr,109,activism,RoundResults,1781013067,11,0,0
tdmddbpq,17,ek9i2pnl,107,activism,Contribute,1781013067,11,0,0
tdmddbpq,21,amhitlg7,109,activism,RoundResults,1781013068,11,0,0
tdmddbpq,11,5qny78h8,109,activism,RoundResults,1781013068,11,0,0
tdmddbpq,4,mo19ix9u,127,activism,Contribute,1781013068,13,0,0
tdmddbpq,26,mdfk29n4,127,activism,Contribute,1781013068,13,0,0
tdmddbpq,8,zwt9mabo,107,activism,Contribute,1781013069,11,0,0
tdmddbpq,27,bygi6pv2,127,activism,Contribute,1781013069,13,0,0
tdmddbpq,7,emq43ot6,127,activism,Contribute,1781013069,13,0,0
tdmddbpq,4,mo19ix9u,128,activism,WaitForResults,1781013069,13,0,1
tdmddbpq,7,emq43ot6,128,activism,WaitForResults,1781013069,13,0,1
tdmddbpq,26,mdfk29n4,128,activism,WaitForResults,1781013069,13,0,1
tdmddbpq,27,bygi6pv2,128,activism,WaitForResults,1781013069,13,0,1
tdmddbpq,28,r3xrntnr,114,activism,ActivismChoice,1781013070,12,0,0
tdmddbpq,15,1pjntanf,109,activism,RoundResults,1781013071,11,0,0
tdmddbpq,21,amhitlg7,114,activism,ActivismChoice,1781013071,12,0,0
tdmddbpq,4,mo19ix9u,129,activism,RoundResults,1781013071,13,0,0
tdmddbpq,11,5qny78h8,114,activism,ActivismChoice,1781013072,12,0,0
tdmddbpq,26,mdfk29n4,129,activism,RoundResults,1781013073,13,0,0
tdmddbpq,4,mo19ix9u,134,activism,ActivismChoice,1781013073,14,0,0
tdmddbpq,15,1pjntanf,114,activism,ActivismChoice,1781013074,12,0,0
tdmddbpq,11,5qny78h8,115,activism,WaitForActivism,1781013074,12,0,1
tdmddbpq,15,1pjntanf,115,activism,WaitForActivism,1781013074,12,0,1
tdmddbpq,21,amhitlg7,115,activism,WaitForActivism,1781013074,12,0,1
tdmddbpq,28,r3xrntnr,115,activism,WaitForActivism,1781013074,12,0,1
tdmddbpq,27,bygi6pv2,129,activism,RoundResults,1781013074,13,0,0
tdmddbpq,7,emq43ot6,129,activism,RoundResults,1781013076,13,0,0
tdmddbpq,26,mdfk29n4,134,activism,ActivismChoice,1781013076,14,0,0
tdmddbpq,18,5f0bpqo8,107,activism,Contribute,1781013076,11,0,0
tdmddbpq,5,omy7uxz8,108,activism,WaitForResults,1781013076,11,0,1
tdmddbpq,17,ek9i2pnl,108,activism,WaitForResults,1781013076,11,0,1
tdmddbpq,8,zwt9mabo,108,activism,WaitForResults,1781013076,11,0,1
tdmddbpq,18,5f0bpqo8,108,activism,WaitForResults,1781013076,11,0,1
tdmddbpq,27,bygi6pv2,134,activism,ActivismChoice,1781013077,14,0,0
tdmddbpq,7,emq43ot6,134,activism,ActivismChoice,1781013080,14,0,0
tdmddbpq,7,emq43ot6,135,activism,WaitForActivism,1781013080,14,0,1
tdmddbpq,4,mo19ix9u,135,activism,WaitForActivism,1781013080,14,0,1
tdmddbpq,27,bygi6pv2,135,activism,WaitForActivism,1781013080,14,0,1
tdmddbpq,26,mdfk29n4,135,activism,WaitForActivism,1781013080,14,0,1
tdmddbpq,5,omy7uxz8,109,activism,RoundResults,1781013081,11,0,0
tdmddbpq,5,omy7uxz8,114,activism,ActivismChoice,1781013083,12,0,0
tdmddbpq,8,zwt9mabo,109,activism,RoundResults,1781013084,11,0,0
tdmddbpq,17,ek9i2pnl,109,activism,RoundResults,1781013085,11,0,0
tdmddbpq,8,zwt9mabo,114,activism,ActivismChoice,1781013086,12,0,0
tdmddbpq,18,5f0bpqo8,109,activism,RoundResults,1781013087,11,0,0
tdmddbpq,18,5f0bpqo8,114,activism,ActivismChoice,1781013090,12,0,0
tdmddbpq,17,ek9i2pnl,114,activism,ActivismChoice,1781013091,12,0,0
tdmddbpq,5,omy7uxz8,115,activism,WaitForActivism,1781013091,12,0,1
tdmddbpq,8,zwt9mabo,115,activism,WaitForActivism,1781013091,12,0,1
tdmddbpq,18,5f0bpqo8,115,activism,WaitForActivism,1781013091,12,0,1
tdmddbpq,17,ek9i2pnl,115,activism,WaitForActivism,1781013091,12,0,1
tdmddbpq,19,fevonr07,126,activism,EffortTask,1781013099,13,0,0
tdmddbpq,13,evnisgib,126,activism,EffortTask,1781013099,13,0,0
tdmddbpq,16,f6vny8d1,136,activism,EffortTask,1781013102,14,1,0
tdmddbpq,25,83aftgm4,136,activism,EffortTask,1781013102,14,1,0
tdmddbpq,13,evnisgib,127,activism,Contribute,1781013102,13,0,0
tdmddbpq,19,fevonr07,127,activism,Contribute,1781013103,13,0,0
tdmddbpq,6,hw7ddtgh,126,activism,EffortTask,1781013104,13,1,0
tdmddbpq,1,r6cd7e3m,126,activism,EffortTask,1781013104,13,1,0
tdmddbpq,25,83aftgm4,137,activism,Contribute,1781013105,14,0,0
tdmddbpq,1,r6cd7e3m,127,activism,Contribute,1781013107,13,0,0
tdmddbpq,16,f6vny8d1,137,activism,Contribute,1781013107,14,0,0
tdmddbpq,20,re1bvtsn,136,activism,EffortTask,1781013107,14,1,0
tdmddbpq,3,0m90edei,136,activism,EffortTask,1781013107,14,1,0
tdmddbpq,6,hw7ddtgh,127,activism,Contribute,1781013108,13,0,0
tdmddbpq,1,r6cd7e3m,128,activism,WaitForResults,1781013108,13,0,1
tdmddbpq,6,hw7ddtgh,128,activism,WaitForResults,1781013108,13,0,1
tdmddbpq,13,evnisgib,128,activism,WaitForResults,1781013108,13,0,1
tdmddbpq,19,fevonr07,128,activism,WaitForResults,1781013108,13,0,1
tdmddbpq,20,re1bvtsn,137,activism,Contribute,1781013110,14,0,0
tdmddbpq,3,0m90edei,137,activism,Contribute,1781013110,14,0,0
tdmddbpq,16,f6vny8d1,138,activism,WaitForResults,1781013110,14,0,1
tdmddbpq,3,0m90edei,138,activism,WaitForResults,1781013110,14,0,1
tdmddbpq,20,re1bvtsn,138,activism,WaitForResults,1781013110,14,0,1
tdmddbpq,25,83aftgm4,138,activism,WaitForResults,1781013110,14,0,1
tdmddbpq,13,evnisgib,129,activism,RoundResults,1781013110,13,0,0
tdmddbpq,3,0m90edei,139,activism,RoundResults,1781013112,14,0,0
tdmddbpq,20,re1bvtsn,139,activism,RoundResults,1781013112,14,0,0
tdmddbpq,13,evnisgib,134,activism,ActivismChoice,1781013112,14,0,0
tdmddbpq,25,83aftgm4,139,activism,RoundResults,1781013112,14,0,0
tdmddbpq,3,0m90edei,140,activism,Conclusion,1781013113,14,0,0
tdmddbpq,6,hw7ddtgh,129,activism,RoundResults,1781013113,13,0,0
tdmddbpq,25,83aftgm4,140,activism,Conclusion,1781013114,14,0,0
tdmddbpq,20,re1bvtsn,140,activism,Conclusion,1781013115,14,0,0
tdmddbpq,1,r6cd7e3m,129,activism,RoundResults,1781013115,13,0,0
tdmddbpq,4,mo19ix9u,136,activism,EffortTask,1781013115,14,1,0
tdmddbpq,6,hw7ddtgh,134,activism,ActivismChoice,1781013115,14,0,0
tdmddbpq,1,r6cd7e3m,134,activism,ActivismChoice,1781013118,14,0,0
tdmddbpq,15,1pjntanf,116,activism,EffortTask,1781013119,12,1,0
tdmddbpq,21,amhitlg7,116,activism,EffortTask,1781013119,12,1,0
tdmddbpq,11,5qny78h8,116,activism,EffortTask,1781013120,12,1,0
tdmddbpq,28,r3xrntnr,116,activism,EffortTask,1781013120,12,1,0
tdmddbpq,4,mo19ix9u,137,activism,Contribute,1781013120,14,0,0
tdmddbpq,16,f6vny8d1,139,activism,RoundResults,1781013122,14,0,0
tdmddbpq,16,f6vny8d1,140,activism,Conclusion,1781013123,14,0,0
tdmddbpq,15,1pjntanf,117,activism,Contribute,1781013124,12,0,0
tdmddbpq,26,mdfk29n4,136,activism,EffortTask,1781013125,14,0,0
tdmddbpq,27,bygi6pv2,136,activism,EffortTask,1781013125,14,0,0
tdmddbpq,7,emq43ot6,136,activism,EffortTask,1781013125,14,1,0
tdmddbpq,21,amhitlg7,117,activism,Contribute,1781013127,12,0,0
tdmddbpq,26,mdfk29n4,137,activism,Contribute,1781013128,14,0,0
tdmddbpq,28,r3xrntnr,117,activism,Contribute,1781013128,12,0,0
tdmddbpq,19,fevonr07,129,activism,RoundResults,1781013128,13,0,0
tdmddbpq,7,emq43ot6,137,activism,Contribute,1781013128,14,0,0
tdmddbpq,27,bygi6pv2,137,activism,Contribute,1781013130,14,0,0
tdmddbpq,7,emq43ot6,138,activism,WaitForResults,1781013130,14,0,1
tdmddbpq,4,mo19ix9u,138,activism,WaitForResults,1781013130,14,0,1
tdmddbpq,26,mdfk29n4,138,activism,WaitForResults,1781013130,14,0,1
tdmddbpq,27,bygi6pv2,138,activism,WaitForResults,1781013130,14,0,1
tdmddbpq,27,bygi6pv2,139,activism,RoundResults,1781013131,14,0,0
tdmddbpq,17,ek9i2pnl,116,activism,EffortTask,1781013131,12,0,0
tdmddbpq,7,emq43ot6,139,activism,RoundResults,1781013133,14,0,0
tdmddbpq,4,mo19ix9u,139,activism,RoundResults,1781013133,14,0,0
tdmddbpq,7,emq43ot6,140,activism,Conclusion,1781013135,14,0,0
tdmddbpq,18,5f0bpqo8,116,activism,EffortTask,1781013136,12,0,0
tdmddbpq,4,mo19ix9u,140,activism,Conclusion,1781013136,14,0,0
tdmddbpq,8,zwt9mabo,116,activism,EffortTask,1781013136,12,1,0
tdmddbpq,5,omy7uxz8,116,activism,EffortTask,1781013136,12,1,0
tdmddbpq,26,mdfk29n4,139,activism,RoundResults,1781013136,14,0,0
tdmddbpq,27,bygi6pv2,140,activism,Conclusion,1781013137,14,0,0
tdmddbpq,17,ek9i2pnl,117,activism,Contribute,1781013137,12,0,0
tdmddbpq,11,5qny78h8,117,activism,Contribute,1781013137,12,0,0
tdmddbpq,11,5qny78h8,118,activism,WaitForResults,1781013138,12,0,1
tdmddbpq,15,1pjntanf,118,activism,WaitForResults,1781013138,12,0,1
tdmddbpq,21,amhitlg7,118,activism,WaitForResults,1781013138,12,0,1
tdmddbpq,28,r3xrntnr,118,activism,WaitForResults,1781013138,12,0,1
tdmddbpq,5,omy7uxz8,117,activism,Contribute,1781013141,12,0,0
tdmddbpq,11,5qny78h8,119,activism,RoundResults,1781013144,12,0,0
tdmddbpq,21,amhitlg7,119,activism,RoundResults,1781013144,12,0,0
tdmddbpq,19,fevonr07,134,activism,ActivismChoice,1781013144,14,0,0
tdmddbpq,13,evnisgib,135,activism,WaitForActivism,1781013144,14,0,1
tdmddbpq,6,hw7ddtgh,135,activism,WaitForActivism,1781013144,14,0,1
tdmddbpq,1,r6cd7e3m,135,activism,WaitForActivism,1781013144,14,0,1
tdmddbpq,19,fevonr07,135,activism,WaitForActivism,1781013144,14,0,1
tdmddbpq,28,r3xrntnr,119,activism,RoundResults,1781013144,12,0,0
tdmddbpq,15,1pjntanf,119,activism,RoundResults,1781013145,12,0,0
tdmddbpq,11,5qny78h8,124,activism,ActivismChoice,1781013146,13,0,0
tdmddbpq,28,r3xrntnr,124,activism,ActivismChoice,1781013147,13,0,0
tdmddbpq,15,1pjntanf,124,activism,ActivismChoice,1781013147,13,0,0
tdmddbpq,26,mdfk29n4,140,activism,Conclusion,1781013148,14,0,0
tdmddbpq,8,zwt9mabo,117,activism,Contribute,1781013149,12,0,0
tdmddbpq,21,amhitlg7,124,activism,ActivismChoice,1781013150,13,0,0
tdmddbpq,15,1pjntanf,125,activism,WaitForActivism,1781013150,13,0,1
tdmddbpq,11,5qny78h8,125,activism,WaitForActivism,1781013150,13,0,1
tdmddbpq,28,r3xrntnr,125,activism,WaitForActivism,1781013150,13,0,1
tdmddbpq,21,amhitlg7,125,activism,WaitForActivism,1781013150,13,0,1
tdmddbpq,18,5f0bpqo8,117,activism,Contribute,1781013158,12,0,0
tdmddbpq,8,zwt9mabo,118,activism,WaitForResults,1781013158,12,0,1
tdmddbpq,5,omy7uxz8,118,activism,WaitForResults,1781013158,12,0,1
tdmddbpq,17,ek9i2pnl,118,activism,WaitForResults,1781013158,12,0,1
tdmddbpq,18,5f0bpqo8,118,activism,WaitForResults,1781013158,12,0,1
tdmddbpq,5,omy7uxz8,119,activism,RoundResults,1781013163,12,0,0
tdmddbpq,5,omy7uxz8,124,activism,ActivismChoice,1781013165,13,0,0
tdmddbpq,17,ek9i2pnl,119,activism,RoundResults,1781013166,12,0,0
tdmddbpq,8,zwt9mabo,119,activism,RoundResults,1781013169,12,0,0
tdmddbpq,17,ek9i2pnl,124,activism,ActivismChoice,1781013171,13,0,0
tdmddbpq,8,zwt9mabo,124,activism,ActivismChoice,1781013173,13,0,0
tdmddbpq,18,5f0bpqo8,119,activism,RoundResults,1781013174,12,0,0
tdmddbpq,18,5f0bpqo8,124,activism,ActivismChoice,1781013177,13,0,0
tdmddbpq,5,omy7uxz8,125,activism,WaitForActivism,1781013177,13,0,1
tdmddbpq,8,zwt9mabo,125,activism,WaitForActivism,1781013177,13,0,1
tdmddbpq,18,5f0bpqo8,125,activism,WaitForActivism,1781013177,13,0,1
tdmddbpq,17,ek9i2pnl,125,activism,WaitForActivism,1781013177,13,0,1
tdmddbpq,19,fevonr07,136,activism,EffortTask,1781013182,14,0,0
tdmddbpq,16,f6vny8d1,141,questionnaire,Questionnaire,1781013184,1,0,0
tdmddbpq,19,fevonr07,137,activism,Contribute,1781013187,14,0,0
tdmddbpq,13,evnisgib,136,activism,EffortTask,1781013189,14,0,0
tdmddbpq,25,83aftgm4,141,questionnaire,Questionnaire,1781013189,1,0,0
tdmddbpq,1,r6cd7e3m,136,activism,EffortTask,1781013189,14,1,0
tdmddbpq,6,hw7ddtgh,136,activism,EffortTask,1781013189,14,1,0
tdmddbpq,20,re1bvtsn,141,questionnaire,Questionnaire,1781013193,1,0,0
tdmddbpq,13,evnisgib,137,activism,Contribute,1781013194,14,0,0
tdmddbpq,6,hw7ddtgh,137,activism,Contribute,1781013195,14,0,0
tdmddbpq,21,amhitlg7,126,activism,EffortTask,1781013195,13,1,0
tdmddbpq,11,5qny78h8,126,activism,EffortTask,1781013195,13,1,0
tdmddbpq,15,1pjntanf,126,activism,EffortTask,1781013195,13,1,0
tdmddbpq,28,r3xrntnr,126,activism,EffortTask,1781013195,13,1,0
tdmddbpq,1,r6cd7e3m,137,activism,Contribute,1781013196,14,0,0
tdmddbpq,6,hw7ddtgh,138,activism,WaitForResults,1781013196,14,0,1
tdmddbpq,13,evnisgib,138,activism,WaitForResults,1781013196,14,0,1
tdmddbpq,1,r6cd7e3m,138,activism,WaitForResults,1781013196,14,0,1
tdmddbpq,19,fevonr07,138,activism,WaitForResults,1781013196,14,0,1
tdmddbpq,13,evnisgib,139,activism,RoundResults,1781013198,14,0,0
tdmddbpq,1,r6cd7e3m,139,activism,RoundResults,1781013199,14,0,0
tdmddbpq,13,evnisgib,140,activism,Conclusion,1781013199,14,0,0
tdmddbpq,19,fevonr07,139,activism,RoundResults,1781013199,14,0,0
tdmddbpq,28,r3xrntnr,127,activism,Contribute,1781013200,13,0,0
tdmddbpq,21,amhitlg7,127,activism,Contribute,1781013201,13,0,0
tdmddbpq,11,5qny78h8,127,activism,Contribute,1781013201,13,0,0
tdmddbpq,1,r6cd7e3m,140,activism,Conclusion,1781013202,14,0,0
tdmddbpq,16,f6vny8d1,142,questionnaire,FinalPayoff,1781013202,1,0,0
tdmddbpq,15,1pjntanf,127,activism,Contribute,1781013202,13,0,0
tdmddbpq,11,5qny78h8,128,activism,WaitForResults,1781013203,13,0,1
tdmddbpq,15,1pjntanf,128,activism,WaitForResults,1781013203,13,0,1
tdmddbpq,21,amhitlg7,128,activism,WaitForResults,1781013203,13,0,1
tdmddbpq,28,r3xrntnr,128,activism,WaitForResults,1781013203,13,0,1
tdmddbpq,19,fevonr07,140,activism,Conclusion,1781013203,14,0,0
tdmddbpq,6,hw7ddtgh,139,activism,RoundResults,1781013204,14,0,0
tdmddbpq,20,re1bvtsn,142,questionnaire,FinalPayoff,1781013205,1,0,0
tdmddbpq,4,mo19ix9u,141,questionnaire,Questionnaire,1781013206,1,0,0
tdmddbpq,6,hw7ddtgh,140,activism,Conclusion,1781013207,14,0,0
tdmddbpq,28,r3xrntnr,129,activism,RoundResults,1781013208,13,0,0
tdmddbpq,21,amhitlg7,129,activism,RoundResults,1781013208,13,0,0
tdmddbpq,11,5qny78h8,129,activism,RoundResults,1781013209,13,0,0
tdmddbpq,15,1pjntanf,129,activism,RoundResults,1781013209,13,0,0
tdmddbpq,21,amhitlg7,134,activism,ActivismChoice,1781013210,14,0,0
tdmddbpq,28,r3xrntnr,134,activism,ActivismChoice,1781013210,14,0,0
tdmddbpq,15,1pjntanf,134,activism,ActivismChoice,1781013213,14,0,0
tdmddbpq,11,5qny78h8,134,activism,ActivismChoice,1781013214,14,0,0
tdmddbpq,11,5qny78h8,135,activism,WaitForActivism,1781013214,14,0,1
tdmddbpq,15,1pjntanf,135,activism,WaitForActivism,1781013214,14,0,1
tdmddbpq,28,r3xrntnr,135,activism,WaitForActivism,1781013214,14,0,1
tdmddbpq,21,amhitlg7,135,activism,WaitForActivism,1781013214,14,0,1
tdmddbpq,3,0m90edei,141,questionnaire,Questionnaire,1781013217,1,0,0
tdmddbpq,7,emq43ot6,141,questionnaire,Questionnaire,1781013218,1,0,0
tdmddbpq,5,omy7uxz8,126,activism,EffortTask,1781013220,13,0,0
tdmddbpq,17,ek9i2pnl,126,activism,EffortTask,1781013221,13,0,0
tdmddbpq,8,zwt9mabo,126,activism,EffortTask,1781013222,13,1,0
tdmddbpq,18,5f0bpqo8,126,activism,EffortTask,1781013222,13,1,0
tdmddbpq,4,mo19ix9u,142,questionnaire,FinalPayoff,1781013224,1,0,0
tdmddbpq,27,bygi6pv2,141,questionnaire,Questionnaire,1781013225,1,0,0
tdmddbpq,17,ek9i2pnl,127,activism,Contribute,1781013226,13,0,0
tdmddbpq,5,omy7uxz8,127,activism,Contribute,1781013227,13,0,0
tdmddbpq,8,zwt9mabo,127,activism,Contribute,1781013228,13,0,0
tdmddbpq,25,83aftgm4,142,questionnaire,FinalPayoff,1781013230,1,0,0
tdmddbpq,26,mdfk29n4,141,questionnaire,Questionnaire,1781013232,1,0,0
tdmddbpq,7,emq43ot6,142,questionnaire,FinalPayoff,1781013232,1,0,0
tdmddbpq,18,5f0bpqo8,127,activism,Contribute,1781013235,13,0,0
tdmddbpq,8,zwt9mabo,128,activism,WaitForResults,1781013235,13,0,1
tdmddbpq,5,omy7uxz8,128,activism,WaitForResults,1781013235,13,0,1
tdmddbpq,17,ek9i2pnl,128,activism,WaitForResults,1781013235,13,0,1
tdmddbpq,18,5f0bpqo8,128,activism,WaitForResults,1781013235,13,0,1
tdmddbpq,27,bygi6pv2,142,questionnaire,FinalPayoff,1781013238,1,0,0
tdmddbpq,5,omy7uxz8,129,activism,RoundResults,1781013239,13,0,0
tdmddbpq,5,omy7uxz8,134,activism,ActivismChoice,1781013242,14,0,0
tdmddbpq,17,ek9i2pnl,129,activism,RoundResults,1781013245,13,0,0
tdmddbpq,18,5f0bpqo8,129,activism,RoundResults,1781013246,13,0,0
tdmddbpq,8,zwt9mabo,129,activism,RoundResults,1781013246,13,0,0
tdmddbpq,17,ek9i2pnl,134,activism,ActivismChoice,1781013247,14,0,0
tdmddbpq,18,5f0bpqo8,134,activism,ActivismChoice,1781013248,14,0,0
tdmddbpq,26,mdfk29n4,142,questionnaire,FinalPayoff,1781013254,1,0,0
tdmddbpq,8,zwt9mabo,134,activism,ActivismChoice,1781013257,14,0,0
tdmddbpq,17,ek9i2pnl,135,activism,WaitForActivism,1781013257,14,0,1
tdmddbpq,5,omy7uxz8,135,activism,WaitForActivism,1781013257,14,0,1
tdmddbpq,8,zwt9mabo,135,activism,WaitForActivism,1781013257,14,0,1
tdmddbpq,18,5f0bpqo8,135,activism,WaitForActivism,1781013257,14,0,1
tdmddbpq,11,5qny78h8,136,activism,EffortTask,1781013259,14,1,0
tdmddbpq,15,1pjntanf,136,activism,EffortTask,1781013259,14,1,0
tdmddbpq,21,amhitlg7,136,activism,EffortTask,1781013259,14,1,0
tdmddbpq,28,r3xrntnr,136,activism,EffortTask,1781013259,14,1,0
tdmddbpq,28,r3xrntnr,137,activism,Contribute,1781013264,14,0,0
tdmddbpq,11,5qny78h8,137,activism,Contribute,1781013265,14,0,0
tdmddbpq,21,amhitlg7,137,activism,Contribute,1781013265,14,0,0
tdmddbpq,15,1pjntanf,137,activism,Contribute,1781013270,14,0,0
tdmddbpq,11,5qny78h8,138,activism,WaitForResults,1781013270,14,0,1
tdmddbpq,15,1pjntanf,138,activism,WaitForResults,1781013270,14,0,1
tdmddbpq,21,amhitlg7,138,activism,WaitForResults,1781013270,14,0,1
tdmddbpq,28,r3xrntnr,138,activism,WaitForResults,1781013270,14,0,1
tdmddbpq,1,r6cd7e3m,141,questionnaire,Questionnaire,1781013270,1,0,0
tdmddbpq,15,1pjntanf,139,activism,RoundResults,1781013273,14,0,0
tdmddbpq,21,amhitlg7,139,activism,RoundResults,1781013273,14,0,0
tdmddbpq,11,5qny78h8,139,activism,RoundResults,1781013275,14,0,0
tdmddbpq,15,1pjntanf,140,activism,Conclusion,1781013276,14,0,0
tdmddbpq,28,r3xrntnr,139,activism,RoundResults,1781013277,14,0,0
tdmddbpq,1,r6cd7e3m,142,questionnaire,FinalPayoff,1781013278,1,0,0
tdmddbpq,11,5qny78h8,140,activism,Conclusion,1781013279,14,0,0
tdmddbpq,21,amhitlg7,140,activism,Conclusion,1781013280,14,0,0
tdmddbpq,28,r3xrntnr,140,activism,Conclusion,1781013280,14,0,0
tdmddbpq,18,5f0bpqo8,136,activism,EffortTask,1781013287,14,0,0
tdmddbpq,17,ek9i2pnl,136,activism,EffortTask,1781013296,14,0,0
tdmddbpq,18,5f0bpqo8,137,activism,Contribute,1781013297,14,0,0
tdmddbpq,8,zwt9mabo,136,activism,EffortTask,1781013297,14,0,0
tdmddbpq,5,omy7uxz8,136,activism,EffortTask,1781013300,14,0,0
tdmddbpq,17,ek9i2pnl,137,activism,Contribute,1781013301,14,0,0
tdmddbpq,5,omy7uxz8,137,activism,Contribute,1781013303,14,0,0
tdmddbpq,8,zwt9mabo,137,activism,Contribute,1781013307,14,0,0
tdmddbpq,17,ek9i2pnl,138,activism,WaitForResults,1781013307,14,0,1
tdmddbpq,18,5f0bpqo8,138,activism,WaitForResults,1781013307,14,0,1
tdmddbpq,5,omy7uxz8,138,activism,WaitForResults,1781013307,14,0,1
tdmddbpq,8,zwt9mabo,138,activism,WaitForResults,1781013307,14,0,1
tdmddbpq,6,hw7ddtgh,141,questionnaire,Questionnaire,1781013310,1,0,0
tdmddbpq,5,omy7uxz8,139,activism,RoundResults,1781013311,14,0,0
tdmddbpq,5,omy7uxz8,140,activism,Conclusion,1781013315,14,0,0
tdmddbpq,18,5f0bpqo8,139,activism,RoundResults,1781013315,14,0,0
tdmddbpq,17,ek9i2pnl,139,activism,RoundResults,1781013317,14,0,0
tdmddbpq,18,5f0bpqo8,140,activism,Conclusion,1781013321,14,0,0
tdmddbpq,17,ek9i2pnl,140,activism,Conclusion,1781013321,14,0,0
tdmddbpq,8,zwt9mabo,139,activism,RoundResults,1781013323,14,0,0
tdmddbpq,6,hw7ddtgh,142,questionnaire,FinalPayoff,1781013326,1,0,0
tdmddbpq,8,zwt9mabo,140,activism,Conclusion,1781013329,14,0,0
tdmddbpq,13,evnisgib,141,questionnaire,Questionnaire,1781013342,1,0,0
tdmddbpq,13,evnisgib,142,questionnaire,FinalPayoff,1781013350,1,0,0
tdmddbpq,28,r3xrntnr,141,questionnaire,Questionnaire,1781013363,1,0,0
tdmddbpq,28,r3xrntnr,142,questionnaire,FinalPayoff,1781013374,1,0,0
tdmddbpq,19,fevonr07,141,questionnaire,Questionnaire,1781013381,1,0,0
tdmddbpq,11,5qny78h8,141,questionnaire,Questionnaire,1781013384,1,0,0
tdmddbpq,5,omy7uxz8,141,questionnaire,Questionnaire,1781013387,1,0,0
tdmddbpq,21,amhitlg7,141,questionnaire,Questionnaire,1781013388,1,0,0
tdmddbpq,15,1pjntanf,141,questionnaire,Questionnaire,1781013396,1,0,0
tdmddbpq,11,5qny78h8,142,questionnaire,FinalPayoff,1781013396,1,0,0
tdmddbpq,17,ek9i2pnl,141,questionnaire,Questionnaire,1781013397,1,0,0
tdmddbpq,21,amhitlg7,142,questionnaire,FinalPayoff,1781013407,1,0,0
tdmddbpq,19,fevonr07,142,questionnaire,FinalPayoff,1781013410,1,0,0
tdmddbpq,17,ek9i2pnl,142,questionnaire,FinalPayoff,1781013410,1,0,0
tdmddbpq,18,5f0bpqo8,141,questionnaire,Questionnaire,1781013412,1,0,0
tdmddbpq,5,omy7uxz8,142,questionnaire,FinalPayoff,1781013415,1,0,0
tdmddbpq,18,5f0bpqo8,142,questionnaire,FinalPayoff,1781013439,1,0,0
tdmddbpq,15,1pjntanf,142,questionnaire,FinalPayoff,1781013452,1,0,0
tdmddbpq,8,zwt9mabo,141,questionnaire,Questionnaire,1781013461,1,0,0
tdmddbpq,8,zwt9mabo,142,questionnaire,FinalPayoff,1781013481,1,0,0
